# ConcreSense training set generated 2026-10-03T13:35:25.572433  (n=6000, seed=2026)
# data_source=synthetic_physics rows are SIMULATED, not measured.
# Models: Lichtenecker mixture rule; Malmberg-Maryott (1956) eps_w(T);
#         Prandtl flat-punch (2+pi); Hu & de Larrard slump<->tau0;
#         IS 456:2000 thresholds.
# NOT validated against laboratory-tested concrete.
moisture_mv,temperature_c,penetration_force_n,vib_rms_g,vib_dominant_hz,vib_spectral_entropy,vib_damping_ratio,true_wc_ratio,true_slump_mm,true_temp_c,true_yield_stress_pa,label,data_source
2328.1,37.0,0.5427,0.25206,31.501,0.4923,0.08296,0.4429,146.31,37.091,1366.14,MARGINAL,synthetic_physics
2500.6,26.3125,0.8736,0.34768,41.249,0.51851,0.05817,0.4148,65.75,26.429,2082.23,GOOD,synthetic_physics
2385.3,27.5625,1.0634,0.59671,44.0,0.29856,0.05776,0.3699,17.34,27.606,2512.52,MARGINAL,synthetic_physics
2391.8,33.75,0.7252,0.38921,38.304,0.45992,0.06112,0.4373,89.26,33.843,1873.2,GOOD,synthetic_physics
2349.9,34.3125,0.8146,0.4275,42.711,0.42178,0.07429,0.4645,66.31,34.455,2077.23,GOOD,synthetic_physics
2329.7,31.4375,0.844,0.35268,44.0,0.50214,0.0648,0.4162,84.26,31.396,1917.66,GOOD,synthetic_physics
2328.9,33.25,0.7729,0.34905,34.874,0.54856,0.08529,0.4447,92.37,33.177,1845.6,GOOD,synthetic_physics
2283.8,32.0625,0.5929,0.34013,35.578,0.47382,0.09046,0.4639,133.12,32.088,1483.37,MARGINAL,synthetic_physics
2174.2,34.6875,0.4321,0.15483,28.404,0.68651,0.13335,0.6176,191.09,34.865,968.08,REJECT,synthetic_physics
2416.0,27.125,0.6725,0.29674,34.598,0.40862,0.08676,0.464,109.29,27.164,1695.17,GOOD,synthetic_physics
2291.9,30.375,0.8126,0.43157,36.052,0.63507,0.11367,0.6109,56.14,30.27,2167.61,REJECT,synthetic_physics
2322.5,33.0,0.7316,0.41392,31.812,0.42591,0.07999,0.4395,80.51,32.62,1951.05,GOOD,synthetic_physics
2457.1,27.9375,0.4687,0.27361,36.025,0.37476,0.06886,0.372,180.36,27.92,1063.47,REJECT,synthetic_physics
2185.5,38.0,0.8477,0.30267,31.888,0.59866,0.1154,0.6033,94.57,38.312,1826.01,REJECT,synthetic_physics
2402.3,34.0625,0.9257,0.44092,42.85,0.42573,0.055,0.3813,60.74,33.894,2126.78,MARGINAL,synthetic_physics
2495.8,32.375,0.5687,0.35669,38.175,0.49991,0.0695,0.3505,144.17,32.367,1385.13,MARGINAL,synthetic_physics
2257.2,40.6875,0.7126,0.30897,35.019,0.64405,0.08237,0.546,107.91,40.327,1707.47,REJECT,synthetic_physics
2510.3,33.8125,0.6274,0.36756,39.908,0.39725,0.04519,0.3604,109.48,33.755,1693.51,MARGINAL,synthetic_physics
2561.8,21.6875,0.921,0.44935,44.0,0.33577,0.05782,0.3472,64.79,21.412,2090.78,REJECT,synthetic_physics
2444.2,30.1875,1.027,0.50348,42.6,0.33523,0.05572,0.433,24.36,30.441,2450.15,MARGINAL,synthetic_physics
2342.6,29.1875,0.6088,0.15109,26.749,0.71401,0.12512,0.6024,142.28,29.369,1401.92,REJECT,synthetic_physics
2511.9,24.875,0.8557,0.47047,42.655,0.40784,0.04406,0.303,62.47,24.85,2111.41,REJECT,synthetic_physics
2227.4,27.625,0.2848,0.18275,24.546,0.70111,0.1057,0.6048,213.5,27.634,768.9,REJECT,synthetic_physics
2380.5,19.8125,1.0358,0.39461,43.769,0.38173,0.07956,0.4616,34.59,19.935,2359.16,MARGINAL,synthetic_physics
2528.8,31.25,0.9888,0.52187,44.0,0.4477,0.05469,0.3863,18.91,31.349,2498.62,MARGINAL,synthetic_physics
2439.3,26.8125,0.7582,0.36446,37.693,0.37749,0.06393,0.3509,98.45,27.311,1791.53,MARGINAL,synthetic_physics
2385.3,28.625,0.9156,0.50576,38.578,0.40009,0.06602,0.4335,41.89,28.547,2294.32,MARGINAL,synthetic_physics
2469.2,27.3125,0.5299,0.26335,32.962,0.49543,0.04971,0.3151,155.92,27.308,1280.74,REJECT,synthetic_physics
2262.1,37.1875,0.5075,0.19978,29.965,0.63574,0.10361,0.5424,187.12,37.148,1003.37,REJECT,synthetic_physics
2411.1,34.4375,0.7058,0.30301,37.693,0.591,0.08995,0.4829,116.22,34.733,1633.62,GOOD,synthetic_physics
2346.7,25.5,0.8912,0.53084,44.0,0.40008,0.0579,0.4105,23.77,25.606,2455.36,MARGINAL,synthetic_physics
2341.8,28.875,0.7924,0.33933,33.541,0.46627,0.09104,0.4977,93.16,28.911,1838.6,GOOD,synthetic_physics
2246.7,28.8125,0.9501,0.41015,36.82,0.6414,0.12256,0.6309,57.9,28.729,2151.97,REJECT,synthetic_physics
2322.5,34.8125,0.9849,0.51436,44.0,0.49135,0.05991,0.4638,14.91,34.782,2534.1,MARGINAL,synthetic_physics
2396.6,34.0625,0.918,0.36738,40.284,0.53612,0.06156,0.4419,53.13,33.871,2194.38,GOOD,synthetic_physics
2341.8,23.5625,0.9879,0.46357,40.431,0.42472,0.08465,0.5054,25.06,23.56,2443.9,MARGINAL,synthetic_physics
2482.9,29.625,0.7972,0.44993,43.13,0.51129,0.06159,0.3893,70.61,29.717,2039.0,MARGINAL,synthetic_physics
2428.1,40.25,0.4248,0.24963,33.441,0.46375,0.08554,0.3835,181.71,40.363,1051.5,REJECT,synthetic_physics
2233.8,37.5625,0.8554,0.3598,34.54,0.59073,0.11542,0.5929,73.13,37.727,2016.59,REJECT,synthetic_physics
2238.7,30.125,0.6054,0.12863,29.35,0.82326,0.1487,0.6498,144.64,30.522,1380.95,REJECT,synthetic_physics
2314.4,26.9375,0.7654,0.29188,36.651,0.57539,0.10402,0.5368,96.67,27.364,1807.38,MARGINAL,synthetic_physics
2540.1,32.125,0.8324,0.46884,43.39,0.35929,0.02954,0.338,52.38,32.059,2201.06,REJECT,synthetic_physics
2277.4,30.5625,0.6938,0.2147,27.583,0.7446,0.13815,0.6179,124.67,30.306,1558.45,REJECT,synthetic_physics
2389.4,24.75,0.7693,0.33793,39.535,0.54508,0.0633,0.4327,85.3,25.069,1908.45,GOOD,synthetic_physics
2298.3,23.125,0.6958,0.27388,30.968,0.61663,0.11738,0.5447,110.51,23.0,1684.37,MARGINAL,synthetic_physics
2503.8,19.0625,0.852,0.42907,40.916,0.39634,0.04296,0.3409,77.54,19.327,1977.44,REJECT,synthetic_physics
2317.7,32.0,0.9354,0.44475,44.0,0.60191,0.13036,0.6188,34.47,32.124,2360.27,REJECT,synthetic_physics
2374.1,31.375,0.6081,0.32345,37.988,0.49422,0.09478,0.4284,121.7,31.581,1584.92,GOOD,synthetic_physics
2357.9,34.25,0.8228,0.40527,38.817,0.53618,0.08212,0.4904,66.73,34.432,2073.55,GOOD,synthetic_physics
2392.6,24.625,0.8474,0.34176,40.054,0.4811,0.10115,0.5065,89.14,24.614,1874.34,MARGINAL,synthetic_physics
2487.7,30.3125,1.015,0.58558,44.0,0.33136,0.02296,0.3586,15.61,30.395,2527.94,MARGINAL,synthetic_physics
2383.7,27.0625,1.0109,0.36892,42.886,0.52642,0.10648,0.5178,22.92,27.077,2462.93,MARGINAL,synthetic_physics
2466.7,33.1875,0.9642,0.6012,44.0,0.38381,0.05144,0.3797,18.22,32.976,2504.73,MARGINAL,synthetic_physics
2466.7,29.375,0.9724,0.53823,44.0,0.28199,0.03323,0.3665,18.64,29.405,2500.97,MARGINAL,synthetic_physics
2338.6,37.5,0.7811,0.40496,41.358,0.51623,0.07052,0.4009,93.65,37.49,1834.19,MARGINAL,synthetic_physics
2341.0,18.9375,0.7264,0.35019,36.078,0.41967,0.06004,0.439,91.13,19.223,1856.59,GOOD,synthetic_physics
2282.2,25.625,0.6328,0.28303,29.212,0.67199,0.10193,0.5321,114.4,25.631,1649.81,MARGINAL,synthetic_physics
2436.1,35.5625,0.8768,0.40635,40.304,0.33046,0.05103,0.3747,52.77,35.58,2197.56,MARGINAL,synthetic_physics
2479.6,24.8125,0.7627,0.33396,36.803,0.3589,0.04149,0.3387,114.66,24.704,1647.5,REJECT,synthetic_physics
2401.5,30.5,0.803,0.40454,40.553,0.59553,0.0534,0.4504,94.29,30.426,1828.53,GOOD,synthetic_physics
2395.0,35.9375,0.5222,0.26448,33.232,0.487,0.08082,0.4241,139.58,35.848,1425.94,MARGINAL,synthetic_physics
2329.7,28.0625,0.4343,0.16831,25.631,0.68974,0.14386,0.6254,173.08,27.764,1128.17,REJECT,synthetic_physics
2353.1,25.0625,0.7606,0.38684,38.601,0.48497,0.05928,0.4418,70.38,24.804,2041.06,GOOD,synthetic_physics
2451.4,29.375,0.6468,0.28121,35.398,0.4607,0.06043,0.3728,140.01,29.676,1422.12,MARGINAL,synthetic_physics
2481.2,30.1875,0.6266,0.42494,35.828,0.42512,0.06319,0.305,100.16,30.269,1776.31,REJECT,synthetic_physics
2286.2,36.9375,0.9572,0.51033,42.356,0.54359,0.06937,0.5151,27.05,36.753,2426.26,MARGINAL,synthetic_physics
2345.9,28.75,0.8113,0.35967,37.998,0.41703,0.09588,0.4745,87.89,28.703,1885.43,GOOD,synthetic_physics
2341.8,35.0,0.8097,0.37191,37.058,0.38746,0.06312,0.4066,62.67,34.698,2109.64,GOOD,synthetic_physics
2287.8,33.9375,0.6757,0.21263,33.021,0.55789,0.09519,0.5105,117.87,33.924,1618.94,MARGINAL,synthetic_physics
2491.7,29.3125,0.7289,0.32159,40.379,0.37235,0.04806,0.3296,106.75,29.275,1717.78,REJECT,synthetic_physics
2387.8,22.3125,1.0082,0.47861,41.736,0.35953,0.03715,0.4277,27.6,22.379,2421.35,MARGINAL,synthetic_physics
2258.8,26.3125,0.4328,0.18966,25.769,0.6434,0.11257,0.5763,193.67,26.297,945.19,REJECT,synthetic_physics
2326.5,20.875,0.6495,0.30657,37.095,0.5545,0.08194,0.4521,117.13,21.054,1625.54,GOOD,synthetic_physics
2231.4,35.375,0.9296,0.3487,35.568,0.64502,0.1112,0.6291,84.21,35.581,1918.15,REJECT,synthetic_physics
2171.0,34.75,0.3223,0.1627,35.369,0.70726,0.12001,0.5972,215.49,34.732,751.22,REJECT,synthetic_physics
2399.0,26.9375,0.7844,0.34388,39.36,0.40228,0.06152,0.4365,101.08,26.577,1768.22,GOOD,synthetic_physics
2353.1,34.125,0.7767,0.32758,32.15,0.59686,0.07455,0.5075,91.96,33.959,1849.29,MARGINAL,synthetic_physics
2539.3,26.1875,0.5952,0.35017,31.419,0.48825,0.06092,0.3801,143.15,25.954,1394.25,MARGINAL,synthetic_physics
2377.3,29.375,0.6924,0.37889,38.62,0.45808,0.06756,0.4309,91.35,29.021,1854.63,GOOD,synthetic_physics
2438.5,31.375,0.9223,0.4796,38.274,0.43557,0.08065,0.4594,54.16,31.414,2185.22,GOOD,synthetic_physics
2374.9,30.1875,0.7303,0.31559,33.781,0.47544,0.07733,0.431,88.55,30.536,1879.52,GOOD,synthetic_physics
2318.5,31.8125,0.8185,0.39162,30.487,0.52882,0.10255,0.5131,90.14,31.721,1865.42,MARGINAL,synthetic_physics
2502.2,20.75,0.7296,0.39876,38.802,0.42122,0.06238,0.3536,96.99,20.613,1804.49,MARGINAL,synthetic_physics
2302.3,25.875,0.4477,0.19739,32.687,0.77251,0.13247,0.6152,170.03,25.429,1155.27,REJECT,synthetic_physics
2399.9,30.75,0.7547,0.4114,41.717,0.42496,0.07566,0.4385,84.45,30.868,1916.0,GOOD,synthetic_physics
2346.7,29.125,0.6937,0.27151,29.912,0.40972,0.08001,0.455,118.96,29.272,1609.23,GOOD,synthetic_physics
2436.1,39.25,0.9427,0.43989,39.174,0.36984,0.06458,0.3235,62.65,39.515,2109.81,REJECT,synthetic_physics
2395.0,30.4375,0.8788,0.39602,42.886,0.42858,0.06001,0.4642,42.65,30.664,2287.52,MARGINAL,synthetic_physics
2411.9,26.8125,0.8295,0.42161,32.046,0.58881,0.07993,0.5082,72.31,26.983,2023.91,MARGINAL,synthetic_physics
2318.5,33.0625,0.6714,0.31645,39.207,0.47622,0.09616,0.4909,106.26,33.168,1722.15,GOOD,synthetic_physics
2418.4,20.9375,0.5161,0.25447,29.794,0.57992,0.08608,0.4775,156.36,20.55,1276.76,REJECT,synthetic_physics
2359.6,27.75,0.5794,0.2886,34.098,0.58622,0.08347,0.473,123.11,27.592,1572.32,GOOD,synthetic_physics
2406.3,19.625,0.8892,0.41413,39.393,0.56628,0.08074,0.5095,66.02,19.336,2079.84,MARGINAL,synthetic_physics
2453.8,37.625,0.5694,0.26677,36.691,0.38243,0.04175,0.3623,150.48,37.819,1329.07,REJECT,synthetic_physics
2380.5,34.125,0.5676,0.21021,32.55,0.43148,0.06567,0.4484,145.84,34.012,1370.33,MARGINAL,synthetic_physics
2428.9,29.3125,0.5533,0.30821,31.71,0.44191,0.07132,0.3959,147.34,29.284,1356.98,MARGINAL,synthetic_physics
2383.7,27.5,0.8086,0.3918,35.117,0.5297,0.07245,0.4981,81.87,27.58,1938.93,GOOD,synthetic_physics
2252.4,26.4375,0.7673,0.34875,35.192,0.52367,0.06118,0.4811,105.94,26.682,1725.01,GOOD,synthetic_physics
2407.9,29.125,0.7484,0.35174,38.535,0.59399,0.1168,0.5184,83.98,29.209,1920.14,MARGINAL,synthetic_physics
2274.1,28.5,0.7564,0.23216,33.007,0.7323,0.10785,0.628,86.5,28.742,1897.79,REJECT,synthetic_physics
2465.9,29.375,0.604,0.31226,37.975,0.4272,0.04757,0.3701,119.85,29.663,1601.33,MARGINAL,synthetic_physics
2407.9,25.125,0.3004,0.29798,33.213,0.60209,0.07926,0.4434,216.76,25.109,739.94,REJECT,synthetic_physics
2402.3,32.0,0.7885,0.3869,36.708,0.48095,0.08145,0.4705,84.82,32.243,1912.72,GOOD,synthetic_physics
2295.1,38.8125,1.0021,0.4287,41.558,0.49962,0.10449,0.5484,49.74,39.007,2224.54,MARGINAL,synthetic_physics
2406.3,31.75,0.9033,0.43198,37.893,0.49019,0.06735,0.4636,61.56,31.671,2119.51,GOOD,synthetic_physics
2393.4,30.6875,0.7742,0.35833,42.084,0.41747,0.04989,0.4064,79.2,30.699,1962.66,GOOD,synthetic_physics
2387.0,21.0,0.711,0.36754,34.941,0.45605,0.06657,0.4497,105.78,20.847,1726.37,GOOD,synthetic_physics
2325.7,34.375,0.876,0.37242,42.192,0.49823,0.09496,0.5635,46.56,34.33,2252.81,REJECT,synthetic_physics
2371.6,27.625,0.6068,0.30875,37.046,0.54902,0.08824,0.4693,119.25,27.146,1606.63,GOOD,synthetic_physics
2515.9,33.6875,0.7525,0.37508,40.099,0.41717,0.04944,0.4095,74.43,33.726,2005.1,GOOD,synthetic_physics
2343.4,36.5625,0.9049,0.47157,42.973,0.37508,0.05676,0.3897,54.61,36.511,2181.2,MARGINAL,synthetic_physics
2387.0,32.8125,0.9298,0.36962,43.737,0.52039,0.08948,0.482,53.12,32.916,2194.45,GOOD,synthetic_physics
2204.0,33.0,0.8,0.39475,37.207,0.44078,0.08372,0.5495,67.06,32.965,2070.58,MARGINAL,synthetic_physics
2285.4,32.1875,0.7299,0.30107,38.26,0.5024,0.08143,0.4844,102.27,32.354,1757.58,GOOD,synthetic_physics
2276.6,32.3125,0.3386,0.14153,24.688,0.75103,0.11281,0.6171,208.75,32.414,811.07,REJECT,synthetic_physics
2473.2,31.0625,0.9567,0.55109,44.0,0.46192,0.05728,0.3869,32.36,31.151,2379.05,MARGINAL,synthetic_physics
2423.2,31.0,0.7086,0.37546,39.604,0.45989,0.063,0.4505,79.53,31.297,1959.69,GOOD,synthetic_physics
2424.8,36.3125,0.7211,0.37982,35.347,0.28293,0.06238,0.3186,120.62,36.672,1594.47,REJECT,synthetic_physics
2420.8,30.25,0.9146,0.41604,44.0,0.51517,0.06029,0.4155,51.16,30.115,2211.94,GOOD,synthetic_physics
2443.4,30.8125,0.7324,0.41578,37.055,0.45767,0.06914,0.409,90.27,30.548,1864.27,GOOD,synthetic_physics
2187.9,25.375,0.5787,0.16733,27.734,0.71224,0.13306,0.6467,144.05,25.236,1386.22,REJECT,synthetic_physics
2436.9,27.5,0.7168,0.36712,37.31,0.48421,0.10086,0.4284,95.53,26.854,1817.49,GOOD,synthetic_physics
2520.7,41.0,0.8974,0.45219,43.51,0.43103,0.04422,0.3986,41.96,40.566,2293.66,REJECT,synthetic_physics
2426.4,39.0625,1.0584,0.46691,42.3,0.38031,0.08665,0.4387,21.01,38.911,2479.93,MARGINAL,synthetic_physics
2225.8,34.9375,0.4641,0.12709,27.288,0.69347,0.12081,0.5915,172.29,34.884,1135.2,REJECT,synthetic_physics
2489.3,36.0,0.7968,0.38953,44.0,0.35855,0.05501,0.3311,72.94,35.887,2018.33,REJECT,synthetic_physics
2276.6,35.1875,0.6101,0.23425,36.135,0.56687,0.10126,0.5852,131.89,34.86,1494.35,REJECT,synthetic_physics
2411.9,27.8125,0.7578,0.26694,34.881,0.51853,0.07905,0.4882,108.35,27.959,1703.53,GOOD,synthetic_physics
2216.9,40.1875,0.6426,0.23032,28.871,0.69765,0.11934,0.6134,137.55,40.364,1443.97,REJECT,synthetic_physics
2478.0,32.25,0.7192,0.38528,33.694,0.38923,0.05689,0.4175,96.31,32.444,1810.61,GOOD,synthetic_physics
2470.0,26.875,0.5662,0.2928,34.791,0.53565,0.03799,0.3571,156.85,26.693,1272.45,REJECT,synthetic_physics
2288.6,32.875,0.7866,0.29025,33.295,0.64056,0.12841,0.5965,100.23,32.85,1775.76,REJECT,synthetic_physics
2445.8,29.1875,0.4352,0.26885,31.915,0.5179,0.08203,0.4495,161.42,28.979,1231.84,REJECT,synthetic_physics
2390.2,25.0625,0.8079,0.34856,38.193,0.44487,0.06935,0.384,103.69,25.094,1744.94,MARGINAL,synthetic_physics
2482.1,23.1875,1.1894,0.57399,44.0,0.34725,0.0327,0.3547,31.44,23.165,2387.23,MARGINAL,synthetic_physics
2407.1,36.375,1.0435,0.42573,39.505,0.57132,0.07505,0.4606,40.55,36.346,2306.25,MARGINAL,synthetic_physics
2370.0,34.4375,0.5039,0.23845,34.582,0.52676,0.08925,0.5135,163.13,34.087,1216.6,REJECT,synthetic_physics
2458.7,12.9375,0.9058,0.40576,36.228,0.41073,0.05409,0.4532,65.7,12.684,2082.67,GOOD,synthetic_physics
2310.4,36.5625,0.7979,0.3558,34.193,0.61145,0.10388,0.5913,71.34,36.872,2032.56,REJECT,synthetic_physics
2407.1,36.875,0.8924,0.41842,40.113,0.5441,0.03722,0.4352,66.77,36.467,2073.13,MARGINAL,synthetic_physics
2430.5,16.4375,0.7052,0.31369,37.242,0.53007,0.09229,0.4668,109.43,16.299,1693.98,GOOD,synthetic_physics
2407.1,28.5,1.0349,0.52103,44.0,0.45588,0.05928,0.43,10.04,28.839,2577.41,MARGINAL,synthetic_physics
2544.9,25.125,0.3441,0.21621,32.774,0.47004,0.04581,0.3207,201.35,25.4,876.91,REJECT,synthetic_physics
2179.0,34.4375,0.7153,0.29989,34.109,0.59323,0.14578,0.621,91.66,34.264,1851.9,REJECT,synthetic_physics
2349.1,22.0,0.9339,0.42381,38.611,0.52855,0.08548,0.5421,43.03,22.19,2284.2,MARGINAL,synthetic_physics
2396.6,24.625,0.7976,0.35867,41.228,0.45704,0.08386,0.4786,79.02,24.534,1964.26,GOOD,synthetic_physics
2476.4,11.75,0.7956,0.34891,36.315,0.55454,0.06087,0.4392,86.48,12.0,1897.99,GOOD,synthetic_physics
2346.7,26.25,0.9555,0.41392,42.808,0.49524,0.08046,0.4809,42.96,26.192,2284.8,MARGINAL,synthetic_physics
2462.7,38.375,0.9854,0.44907,42.543,0.3821,0.04983,0.3786,51.22,38.173,2211.42,MARGINAL,synthetic_physics
2344.2,35.5625,0.5833,0.2473,29.565,0.55212,0.11911,0.5406,131.75,35.2,1495.59,MARGINAL,synthetic_physics
2272.5,34.0625,0.9221,0.40493,44.0,0.62073,0.12625,0.6328,19.89,34.155,2489.87,REJECT,synthetic_physics
2418.4,28.875,0.7135,0.31311,38.787,0.52819,0.1085,0.4595,99.55,28.849,1781.79,GOOD,synthetic_physics
2324.1,32.625,0.7765,0.2915,38.485,0.58911,0.08454,0.5232,77.63,32.538,1976.6,MARGINAL,synthetic_physics
2364.4,33.5625,0.802,0.34338,34.794,0.49289,0.07875,0.4733,94.65,33.846,1825.35,GOOD,synthetic_physics
2456.3,36.4375,1.0273,0.55516,41.968,0.30559,0.02202,0.3207,30.18,36.524,2398.41,REJECT,synthetic_physics
2454.7,27.5,1.1507,0.51454,44.0,0.28779,0.04462,0.3476,16.6,27.326,2519.15,REJECT,synthetic_physics
2420.8,25.3125,1.0204,0.48522,38.433,0.41125,0.05691,0.4627,46.8,25.277,2250.64,MARGINAL,synthetic_physics
2259.6,33.3125,1.0058,0.49668,37.199,0.47327,0.08596,0.5184,23.6,33.345,2456.89,MARGINAL,synthetic_physics
2417.6,29.5,0.8306,0.44397,39.337,0.42469,0.06037,0.4152,50.79,29.348,2215.24,GOOD,synthetic_physics
2474.8,36.0625,0.8901,0.40571,37.537,0.44963,0.06453,0.4351,41.08,35.617,2301.5,MARGINAL,synthetic_physics
2382.9,30.3125,0.7745,0.34664,40.507,0.51507,0.08508,0.4426,89.07,30.216,1874.89,GOOD,synthetic_physics
2283.8,18.0,0.3666,0.27168,26.382,0.81261,0.12651,0.5977,180.89,18.191,1058.77,REJECT,synthetic_physics
2465.9,33.3125,0.7026,0.35606,38.747,0.58406,0.05946,0.4057,102.1,33.417,1759.13,GOOD,synthetic_physics
2519.1,30.6875,0.408,0.26148,33.778,0.48165,0.06079,0.3303,200.78,30.77,881.96,REJECT,synthetic_physics
2381.3,17.5,0.7193,0.3306,35.497,0.52872,0.10483,0.4711,89.38,17.533,1872.14,GOOD,synthetic_physics
2304.0,25.9375,0.3549,0.1995,28.236,0.66277,0.09983,0.5248,189.53,25.881,981.98,REJECT,synthetic_physics
2379.7,20.75,0.5847,0.21854,34.921,0.47959,0.10297,0.487,126.59,20.983,1541.4,MARGINAL,synthetic_physics
2416.0,24.0625,0.7611,0.43383,41.038,0.43162,0.06658,0.4303,63.61,24.053,2101.22,GOOD,synthetic_physics
2427.3,34.9375,0.8148,0.35739,40.626,0.47965,0.0698,0.4505,59.97,35.409,2133.57,MARGINAL,synthetic_physics
2437.7,32.5,0.5044,0.21042,29.394,0.59361,0.08563,0.4758,153.97,32.442,1298.05,REJECT,synthetic_physics
2387.8,30.0625,0.9608,0.41426,43.561,0.48552,0.08551,0.5023,23.67,29.928,2456.3,MARGINAL,synthetic_physics
2441.8,33.1875,0.8318,0.33017,40.324,0.39143,0.06667,0.4161,86.55,32.854,1897.37,GOOD,synthetic_physics
2383.7,25.0625,0.4538,0.1982,29.18,0.59627,0.08924,0.4885,162.44,25.048,1222.74,REJECT,synthetic_physics
2340.2,24.375,0.6788,0.29233,29.565,0.58735,0.111,0.5167,125.0,24.745,1555.54,MARGINAL,synthetic_physics
2399.0,25.875,0.7392,0.38766,41.148,0.49457,0.07979,0.4412,84.12,25.799,1918.93,GOOD,synthetic_physics
2333.8,31.5,0.6485,0.33907,35.665,0.59261,0.08846,0.4584,121.39,31.779,1587.62,GOOD,synthetic_physics
2456.3,32.5625,1.002,0.52057,41.742,0.32737,0.0369,0.3986,36.46,32.255,2342.56,MARGINAL,synthetic_physics
2429.7,28.8125,0.8388,0.35943,36.648,0.52361,0.06075,0.4714,63.45,28.782,2102.69,GOOD,synthetic_physics
2282.2,31.375,0.2773,0.19519,25.875,0.67326,0.11794,0.5703,212.28,30.982,779.69,REJECT,synthetic_physics
2572.3,17.875,0.7239,0.29936,36.071,0.40461,0.06327,0.3205,122.01,17.668,1582.11,REJECT,synthetic_physics
2465.9,29.6875,0.7407,0.36437,40.515,0.37152,0.03432,0.3499,99.2,29.851,1784.93,REJECT,synthetic_physics
2295.9,28.3125,0.6638,0.13083,27.01,0.66309,0.11333,0.6141,127.47,28.405,1533.59,REJECT,synthetic_physics
2548.1,25.9375,0.4674,0.29582,34.308,0.4436,0.05419,0.3495,183.94,26.071,1031.67,REJECT,synthetic_physics
2269.3,31.5625,0.7333,0.29703,28.913,0.59001,0.0961,0.5494,94.88,31.71,1823.31,MARGINAL,synthetic_physics
2386.2,34.6875,0.7192,0.38976,36.579,0.57323,0.06836,0.4771,99.29,34.399,1784.09,GOOD,synthetic_physics
2521.5,36.8125,0.7914,0.39835,40.53,0.34345,0.01309,0.309,100.37,36.976,1774.48,REJECT,synthetic_physics
2420.0,28.4375,0.7615,0.36985,36.619,0.49281,0.05955,0.4221,89.67,28.38,1869.58,GOOD,synthetic_physics
2431.3,33.5625,0.4234,0.23275,31.908,0.55583,0.08383,0.4648,198.0,33.753,906.68,REJECT,synthetic_physics
2452.2,23.6875,0.594,0.31011,35.354,0.53065,0.05442,0.4229,118.9,23.443,1609.78,GOOD,synthetic_physics
2237.9,30.125,0.4249,0.21887,28.91,0.70275,0.11417,0.6015,190.07,29.876,977.19,REJECT,synthetic_physics
2441.0,17.0625,0.8591,0.4058,39.452,0.50053,0.05624,0.4825,64.79,16.842,2090.72,GOOD,synthetic_physics
2478.0,18.25,0.7674,0.3392,39.118,0.37052,0.06923,0.3537,84.25,18.217,1917.74,MARGINAL,synthetic_physics
2422.4,30.0625,0.6121,0.2115,36.143,0.49172,0.05517,0.4119,146.18,29.601,1367.27,MARGINAL,synthetic_physics
2407.1,18.8125,0.9697,0.48748,44.0,0.48257,0.05752,0.4519,22.08,19.047,2470.41,MARGINAL,synthetic_physics
2475.6,20.5,0.7604,0.33827,41.455,0.44018,0.0807,0.4023,99.66,20.869,1780.78,GOOD,synthetic_physics
2283.0,30.1875,0.5251,0.18481,23.937,0.69896,0.13014,0.584,191.52,29.915,964.22,REJECT,synthetic_physics
2420.0,28.5,0.7589,0.3857,39.814,0.33394,0.06205,0.4045,98.44,28.523,1791.67,GOOD,synthetic_physics
2365.2,32.9375,0.8966,0.39061,41.59,0.53593,0.09761,0.514,66.68,32.776,2073.98,MARGINAL,synthetic_physics
2434.5,25.6875,0.8782,0.45906,40.275,0.40837,0.08482,0.4332,68.56,25.632,2057.28,GOOD,synthetic_physics
2233.0,34.75,0.6802,0.25349,33.117,0.67342,0.11145,0.6152,100.26,34.387,1775.48,REJECT,synthetic_physics
2340.2,29.9375,0.8489,0.41825,33.931,0.48131,0.08248,0.4731,70.57,29.922,2039.37,GOOD,synthetic_physics
2318.5,40.875,0.3651,0.20014,26.861,0.59576,0.1084,0.5264,208.83,40.984,810.42,REJECT,synthetic_physics
2375.7,27.5625,1.0784,0.42631,44.0,0.45489,0.07319,0.5395,10.19,27.45,2576.12,MARGINAL,synthetic_physics
2536.8,33.375,0.8627,0.48732,44.0,0.29488,0.04539,0.3314,48.02,32.923,2239.83,REJECT,synthetic_physics
2436.1,29.3125,0.3845,0.28598,34.449,0.4213,0.04661,0.316,197.59,29.373,910.35,REJECT,synthetic_physics
2384.5,30.375,0.5873,0.26795,40.655,0.35842,0.06083,0.3711,125.89,30.487,1547.62,MARGINAL,synthetic_physics
2240.3,36.0,0.3897,0.18903,29.078,0.68514,0.11031,0.6104,184.84,35.748,1023.67,REJECT,synthetic_physics
2182.3,24.8125,0.8099,0.36153,31.953,0.61825,0.12503,0.6306,79.44,25.005,1960.52,REJECT,synthetic_physics
2361.2,28.875,0.8547,0.37265,37.236,0.61901,0.08735,0.5161,71.38,28.883,2032.18,MARGINAL,synthetic_physics
2295.1,21.3125,0.639,0.31296,32.602,0.51146,0.10142,0.5354,112.89,21.494,1663.17,MARGINAL,synthetic_physics
2278.2,33.75,0.501,0.15606,24.333,0.69179,0.14502,0.6474,184.17,33.896,1029.59,REJECT,synthetic_physics
2422.4,24.5625,0.9473,0.48085,43.376,0.47322,0.0938,0.4833,48.54,24.199,2235.19,MARGINAL,synthetic_physics
2500.6,23.0,0.8604,0.40672,41.753,0.36747,0.0557,0.3751,60.99,22.805,2124.53,MARGINAL,synthetic_physics
2360.4,20.9375,1.0774,0.48636,43.791,0.50837,0.09589,0.5361,10.36,21.48,2574.61,MARGINAL,synthetic_physics
2305.6,34.1875,0.7752,0.36215,35.047,0.60864,0.09032,0.4809,93.23,34.15,1837.96,GOOD,synthetic_physics
2396.6,32.0,0.8704,0.45557,35.665,0.31581,0.05759,0.4236,70.52,31.895,2039.82,GOOD,synthetic_physics
2490.9,27.75,0.5817,0.27786,35.078,0.36286,0.06558,0.341,141.62,27.686,1407.85,REJECT,synthetic_physics
2476.4,22.875,0.7104,0.30577,36.668,0.32506,0.06183,0.32,135.79,22.925,1459.66,REJECT,synthetic_physics
2397.4,30.0,0.6578,0.29388,36.833,0.4063,0.08063,0.4107,98.02,29.905,1795.37,GOOD,synthetic_physics
2558.6,28.25,0.7154,0.38961,42.436,0.47229,0.03811,0.3005,71.03,28.43,2035.31,REJECT,synthetic_physics
2376.5,22.4375,0.499,0.20345,34.813,0.64205,0.1174,0.5301,166.65,22.599,1185.35,REJECT,synthetic_physics
2407.9,33.0,0.8232,0.43824,40.507,0.57572,0.0812,0.492,73.02,32.868,2017.57,GOOD,synthetic_physics
2368.4,33.625,0.6167,0.22611,27.431,0.52285,0.05901,0.4297,133.32,33.53,1481.57,MARGINAL,synthetic_physics
2263.7,24.5,0.3817,0.17229,29.715,0.64487,0.1234,0.5594,189.78,24.898,979.69,REJECT,synthetic_physics
2357.9,34.75,0.5285,0.21704,29.744,0.58086,0.10719,0.5334,143.81,34.622,1388.39,MARGINAL,synthetic_physics
2204.8,30.75,0.7233,0.28126,33.815,0.69458,0.13317,0.6227,99.23,30.702,1784.6,REJECT,synthetic_physics
2475.6,32.8125,0.6864,0.24576,38.623,0.48836,0.06531,0.4608,106.75,32.908,1717.76,GOOD,synthetic_physics
2387.8,28.375,1.0077,0.50796,44.0,0.49068,0.0721,0.4146,30.45,28.108,2396.04,MARGINAL,synthetic_physics
2231.4,38.0625,0.8442,0.3958,36.513,0.66752,0.13318,0.6358,63.79,37.874,2099.63,REJECT,synthetic_physics
2480.4,36.4375,0.2834,0.28292,34.69,0.43134,0.03813,0.3343,215.93,36.422,747.32,REJECT,synthetic_physics
2484.5,26.375,0.8512,0.45557,40.102,0.44157,0.05651,0.3661,72.5,26.066,2022.21,MARGINAL,synthetic_physics
2323.3,32.125,0.9807,0.50348,41.072,0.42277,0.0791,0.4656,18.79,32.232,2499.67,MARGINAL,synthetic_physics
2189.5,28.125,0.6689,0.21457,33.489,0.66146,0.13183,0.6417,123.45,28.356,1569.32,REJECT,synthetic_physics
2203.2,34.375,0.6502,0.23024,36.709,0.53919,0.12928,0.5648,115.51,34.281,1639.88,REJECT,synthetic_physics
2377.3,19.5625,0.4471,0.16832,29.471,0.63275,0.11961,0.5826,170.32,19.641,1152.68,REJECT,synthetic_physics
2373.3,19.8125,1.0033,0.44321,41.932,0.42855,0.09073,0.5046,35.19,19.992,2353.87,MARGINAL,synthetic_physics
2492.5,18.4375,0.7464,0.38632,39.883,0.4351,0.08124,0.3983,98.1,18.767,1794.67,MARGINAL,synthetic_physics
2416.8,37.4375,1.0941,0.47373,44.0,0.457,0.04498,0.371,30.47,37.925,2395.81,MARGINAL,synthetic_physics
2436.1,38.25,0.5861,0.295,35.676,0.47095,0.0531,0.3167,139.2,37.986,1429.29,REJECT,synthetic_physics
2429.7,33.25,0.816,0.37173,35.689,0.44276,0.08723,0.4376,92.92,33.28,1840.69,GOOD,synthetic_physics
2407.9,24.125,0.5322,0.21719,29.143,0.50533,0.06709,0.4386,155.63,24.277,1283.3,REJECT,synthetic_physics
2459.5,27.25,0.5991,0.31733,37.494,0.38059,0.0825,0.4009,119.78,27.003,1601.99,GOOD,synthetic_physics
2396.6,23.875,0.9452,0.44037,44.0,0.54688,0.0928,0.5,37.83,23.515,2330.42,MARGINAL,synthetic_physics
2389.4,25.1875,0.9598,0.44107,41.121,0.45738,0.04987,0.398,57.94,25.364,2151.64,MARGINAL,synthetic_physics
2343.4,31.1875,0.7937,0.3794,37.144,0.44208,0.09111,0.5001,39.85,31.187,2312.49,MARGINAL,synthetic_physics
2379.7,31.5625,0.7836,0.32382,36.765,0.5184,0.05835,0.4563,91.68,31.9,1851.77,GOOD,synthetic_physics
2507.8,25.875,0.6613,0.35877,41.201,0.46494,0.07517,0.4009,99.43,25.969,1782.84,GOOD,synthetic_physics
2436.9,27.125,0.98,0.48763,42.735,0.40764,0.07266,0.4439,19.79,26.945,2490.79,MARGINAL,synthetic_physics
2254.8,27.8125,0.4437,0.26237,27.344,0.5582,0.10594,0.5324,196.49,27.628,920.12,REJECT,synthetic_physics
2468.4,28.4375,0.8808,0.41979,38.654,0.44617,0.07097,0.4098,77.13,28.56,1981.03,GOOD,synthetic_physics
2353.1,28.875,0.7552,0.33644,40.991,0.4183,0.07352,0.4496,91.92,28.609,1849.61,GOOD,synthetic_physics
2468.4,25.5625,0.6795,0.36141,36.775,0.5042,0.06849,0.4632,96.42,25.781,1809.6,GOOD,synthetic_physics
2179.9,33.1875,0.4187,0.19951,23.311,0.65018,0.12847,0.6113,172.52,33.33,1133.19,REJECT,synthetic_physics
2489.3,29.5625,0.605,0.17303,28.825,0.50706,0.07097,0.43,148.59,29.271,1345.88,MARGINAL,synthetic_physics
2370.0,34.125,0.7998,0.38551,34.417,0.56702,0.11129,0.5023,84.68,34.148,1913.94,MARGINAL,synthetic_physics
2327.3,29.1875,0.5321,0.2072,29.724,0.60314,0.09276,0.5302,148.36,28.682,1347.93,MARGINAL,synthetic_physics
2374.9,32.8125,0.7011,0.39264,35.712,0.36641,0.08254,0.4478,108.36,33.161,1703.46,GOOD,synthetic_physics
2313.6,36.1875,0.9696,0.4529,38.205,0.59239,0.10236,0.5471,27.83,36.158,2419.29,MARGINAL,synthetic_physics
2343.4,32.0,1.0572,0.52531,44.0,0.46611,0.0741,0.4587,18.69,31.865,2500.57,MARGINAL,synthetic_physics
2275.8,23.75,1.0141,0.47688,40.941,0.53094,0.06998,0.5372,13.01,23.664,2551.02,MARGINAL,synthetic_physics
2349.9,25.8125,0.5142,0.20873,26.477,0.53893,0.08473,0.4988,157.85,25.824,1263.52,REJECT,synthetic_physics
2390.2,36.75,0.6744,0.22808,35.314,0.58956,0.09404,0.5205,118.55,37.045,1612.92,MARGINAL,synthetic_physics
2265.3,38.75,0.9502,0.47164,39.446,0.55121,0.10867,0.5763,24.5,38.52,2448.9,REJECT,synthetic_physics
2213.7,22.9375,0.7441,0.28014,38.237,0.58647,0.10117,0.5153,106.57,23.08,1719.42,MARGINAL,synthetic_physics
2399.9,18.1875,0.8145,0.38913,40.43,0.40207,0.06873,0.4424,60.85,17.804,2125.76,GOOD,synthetic_physics
2311.2,27.1875,0.7888,0.2942,36.409,0.54205,0.1001,0.5053,96.65,27.267,1807.59,MARGINAL,synthetic_physics
2395.0,27.875,0.9504,0.43876,36.05,0.58688,0.07365,0.4903,62.39,27.966,2112.1,GOOD,synthetic_physics
2395.8,30.75,0.7421,0.27876,35.878,0.58665,0.1057,0.476,102.94,30.855,1751.67,GOOD,synthetic_physics
2275.8,19.0,0.4026,0.20041,27.611,0.60734,0.09566,0.5512,192.24,19.582,957.83,REJECT,synthetic_physics
2395.8,30.25,0.9191,0.49476,40.575,0.54199,0.09525,0.5445,25.58,30.691,2439.33,MARGINAL,synthetic_physics
2207.3,45.125,0.8852,0.36308,39.794,0.55981,0.10549,0.5463,50.98,45.183,2213.48,REJECT,synthetic_physics
2403.1,23.5,0.6588,0.35918,37.831,0.49456,0.0756,0.4169,114.99,23.728,1644.52,GOOD,synthetic_physics
2425.6,25.1875,0.8541,0.44781,41.415,0.45253,0.05816,0.4174,71.68,25.389,2029.49,GOOD,synthetic_physics
2387.0,23.125,0.8739,0.41844,38.451,0.42293,0.074,0.4204,55.94,23.223,2169.45,GOOD,synthetic_physics
2390.2,32.3125,0.864,0.46565,43.782,0.42453,0.07633,0.4152,59.7,32.036,2136.03,GOOD,synthetic_physics
2403.9,27.875,0.8453,0.42344,41.66,0.57254,0.08269,0.4728,65.16,27.946,2087.48,GOOD,synthetic_physics
2348.3,27.5625,0.9247,0.38886,36.288,0.47445,0.0742,0.492,61.86,27.452,2116.8,GOOD,synthetic_physics
2376.5,26.875,0.7897,0.34423,41.123,0.49841,0.06806,0.4581,90.95,26.657,1858.24,GOOD,synthetic_physics
2208.9,25.0,0.3866,0.14281,29.342,0.78402,0.1331,0.6462,199.4,25.273,894.24,REJECT,synthetic_physics
2278.2,31.3125,1.1584,0.20116,26.71,0.62467,0.15089,0.625,128.35,31.057,1525.74,REJECT,synthetic_physics
2448.2,31.0625,0.9795,0.39061,44.0,0.44011,0.0766,0.4481,51.4,30.914,2209.79,GOOD,synthetic_physics
2591.6,39.4375,0.6651,0.33306,37.099,0.43536,0.05135,0.3654,124.52,39.76,1559.82,MARGINAL,synthetic_physics
2336.2,19.3125,0.3111,0.12031,30.658,0.72392,0.11028,0.5125,197.79,19.647,908.5,REJECT,synthetic_physics
2326.5,20.875,0.8067,0.36917,35.286,0.57412,0.10127,0.5188,110.42,20.773,1685.13,MARGINAL,synthetic_physics
2295.1,32.375,0.6914,0.29147,31.474,0.52956,0.08787,0.5269,110.63,32.823,1683.29,MARGINAL,synthetic_physics
2358.8,24.8125,0.893,0.45454,38.772,0.43596,0.05583,0.4399,59.16,24.592,2140.78,GOOD,synthetic_physics
2329.7,32.6875,0.607,0.21148,30.316,0.60636,0.06544,0.4685,130.1,32.853,1510.25,MARGINAL,synthetic_physics
2375.7,33.5625,0.757,0.32733,36.293,0.62625,0.06768,0.4638,96.73,33.516,1806.86,GOOD,synthetic_physics
2421.6,29.0625,0.8118,0.33474,33.648,0.53656,0.06376,0.4625,90.2,28.52,1864.86,GOOD,synthetic_physics
2461.9,28.1875,0.7134,0.32488,38.247,0.46888,0.06477,0.4133,111.73,28.077,1673.49,GOOD,synthetic_physics
2350.7,26.5625,0.9325,0.40308,41.848,0.50336,0.09717,0.5254,33.99,26.638,2364.49,MARGINAL,synthetic_physics
2403.1,34.875,0.7145,0.30556,36.224,0.5291,0.09018,0.479,92.09,34.648,1848.1,GOOD,synthetic_physics
2497.4,22.4375,1.0914,0.4883,44.0,0.32791,0.03256,0.3357,34.48,22.702,2360.18,REJECT,synthetic_physics
2310.4,36.1875,1.0047,0.37059,40.505,0.60341,0.10309,0.5328,52.8,35.903,2197.31,MARGINAL,synthetic_physics
2428.9,35.0,0.5016,0.33284,31.558,0.49385,0.08149,0.4547,129.56,35.075,1515.02,MARGINAL,synthetic_physics
2395.0,27.25,0.8449,0.42002,37.795,0.43808,0.06098,0.4445,65.82,27.235,2081.61,GOOD,synthetic_physics
2185.5,25.25,0.8339,0.34321,32.43,0.70497,0.12838,0.6416,54.49,25.297,2182.28,REJECT,synthetic_physics
2460.3,25.4375,0.3379,0.21622,33.698,0.53204,0.1029,0.4697,213.28,25.308,770.87,REJECT,synthetic_physics
2409.5,31.375,0.7761,0.4265,43.757,0.3092,0.0491,0.4128,91.79,31.355,1850.71,GOOD,synthetic_physics
2378.9,29.1875,0.6667,0.3266,37.656,0.41938,0.09456,0.4139,122.8,29.488,1575.08,GOOD,synthetic_physics
2263.7,37.75,0.7915,0.35732,34.995,0.54116,0.07865,0.5095,94.86,37.64,1823.49,MARGINAL,synthetic_physics
2274.9,28.1875,0.4089,0.17002,25.558,0.70701,0.13901,0.5869,182.1,28.378,1047.97,REJECT,synthetic_physics
2457.9,31.25,0.5677,0.30167,36.957,0.46,0.04339,0.3733,126.21,31.37,1544.76,MARGINAL,synthetic_physics
2466.7,27.8125,0.3445,0.23806,32.793,0.48766,0.05673,0.3714,203.82,27.959,854.9,REJECT,synthetic_physics
2429.7,34.875,0.777,0.36149,37.609,0.42086,0.08816,0.4661,73.87,34.935,2010.08,GOOD,synthetic_physics
2362.8,30.3125,0.8893,0.4269,38.459,0.42901,0.0717,0.4592,78.21,30.647,1971.44,GOOD,synthetic_physics
2314.4,31.625,0.5207,0.23351,29.669,0.51956,0.11936,0.5309,145.24,32.022,1375.66,MARGINAL,synthetic_physics
2356.3,19.4375,0.5818,0.30574,34.159,0.51965,0.1064,0.4597,130.5,19.752,1506.71,MARGINAL,synthetic_physics
2432.1,23.25,1.1919,0.51675,44.0,0.34216,0.06813,0.4504,18.47,23.438,2502.46,MARGINAL,synthetic_physics
2447.4,30.5625,0.8429,0.41317,40.566,0.44275,0.05029,0.3279,75.65,30.009,1994.25,REJECT,synthetic_physics
2412.7,33.6875,0.8524,0.44351,43.216,0.40977,0.04671,0.3832,56.21,33.705,2167.02,MARGINAL,synthetic_physics
2268.5,32.0625,0.4407,0.19005,26.177,0.88191,0.12337,0.6244,172.44,32.329,1133.9,REJECT,synthetic_physics
2490.9,30.625,0.9633,0.57127,44.0,0.34527,0.00608,0.3416,13.67,30.73,2545.18,REJECT,synthetic_physics
2224.2,34.0,0.6308,0.16846,29.205,0.67781,0.14252,0.6356,126.97,34.347,1538.04,REJECT,synthetic_physics
2521.5,33.125,0.9812,0.57929,44.0,0.35364,0.01484,0.3117,17.64,33.19,2509.89,REJECT,synthetic_physics
2342.6,33.75,0.7386,0.37038,37.71,0.44654,0.07145,0.4687,104.44,33.833,1738.28,GOOD,synthetic_physics
2448.2,33.1875,0.2906,0.35761,32.938,0.47052,0.07709,0.3792,201.14,32.977,878.76,REJECT,synthetic_physics
2462.7,32.625,0.8189,0.38352,43.294,0.46144,0.07522,0.4081,57.43,32.436,2156.18,GOOD,synthetic_physics
2325.7,21.5625,0.9407,0.43636,41.519,0.50085,0.08614,0.4857,51.81,21.651,2206.15,GOOD,synthetic_physics
2372.5,29.4375,0.8472,0.43703,36.589,0.53071,0.09991,0.4809,52.84,29.618,2196.96,GOOD,synthetic_physics
2361.2,30.4375,0.9904,0.47657,39.701,0.51404,0.09874,0.5323,25.0,30.348,2444.44,MARGINAL,synthetic_physics
2338.6,30.0,0.7816,0.37135,41.647,0.36865,0.05431,0.4328,54.81,29.799,2179.47,GOOD,synthetic_physics
2441.8,32.75,0.658,0.29862,35.417,0.45638,0.0628,0.4091,119.09,32.498,1608.06,GOOD,synthetic_physics
2357.1,23.875,0.8677,0.35021,39.123,0.52123,0.07044,0.4863,77.81,24.055,1975.02,GOOD,synthetic_physics
2281.4,23.875,0.6449,0.30521,39.58,0.4926,0.09867,0.4985,110.72,23.936,1682.53,GOOD,synthetic_physics
2373.3,32.9375,0.6619,0.41559,35.273,0.53442,0.08271,0.4628,98.86,33.09,1787.88,GOOD,synthetic_physics
2469.2,24.1875,0.941,0.46093,44.0,0.47856,0.05209,0.4031,57.0,24.61,2159.98,GOOD,synthetic_physics
2491.7,26.5,1.1137,0.5099,44.0,0.27068,0.04915,0.3585,10.53,26.591,2573.1,MARGINAL,synthetic_physics
2592.5,28.75,0.3645,0.25122,34.42,0.38275,0.05791,0.3102,191.28,28.793,966.43,REJECT,synthetic_physics
2490.9,31.625,1.0474,0.48112,44.0,0.4107,0.04749,0.4269,26.23,31.771,2433.48,MARGINAL,synthetic_physics
2454.7,24.8125,0.6495,0.29604,37.874,0.43808,0.06164,0.4016,112.29,25.201,1668.57,GOOD,synthetic_physics
2391.8,20.75,0.8669,0.3831,39.349,0.385,0.07944,0.4437,75.55,21.149,1995.15,GOOD,synthetic_physics
2334.6,20.8125,0.8652,0.32105,40.188,0.50427,0.11451,0.5396,67.32,20.705,2068.23,MARGINAL,synthetic_physics
2447.4,27.3125,0.7968,0.38009,36.714,0.53043,0.09656,0.4909,55.83,27.573,2170.4,GOOD,synthetic_physics
2317.7,32.9375,0.9664,0.43872,34.026,0.56703,0.09059,0.4993,50.27,33.166,2219.79,GOOD,synthetic_physics
2470.8,32.375,0.7712,0.43157,39.321,0.36113,0.06007,0.3294,86.79,32.344,1895.2,REJECT,synthetic_physics
2265.3,30.625,0.5359,0.17461,31.663,0.57279,0.09443,0.5474,174.73,30.463,1113.54,REJECT,synthetic_physics
2432.1,21.5625,0.672,0.36587,33.805,0.62028,0.08335,0.4661,98.68,21.853,1789.55,GOOD,synthetic_physics
2374.9,33.625,0.9189,0.4782,41.406,0.38137,0.09792,0.5162,14.78,33.632,2535.28,MARGINAL,synthetic_physics
2351.5,24.125,0.8467,0.35999,38.655,0.50556,0.08091,0.486,62.13,23.903,2114.39,GOOD,synthetic_physics
2318.5,19.4375,0.929,0.4918,34.189,0.53045,0.09261,0.5148,47.0,19.605,2248.85,MARGINAL,synthetic_physics
2094.4,32.0,0.4195,0.13566,26.601,0.73704,0.14025,0.6306,178.05,32.021,1083.98,REJECT,synthetic_physics
2304.8,26.5,0.8168,0.41085,36.65,0.59382,0.08302,0.5577,37.8,26.573,2330.66,REJECT,synthetic_physics
2356.3,28.25,0.4096,0.2593,27.436,0.52529,0.09377,0.4413,201.82,28.07,872.67,REJECT,synthetic_physics
2423.2,35.5625,1.076,0.49644,42.916,0.46349,0.06174,0.3919,10.51,35.583,2573.27,MARGINAL,synthetic_physics
2320.9,27.25,0.357,0.20617,30.616,0.56529,0.11995,0.5232,194.66,27.204,936.37,REJECT,synthetic_physics
2458.7,30.125,0.7094,0.39142,34.462,0.50875,0.06545,0.46,108.29,30.011,1704.09,GOOD,synthetic_physics
2493.3,23.125,0.8345,0.4304,40.488,0.36007,0.043,0.4206,55.73,22.717,2171.29,GOOD,synthetic_physics
2286.2,32.0,0.7386,0.38785,35.924,0.51439,0.08954,0.5143,77.83,31.917,1974.85,MARGINAL,synthetic_physics
2206.4,31.875,0.6943,0.29761,32.153,0.62294,0.14053,0.6376,98.39,31.329,1792.05,REJECT,synthetic_physics
2360.4,34.4375,0.8481,0.35178,37.635,0.48866,0.08254,0.4875,77.22,34.485,1980.23,GOOD,synthetic_physics
2271.7,28.9375,0.4849,0.23609,30.725,0.60827,0.08968,0.5125,150.27,28.713,1330.91,REJECT,synthetic_physics
2494.1,32.875,0.5464,0.18696,29.939,0.58536,0.0757,0.4605,146.11,32.912,1367.89,MARGINAL,synthetic_physics
2274.9,24.3125,0.976,0.46486,42.332,0.54505,0.10021,0.5483,13.34,24.286,2548.12,MARGINAL,synthetic_physics
2213.7,31.1875,0.8303,0.3146,34.066,0.62593,0.12145,0.643,74.12,31.211,2007.86,REJECT,synthetic_physics
2344.2,22.9375,0.6741,0.29185,32.957,0.54274,0.08995,0.4935,119.53,22.977,1604.16,GOOD,synthetic_physics
2322.5,34.0,0.7922,0.31384,37.309,0.5902,0.09122,0.4989,87.6,34.136,1887.97,GOOD,synthetic_physics
2281.4,37.3125,0.5782,0.26651,37.573,0.56264,0.08842,0.4346,134.35,37.435,1472.49,MARGINAL,synthetic_physics
2491.7,20.125,0.3401,0.22323,33.428,0.50722,0.06401,0.4218,200.52,19.971,884.27,REJECT,synthetic_physics
2454.7,28.375,0.6498,0.23514,29.914,0.42094,0.05533,0.4372,116.3,28.689,1632.91,GOOD,synthetic_physics
2347.5,21.9375,0.8532,0.41157,41.683,0.51753,0.09215,0.5018,51.59,21.968,2208.09,MARGINAL,synthetic_physics
2291.1,32.4375,0.8658,0.42078,38.61,0.56526,0.08649,0.5603,58.7,32.289,2144.87,REJECT,synthetic_physics
2198.4,28.25,0.334,0.18807,30.708,0.66748,0.12827,0.5983,206.95,28.03,827.14,REJECT,synthetic_physics
2250.8,35.5625,0.9165,0.46588,44.0,0.55746,0.08818,0.502,26.06,35.554,2434.98,MARGINAL,synthetic_physics
2457.9,29.3125,1.0047,0.52738,43.142,0.37394,0.01168,0.4106,33.74,29.383,2366.76,MARGINAL,synthetic_physics
2304.8,26.5625,0.5792,0.23374,32.612,0.63846,0.10755,0.5315,151.83,26.829,1317.08,REJECT,synthetic_physics
2332.2,36.25,0.9884,0.55074,44.0,0.32283,0.05597,0.3751,26.82,36.204,2428.23,MARGINAL,synthetic_physics
2387.0,19.6875,0.3601,0.20583,31.968,0.56015,0.09237,0.4986,189.07,19.639,986.04,REJECT,synthetic_physics
2477.2,32.8125,0.4879,0.27147,34.672,0.46442,0.06266,0.3011,176.59,32.84,1097.01,REJECT,synthetic_physics
2432.1,23.0625,0.9075,0.50621,44.0,0.50888,0.06554,0.4935,26.35,22.803,2432.42,MARGINAL,synthetic_physics
2272.5,25.9375,0.7982,0.37524,37.67,0.47091,0.08815,0.5022,72.82,25.883,2019.42,MARGINAL,synthetic_physics
2259.6,18.0,0.9254,0.35349,37.501,0.63239,0.12736,0.6095,45.11,18.15,2265.66,REJECT,synthetic_physics
2290.3,32.25,0.6634,0.29737,35.997,0.58604,0.09164,0.5134,106.33,32.592,1721.52,MARGINAL,synthetic_physics
2349.1,26.0,0.8058,0.3031,38.37,0.48918,0.08395,0.4965,86.49,26.179,1897.84,GOOD,synthetic_physics
2316.0,34.9375,0.9588,0.39467,40.603,0.39728,0.06188,0.4477,39.63,34.951,2314.36,MARGINAL,synthetic_physics
2337.0,33.6875,0.6312,0.2526,30.332,0.62797,0.10438,0.5213,122.84,34.301,1574.77,MARGINAL,synthetic_physics
2427.3,34.4375,0.7372,0.34398,37.816,0.59701,0.10819,0.5219,94.07,34.495,1830.48,MARGINAL,synthetic_physics
2356.3,28.0625,0.8823,0.44864,39.929,0.47704,0.06267,0.4559,56.33,28.323,2165.93,GOOD,synthetic_physics
2452.2,31.0625,0.8496,0.38181,33.275,0.5271,0.07057,0.4953,68.93,31.074,2053.98,GOOD,synthetic_physics
2235.5,26.6875,0.4779,0.22342,26.175,0.67227,0.13521,0.6115,161.17,26.775,1234.0,REJECT,synthetic_physics
2451.4,28.625,0.8114,0.36837,42.3,0.49712,0.06023,0.3885,89.25,28.653,1873.29,MARGINAL,synthetic_physics
2486.1,24.3125,0.5227,0.29257,31.872,0.41958,0.04,0.3395,140.18,24.387,1420.62,REJECT,synthetic_physics
2315.2,34.3125,0.6128,0.26104,33.551,0.51166,0.0647,0.4351,148.94,34.663,1342.71,MARGINAL,synthetic_physics
2338.6,22.75,0.428,0.13974,26.845,0.5984,0.12776,0.5825,179.85,22.78,1068.0,REJECT,synthetic_physics
2268.5,31.0,0.3807,0.21054,27.073,0.64007,0.12645,0.5462,187.18,30.991,1002.89,REJECT,synthetic_physics
2252.4,23.3125,0.727,0.31882,30.69,0.59551,0.12858,0.5983,94.18,23.532,1829.51,REJECT,synthetic_physics
2384.5,40.4375,0.7336,0.44423,38.781,0.54061,0.05244,0.3832,83.84,40.284,1921.42,REJECT,synthetic_physics
2296.7,28.6875,0.9875,0.38492,39.632,0.61867,0.10816,0.6068,41.94,28.364,2293.88,REJECT,synthetic_physics
2427.3,30.5625,0.4218,0.15944,28.556,0.6245,0.08995,0.4661,187.37,30.84,1001.12,REJECT,synthetic_physics
2235.5,31.375,0.3589,0.15818,30.167,0.67286,0.11458,0.6012,182.93,31.161,1040.6,REJECT,synthetic_physics
2462.7,32.875,0.6679,0.3605,34.447,0.40231,0.07988,0.3994,111.66,32.778,1674.15,MARGINAL,synthetic_physics
2267.7,22.125,0.4895,0.17285,27.555,0.59335,0.11277,0.5701,185.93,22.38,1013.95,REJECT,synthetic_physics
2451.4,26.125,0.9736,0.55626,44.0,0.40406,0.05764,0.4053,16.26,26.114,2522.1,MARGINAL,synthetic_physics
2190.3,31.875,0.7648,0.35912,36.585,0.62761,0.12233,0.6173,59.93,32.049,2133.92,REJECT,synthetic_physics
2365.2,18.5625,0.8759,0.36053,39.216,0.47389,0.09588,0.4781,58.14,18.201,2149.85,GOOD,synthetic_physics
2484.5,27.1875,0.9793,0.38534,43.341,0.3896,0.0787,0.4576,35.95,27.044,2347.09,MARGINAL,synthetic_physics
2254.8,29.25,0.9316,0.39944,35.4,0.59479,0.09519,0.5539,42.38,29.064,2289.99,REJECT,synthetic_physics
2266.1,28.25,0.6233,0.23815,30.83,0.53749,0.09148,0.4915,129.26,28.385,1517.65,MARGINAL,synthetic_physics
2358.8,29.5625,0.7178,0.33691,32.672,0.59261,0.10094,0.4863,99.28,29.575,1784.2,GOOD,synthetic_physics
2295.1,31.75,0.4114,0.1855,26.64,0.71882,0.14965,0.6186,196.97,31.605,915.85,REJECT,synthetic_physics
2259.6,34.5,0.5407,0.13527,26.186,0.59134,0.13022,0.5909,149.5,34.28,1337.79,REJECT,synthetic_physics
2432.1,25.875,1.0203,0.46822,43.6,0.55634,0.09373,0.4757,28.93,25.766,2409.48,MARGINAL,synthetic_physics
2399.9,38.125,0.7972,0.46371,40.573,0.46706,0.06129,0.3936,70.71,38.172,2038.17,MARGINAL,synthetic_physics
2339.4,36.9375,0.728,0.27868,37.507,0.48131,0.05073,0.4,118.52,37.182,1613.19,MARGINAL,synthetic_physics
2427.3,27.8125,0.4365,0.24921,31.986,0.56513,0.08219,0.5374,203.1,27.242,861.36,REJECT,synthetic_physics
2290.3,34.8125,0.8974,0.37768,38.85,0.66525,0.1011,0.5302,61.93,34.392,2116.19,MARGINAL,synthetic_physics
2348.3,30.5625,0.821,0.331,35.431,0.54536,0.07876,0.5321,62.39,30.793,2112.07,MARGINAL,synthetic_physics
2370.0,33.875,0.7604,0.40317,37.438,0.46639,0.08426,0.4649,84.56,34.077,1915.03,GOOD,synthetic_physics
2246.7,32.6875,0.303,0.24989,26.094,0.67724,0.13976,0.6247,214.39,32.774,761.0,REJECT,synthetic_physics
2213.7,27.25,0.6981,0.28581,26.507,0.71043,0.13312,0.6299,96.93,27.001,1805.08,REJECT,synthetic_physics
2432.9,27.3125,0.6849,0.28762,34.457,0.55232,0.10383,0.4456,121.51,27.308,1586.54,GOOD,synthetic_physics
2451.4,25.6875,0.9518,0.47745,44.0,0.42342,0.06443,0.3964,11.28,25.813,2566.36,MARGINAL,synthetic_physics
2493.3,26.9375,0.4827,0.20417,32.313,0.4638,0.07026,0.38,157.87,26.687,1263.35,REJECT,synthetic_physics
2381.3,32.125,0.5199,0.21149,31.105,0.39662,0.07421,0.4053,165.08,32.189,1199.33,REJECT,synthetic_physics
2300.7,39.375,0.5231,0.19869,27.692,0.69331,0.12709,0.5406,151.12,39.275,1323.35,REJECT,synthetic_physics
2432.1,17.875,0.4671,0.22059,33.276,0.48925,0.07648,0.3866,163.13,17.651,1216.62,REJECT,synthetic_physics
2363.6,34.6875,0.3388,0.18454,30.631,0.42548,0.07837,0.4266,213.36,34.262,770.11,REJECT,synthetic_physics
2434.5,36.6875,0.5443,0.36546,35.452,0.57126,0.05251,0.3779,143.43,36.406,1391.73,MARGINAL,synthetic_physics
2399.9,37.5625,0.2621,0.32015,34.444,0.40009,0.08603,0.3515,219.59,37.533,714.78,REJECT,synthetic_physics
2316.8,30.75,0.78,0.32633,35.651,0.45448,0.09339,0.4605,102.83,30.83,1752.59,GOOD,synthetic_physics
2475.6,28.75,0.6041,0.33699,36.691,0.37554,0.03911,0.3507,132.22,28.537,1491.39,MARGINAL,synthetic_physics
2397.4,35.625,0.8338,0.40039,39.6,0.4776,0.06763,0.4577,72.91,35.543,2018.57,MARGINAL,synthetic_physics
2435.3,31.3125,0.9228,0.48991,44.0,0.32146,0.05801,0.3776,45.62,31.57,2261.16,MARGINAL,synthetic_physics
2395.0,34.375,0.6653,0.31374,34.905,0.4505,0.07412,0.439,116.72,34.53,1629.12,GOOD,synthetic_physics
2411.9,35.4375,0.6099,0.27034,35.582,0.55432,0.08953,0.4614,133.18,35.286,1482.84,MARGINAL,synthetic_physics
2302.3,26.5,0.7229,0.30303,37.158,0.46592,0.08266,0.4632,108.19,26.262,1705.01,GOOD,synthetic_physics
2456.3,31.5625,0.485,0.28874,32.079,0.55277,0.09052,0.4195,179.53,31.648,1070.82,REJECT,synthetic_physics
2378.1,34.875,0.6654,0.31079,33.163,0.48249,0.08138,0.4598,112.19,34.86,1669.38,GOOD,synthetic_physics
2294.3,33.125,0.5707,0.20166,25.025,0.6975,0.1304,0.6017,149.67,32.809,1336.25,REJECT,synthetic_physics
2331.4,30.375,0.9361,0.51217,43.037,0.42023,0.06779,0.4257,33.36,30.735,2370.14,MARGINAL,synthetic_physics
2437.7,27.75,0.5954,0.31429,35.991,0.48858,0.03203,0.349,138.5,27.573,1435.55,REJECT,synthetic_physics
2213.7,28.8125,0.7695,0.31344,36.883,0.48996,0.1057,0.5226,85.32,28.957,1908.3,MARGINAL,synthetic_physics
2277.4,24.5625,0.6413,0.17665,30.781,0.66993,0.11462,0.565,160.18,24.521,1242.82,REJECT,synthetic_physics
2216.1,29.5625,0.9218,0.37692,38.045,0.62988,0.12167,0.5586,56.33,29.484,2165.96,REJECT,synthetic_physics
2555.4,15.75,0.6817,0.35906,33.715,0.45811,0.06898,0.416,98.11,15.901,1794.54,GOOD,synthetic_physics
2410.3,19.6875,0.8791,0.4076,38.235,0.44345,0.07551,0.4757,64.76,19.556,2091.02,GOOD,synthetic_physics
2301.5,32.625,0.938,0.4133,40.418,0.58884,0.08583,0.5554,53.91,32.661,2187.5,REJECT,synthetic_physics
2333.8,34.25,0.6298,0.21384,33.65,0.647,0.09252,0.5506,134.66,34.068,1469.69,REJECT,synthetic_physics
2387.0,38.9375,1.1839,0.59118,44.0,0.42144,0.04655,0.4081,10.23,38.541,2575.75,MARGINAL,synthetic_physics
2415.2,25.3125,0.4026,0.20922,26.192,0.63243,0.10525,0.44,196.09,25.404,923.61,REJECT,synthetic_physics
2367.6,30.6875,0.7756,0.36634,35.572,0.51936,0.07196,0.4812,73.66,30.374,2011.94,GOOD,synthetic_physics
2288.6,25.0,0.6652,0.27308,32.248,0.54717,0.08609,0.5385,122.08,25.142,1581.5,MARGINAL,synthetic_physics
2347.5,32.125,0.9245,0.47531,44.0,0.39661,0.04268,0.4524,28.26,32.222,2415.49,MARGINAL,synthetic_physics
2246.7,25.4375,0.3172,0.1429,29.937,0.68569,0.13304,0.6209,195.35,25.466,930.26,REJECT,synthetic_physics
2384.5,33.875,0.641,0.34625,39.143,0.35511,0.0415,0.4028,113.33,33.819,1659.25,GOOD,synthetic_physics
2356.3,32.875,0.5592,0.25217,32.462,0.5314,0.11456,0.5555,144.87,32.762,1378.97,REJECT,synthetic_physics
2501.4,24.75,0.9439,0.53478,44.0,0.34212,0.0473,0.3557,28.83,25.198,2410.44,MARGINAL,synthetic_physics
2294.3,32.3125,0.6781,0.29915,31.19,0.56461,0.08864,0.498,119.77,32.475,1602.08,GOOD,synthetic_physics
2332.2,20.4375,0.6447,0.24292,27.912,0.62754,0.10473,0.5453,125.33,20.057,1552.65,MARGINAL,synthetic_physics
2450.6,20.6875,0.731,0.38527,38.063,0.5106,0.06506,0.4434,95.12,20.906,1821.14,GOOD,synthetic_physics
2277.4,22.375,0.9631,0.4198,39.091,0.60541,0.11629,0.5844,26.63,22.011,2429.93,REJECT,synthetic_physics
2265.3,27.25,0.5019,0.22353,26.777,0.60905,0.09498,0.5307,160.77,27.492,1237.56,REJECT,synthetic_physics
2478.0,19.875,0.7118,0.36552,36.571,0.40468,0.04453,0.3769,113.64,19.87,1656.51,MARGINAL,synthetic_physics
2328.9,32.25,0.6836,0.23412,33.683,0.51848,0.07181,0.4602,124.81,32.078,1557.26,GOOD,synthetic_physics
2485.3,32.0625,0.7432,0.33216,40.189,0.45004,0.05605,0.375,115.56,31.941,1639.43,MARGINAL,synthetic_physics
2242.7,28.125,0.7134,0.33261,36.782,0.6455,0.14322,0.6285,85.41,27.906,1907.43,REJECT,synthetic_physics
2436.1,32.0625,0.6069,0.27906,33.981,0.41916,0.07797,0.4158,134.19,32.353,1473.84,MARGINAL,synthetic_physics
2341.0,30.0625,0.8299,0.30698,33.888,0.46852,0.08491,0.4686,142.49,29.972,1400.12,MARGINAL,synthetic_physics
2350.7,27.6875,0.862,0.46739,43.842,0.50331,0.09674,0.4924,44.18,27.82,2273.94,MARGINAL,synthetic_physics
2267.7,26.4375,0.5176,0.2023,31.026,0.62652,0.11281,0.5667,165.72,26.319,1193.64,REJECT,synthetic_physics
2258.0,28.75,0.4309,0.19275,32.047,0.53388,0.09226,0.5013,177.46,28.599,1089.24,REJECT,synthetic_physics
2419.2,27.0,0.9919,0.52409,42.836,0.43727,0.05988,0.4534,17.41,27.122,2511.93,MARGINAL,synthetic_physics
2423.2,37.5625,0.9085,0.48044,39.718,0.49525,0.06176,0.4811,44.23,37.411,2273.49,MARGINAL,synthetic_physics
2462.7,34.1875,0.3692,0.24182,33.451,0.44964,0.06934,0.3721,198.44,34.172,902.77,REJECT,synthetic_physics
2245.1,27.0,0.7549,0.39397,36.538,0.57109,0.10559,0.5776,78.23,27.149,1971.26,REJECT,synthetic_physics
2521.5,32.8125,0.8328,0.46953,42.053,0.3388,0.03481,0.3476,57.86,32.454,2152.4,REJECT,synthetic_physics
2374.1,24.4375,0.9098,0.39795,42.993,0.45156,0.07058,0.4172,61.73,24.385,2117.93,GOOD,synthetic_physics
2336.2,27.4375,0.8457,0.3411,30.423,0.58162,0.10377,0.5888,78.34,27.146,1970.33,REJECT,synthetic_physics
2395.8,26.5625,0.9184,0.54094,42.667,0.39966,0.04891,0.3981,41.05,26.285,2301.74,MARGINAL,synthetic_physics
2230.6,44.0625,0.465,0.14709,28.761,0.64311,0.12126,0.5957,170.12,43.951,1154.49,REJECT,synthetic_physics
2301.5,27.375,0.7421,0.42911,37.817,0.46379,0.0721,0.4756,91.81,27.243,1850.6,GOOD,synthetic_physics
2470.8,29.75,0.7248,0.36712,35.53,0.46111,0.06147,0.4088,102.56,29.936,1754.99,GOOD,synthetic_physics
2483.7,22.5625,0.7155,0.31499,34.401,0.48679,0.03691,0.4004,115.68,22.469,1638.42,GOOD,synthetic_physics
2373.3,38.0625,0.6708,0.27327,36.478,0.35569,0.06719,0.4621,114.6,38.372,1647.98,MARGINAL,synthetic_physics
2208.9,29.9375,0.4088,0.15025,25.599,0.73058,0.12947,0.6218,172.99,29.809,1128.97,REJECT,synthetic_physics
2424.8,25.625,0.8347,0.38438,39.214,0.42483,0.06921,0.3947,76.82,25.682,1983.82,MARGINAL,synthetic_physics
2474.8,18.6875,0.5377,0.32633,33.612,0.46548,0.06225,0.3613,140.91,18.72,1414.13,MARGINAL,synthetic_physics
2461.1,31.0625,1.008,0.4937,44.0,0.36955,0.04747,0.398,12.83,31.017,2552.63,MARGINAL,synthetic_physics
2350.7,25.625,0.7448,0.25516,34.679,0.52485,0.09001,0.5107,97.06,25.735,1803.89,MARGINAL,synthetic_physics
2233.0,35.125,0.9885,0.39997,36.966,0.50365,0.11676,0.5836,34.79,35.107,2357.46,REJECT,synthetic_physics
2400.7,27.25,0.9517,0.4823,39.421,0.40379,0.0662,0.4339,29.37,27.056,2405.62,MARGINAL,synthetic_physics
2445.0,27.1875,0.5786,0.26234,35.696,0.43239,0.08213,0.39,167.99,26.99,1173.4,REJECT,synthetic_physics
2390.2,26.75,0.7329,0.33561,37.05,0.54765,0.06152,0.4525,106.35,26.785,1721.35,GOOD,synthetic_physics
2465.9,21.8125,0.8085,0.32654,41.435,0.49364,0.07999,0.4533,78.44,22.34,1969.43,GOOD,synthetic_physics
2405.5,26.9375,0.6775,0.3457,34.638,0.46093,0.07983,0.4245,105.51,26.866,1728.76,GOOD,synthetic_physics
2479.6,30.6875,0.799,0.37744,41.356,0.40189,0.06398,0.4224,60.33,30.464,2130.39,GOOD,synthetic_physics
2415.2,19.875,0.7528,0.34121,39.3,0.42824,0.06989,0.4343,87.72,20.088,1886.93,GOOD,synthetic_physics
2443.4,25.75,0.6709,0.30717,40.121,0.54893,0.08146,0.4216,111.33,25.774,1677.08,GOOD,synthetic_physics
2292.7,32.5625,0.8901,0.36963,37.884,0.65746,0.1032,0.6118,51.86,32.763,2205.66,REJECT,synthetic_physics
2432.9,30.25,0.6947,0.32149,34.05,0.47354,0.08076,0.4194,104.94,30.089,1733.9,GOOD,synthetic_physics
2395.0,29.0625,0.6646,0.32599,32.229,0.49373,0.05962,0.42,119.01,29.385,1608.76,GOOD,synthetic_physics
2518.3,32.0,0.6864,0.36511,35.211,0.39154,0.06124,0.3249,119.4,32.367,1605.3,REJECT,synthetic_physics
2486.9,25.375,0.7177,0.35686,39.899,0.39608,0.08395,0.4196,99.91,25.165,1778.62,GOOD,synthetic_physics
2352.3,36.6875,0.9126,0.40448,41.521,0.31765,0.04978,0.376,64.22,36.763,2095.78,MARGINAL,synthetic_physics
2324.9,20.625,0.7067,0.29423,39.837,0.51106,0.10834,0.4973,105.15,20.71,1732.0,GOOD,synthetic_physics
2484.5,28.1875,0.5424,0.23165,35.175,0.39805,0.07946,0.4038,151.26,28.281,1322.15,REJECT,synthetic_physics
2392.6,24.75,0.6628,0.25574,34.114,0.55754,0.08258,0.4806,132.62,24.585,1487.8,MARGINAL,synthetic_physics
2254.8,25.6875,0.3543,0.16294,28.043,0.67835,0.12684,0.6079,206.5,25.487,831.11,REJECT,synthetic_physics
2467.5,28.5,0.3078,0.24453,28.739,0.32597,0.07836,0.4019,210.16,28.687,798.59,REJECT,synthetic_physics
2208.1,31.9375,0.7957,0.30819,36.271,0.58077,0.10196,0.5377,86.73,31.923,1895.76,MARGINAL,synthetic_physics
2399.9,24.8125,1.0519,0.53766,44.0,0.35046,0.04891,0.3415,16.18,24.756,2522.85,REJECT,synthetic_physics
2345.1,29.5625,0.8722,0.35319,35.295,0.70436,0.10953,0.5901,49.13,29.625,2229.91,REJECT,synthetic_physics
2250.8,32.9375,0.472,0.15428,30.825,0.68539,0.10267,0.546,184.37,32.79,1027.85,REJECT,synthetic_physics
2266.9,34.625,0.7536,0.32793,41.353,0.62172,0.09707,0.5405,74.57,34.384,2003.83,MARGINAL,synthetic_physics
2378.9,29.5625,0.778,0.32056,33.158,0.40179,0.09992,0.4646,93.16,30.022,1838.54,GOOD,synthetic_physics
2511.9,27.875,0.8331,0.46187,40.005,0.36908,0.05815,0.3599,78.08,28.179,1972.58,MARGINAL,synthetic_physics
2384.5,29.5,0.7116,0.27426,31.757,0.51958,0.07651,0.5001,122.52,29.661,1577.64,MARGINAL,synthetic_physics
2450.6,27.875,0.9481,0.51264,44.0,0.30208,0.05712,0.3757,28.15,28.167,2416.46,MARGINAL,synthetic_physics
2436.9,26.125,0.8946,0.4448,39.482,0.50407,0.05432,0.3893,59.01,25.873,2142.15,MARGINAL,synthetic_physics
2503.8,41.6875,0.5221,0.29404,30.853,0.39906,0.07806,0.388,152.98,41.39,1306.84,REJECT,synthetic_physics
2436.1,28.1875,0.8307,0.28493,37.3,0.49746,0.06791,0.4702,93.5,28.382,1835.51,GOOD,synthetic_physics
2204.8,32.4375,0.4747,0.16216,27.451,0.69537,0.11844,0.5973,160.51,32.446,1239.9,REJECT,synthetic_physics
2456.3,32.8125,0.8936,0.49789,39.266,0.42618,0.04852,0.4081,48.13,32.793,2238.89,MARGINAL,synthetic_physics
2548.9,22.3125,0.5916,0.37678,37.183,0.53336,0.04622,0.3439,130.7,22.693,1504.9,REJECT,synthetic_physics
2183.9,32.875,0.571,0.15631,29.512,0.70133,0.1423,0.6441,159.87,32.607,1245.59,REJECT,synthetic_physics
2311.2,28.625,0.9888,0.33788,35.881,0.55738,0.09626,0.5314,56.28,28.575,2166.37,MARGINAL,synthetic_physics
2417.6,33.75,0.8358,0.33881,43.755,0.40191,0.06084,0.4029,78.91,33.564,1965.29,GOOD,synthetic_physics
2386.2,40.125,0.4266,0.21865,33.545,0.54258,0.09577,0.4509,178.51,39.942,1079.9,REJECT,synthetic_physics
2461.1,21.1875,0.8337,0.34193,37.706,0.50621,0.07211,0.4266,93.39,21.559,1836.51,GOOD,synthetic_physics
2420.0,32.25,0.7962,0.36802,39.671,0.40277,0.06256,0.4616,81.94,31.846,1938.27,GOOD,synthetic_physics
2583.6,26.375,0.9799,0.44184,44.0,0.42354,0.03827,0.3178,51.83,26.012,2206.0,REJECT,synthetic_physics
2455.5,24.625,0.7886,0.42976,39.983,0.46098,0.05887,0.4238,76.17,24.916,1989.59,GOOD,synthetic_physics
2263.7,30.6875,0.8098,0.3536,35.695,0.59568,0.12019,0.532,77.67,30.556,1976.23,MARGINAL,synthetic_physics
2455.5,29.3125,0.8472,0.46228,44.0,0.44447,0.06656,0.3748,50.65,29.521,2216.46,MARGINAL,synthetic_physics
2452.2,27.625,0.8685,0.50981,43.281,0.33474,0.02702,0.3341,44.55,27.58,2270.68,REJECT,synthetic_physics
2403.9,32.4375,0.7118,0.29994,37.341,0.45991,0.08895,0.4656,103.33,32.638,1748.18,GOOD,synthetic_physics
2436.9,28.8125,0.6944,0.34126,35.685,0.42166,0.06656,0.4529,103.32,28.936,1748.3,GOOD,synthetic_physics
2449.0,34.6875,0.6965,0.28154,38.945,0.3966,0.05614,0.4313,93.41,34.604,1836.39,GOOD,synthetic_physics
2442.6,25.5,0.7164,0.3917,40.529,0.43452,0.07192,0.41,107.81,25.405,1708.37,GOOD,synthetic_physics
2407.1,13.0,1.0338,0.42508,43.265,0.55103,0.08455,0.5336,29.06,13.398,2408.36,MARGINAL,synthetic_physics
2279.0,35.0625,0.9929,0.47755,40.131,0.62435,0.14108,0.6153,13.55,35.065,2546.22,REJECT,synthetic_physics
2392.6,28.75,0.9795,0.40433,37.62,0.51778,0.07255,0.4887,43.04,29.057,2284.12,MARGINAL,synthetic_physics
2389.4,36.0,0.7898,0.39904,41.189,0.42184,0.06064,0.4067,93.18,36.095,1838.37,MARGINAL,synthetic_physics
2356.3,30.375,0.7398,0.3849,38.578,0.44684,0.06615,0.451,77.68,30.522,1976.15,GOOD,synthetic_physics
2280.6,27.875,0.6123,0.21556,30.393,0.54851,0.07718,0.5118,148.22,27.844,1349.16,MARGINAL,synthetic_physics
2400.7,39.375,0.751,0.32286,37.079,0.4547,0.06423,0.4087,86.28,39.486,1899.69,MARGINAL,synthetic_physics
2328.1,27.875,0.9211,0.44104,42.425,0.46037,0.06761,0.4672,62.1,27.839,2114.63,GOOD,synthetic_physics
2264.5,33.1875,1.0263,0.4341,41.03,0.6137,0.08986,0.5675,17.43,33.523,2511.72,REJECT,synthetic_physics
2453.0,25.4375,0.3623,0.24687,29.089,0.47566,0.08285,0.4433,217.74,25.296,731.17,REJECT,synthetic_physics
2396.6,28.875,0.788,0.35239,34.778,0.50266,0.06425,0.4203,100.64,28.823,1772.12,GOOD,synthetic_physics
2365.2,16.0,0.7234,0.41864,35.591,0.53445,0.08403,0.4658,92.19,15.643,1847.2,GOOD,synthetic_physics
2406.3,25.75,0.7375,0.37989,32.681,0.42515,0.05729,0.3979,102.15,25.683,1758.71,MARGINAL,synthetic_physics
2413.6,33.0,0.9227,0.46412,41.218,0.38036,0.04203,0.3768,41.33,33.154,2299.26,MARGINAL,synthetic_physics
2411.9,25.6875,0.8132,0.29785,33.147,0.46214,0.07803,0.4888,96.8,26.093,1806.24,GOOD,synthetic_physics
2309.6,27.875,0.9273,0.43817,35.788,0.66686,0.11119,0.6288,29.2,27.968,2407.09,REJECT,synthetic_physics
2466.7,24.5,0.6113,0.3097,36.861,0.42916,0.04931,0.3775,116.28,24.495,1633.08,MARGINAL,synthetic_physics
2273.3,24.6875,0.5246,0.14676,31.142,0.67944,0.12274,0.5252,141.69,24.638,1407.17,MARGINAL,synthetic_physics
2419.2,18.4375,1.0443,0.4627,43.688,0.48896,0.06998,0.4826,23.71,18.288,2455.94,MARGINAL,synthetic_physics
2402.3,31.0625,1.0109,0.45186,43.227,0.43517,0.07538,0.44,28.68,31.223,2411.75,MARGINAL,synthetic_physics
2505.4,23.25,0.6603,0.31755,39.082,0.40201,0.04956,0.3177,124.21,23.255,1562.54,REJECT,synthetic_physics
2452.2,31.75,1.0203,0.53134,44.0,0.37127,0.04389,0.3632,20.56,31.894,2483.88,MARGINAL,synthetic_physics
2358.8,28.5,0.6475,0.30493,34.823,0.46787,0.09913,0.4478,126.63,28.385,1541.1,MARGINAL,synthetic_physics
2478.0,27.75,0.9026,0.43547,34.67,0.43593,0.07076,0.4308,79.33,27.717,1961.55,GOOD,synthetic_physics
2279.8,30.125,1.0127,0.47312,43.822,0.57579,0.10861,0.6129,10.73,30.218,2571.3,REJECT,synthetic_physics
2425.6,29.25,0.8994,0.42696,36.056,0.41641,0.06061,0.4244,65.27,29.382,2086.49,GOOD,synthetic_physics
2362.0,26.625,0.8114,0.328,37.284,0.43675,0.07018,0.4546,71.11,26.342,2034.59,GOOD,synthetic_physics
2423.2,25.75,0.9316,0.40891,38.241,0.45189,0.07236,0.4394,60.47,25.627,2129.15,GOOD,synthetic_physics
2320.1,30.0,1.0347,0.57405,44.0,0.39808,0.07364,0.4995,18.43,30.159,2502.87,MARGINAL,synthetic_physics
2279.8,36.0,0.6874,0.31979,32.394,0.47194,0.10905,0.5112,104.96,36.021,1733.7,MARGINAL,synthetic_physics
2415.2,27.8125,1.0045,0.48125,39.977,0.47969,0.0745,0.4496,50.34,28.042,2219.16,GOOD,synthetic_physics
2481.2,26.1875,0.5004,0.25686,36.243,0.56075,0.04825,0.3526,153.95,26.397,1298.22,REJECT,synthetic_physics
2167.8,35.1875,0.5887,0.24941,34.567,0.6618,0.12629,0.6001,122.59,35.428,1576.99,REJECT,synthetic_physics
2242.7,36.0625,0.7758,0.43352,36.436,0.4392,0.06383,0.4801,49.78,35.992,2224.15,MARGINAL,synthetic_physics
2474.8,30.5625,0.69,0.39782,34.038,0.39045,0.04198,0.3172,109.76,30.581,1691.02,REJECT,synthetic_physics
2468.4,30.5,0.6383,0.33073,39.358,0.41344,0.04818,0.3216,128.89,30.615,1520.95,REJECT,synthetic_physics
2291.1,31.5625,0.9395,0.50601,40.708,0.56412,0.09201,0.5015,18.48,31.858,2502.44,MARGINAL,synthetic_physics
2318.5,22.75,1.0278,0.41303,44.0,0.52495,0.07708,0.5055,22.34,23.158,2468.1,MARGINAL,synthetic_physics
2304.8,31.25,0.3133,0.1849,33.05,0.53095,0.08754,0.4841,194.98,31.792,933.48,REJECT,synthetic_physics
2386.2,19.25,0.4891,0.18627,30.311,0.47989,0.10141,0.4913,165.37,19.112,1196.69,REJECT,synthetic_physics
2461.9,41.25,0.8882,0.54523,44.0,0.3711,0.03181,0.3652,32.16,41.334,2380.83,REJECT,synthetic_physics
2341.0,29.6875,0.9288,0.30746,36.313,0.57391,0.07746,0.4702,75.17,29.574,1998.49,GOOD,synthetic_physics
2414.4,34.125,0.7288,0.42461,39.189,0.3511,0.05591,0.404,85.74,34.208,1904.56,GOOD,synthetic_physics
2255.6,44.625,0.4806,0.16248,30.194,0.67554,0.13599,0.6297,160.53,43.776,1239.74,REJECT,synthetic_physics
2517.5,24.4375,0.8376,0.40772,38.922,0.39986,0.06683,0.3431,75.39,24.391,1996.55,REJECT,synthetic_physics
2330.5,39.0,1.0187,0.50893,44.0,0.40023,0.06123,0.4505,11.06,38.852,2568.35,MARGINAL,synthetic_physics
2337.0,32.0,0.5491,0.25018,32.142,0.43718,0.06184,0.4136,138.67,32.138,1434.05,MARGINAL,synthetic_physics
2372.5,28.5,0.8237,0.38609,43.769,0.51677,0.07862,0.4789,63.4,28.361,2103.14,GOOD,synthetic_physics
2452.2,29.125,0.7945,0.3536,40.9,0.47311,0.06259,0.4494,86.3,28.889,1899.55,GOOD,synthetic_physics
2320.9,26.1875,0.689,0.16604,31.793,0.63099,0.09846,0.5849,110.34,26.101,1685.85,REJECT,synthetic_physics
2547.3,32.1875,0.6839,0.29691,38.065,0.42066,0.05935,0.4039,108.33,32.032,1703.71,GOOD,synthetic_physics
2479.6,22.875,0.7346,0.37588,34.858,0.47226,0.04785,0.3529,109.33,22.809,1694.89,MARGINAL,synthetic_physics
2445.0,27.8125,0.6223,0.27386,30.228,0.55053,0.07209,0.4523,123.59,27.823,1568.09,GOOD,synthetic_physics
2274.9,33.25,0.7258,0.27859,32.098,0.54595,0.09933,0.5717,98.54,33.122,1790.76,REJECT,synthetic_physics
2412.7,22.9375,0.8329,0.37724,36.998,0.42772,0.07193,0.4858,80.88,22.796,1947.72,GOOD,synthetic_physics
2304.8,27.625,0.7642,0.27545,38.837,0.45787,0.07896,0.4828,83.51,27.908,1924.35,GOOD,synthetic_physics
2428.1,25.1875,0.932,0.47141,43.042,0.47544,0.08629,0.4607,32.89,25.458,2374.28,MARGINAL,synthetic_physics
2368.4,33.5625,1.0252,0.49681,44.0,0.5543,0.05552,0.5384,19.65,33.547,2492.03,MARGINAL,synthetic_physics
2434.5,33.4375,0.784,0.38634,39.315,0.62194,0.10927,0.501,76.04,33.181,1990.77,MARGINAL,synthetic_physics
2440.1,25.8125,0.7253,0.32129,40.066,0.43413,0.06501,0.4509,105.26,25.653,1731.02,GOOD,synthetic_physics
2314.4,31.5,0.5611,0.18142,27.03,0.65273,0.1331,0.601,145.44,31.511,1373.88,REJECT,synthetic_physics
2279.0,37.125,0.9493,0.43302,41.881,0.49419,0.08917,0.5067,41.17,37.398,2300.76,MARGINAL,synthetic_physics
2416.8,38.625,0.7725,0.33919,38.462,0.47162,0.0599,0.3821,79.43,38.621,1960.61,MARGINAL,synthetic_physics
2367.6,23.9375,0.34,0.19803,28.999,0.54079,0.0744,0.4567,197.55,23.884,910.66,REJECT,synthetic_physics
2473.2,21.125,0.6018,0.30287,36.709,0.5157,0.08244,0.422,116.48,20.877,1631.28,GOOD,synthetic_physics
2329.7,33.5625,0.7056,0.28914,34.454,0.62146,0.09922,0.5231,122.2,33.591,1580.45,MARGINAL,synthetic_physics
2377.3,23.625,0.3491,0.22201,30.935,0.60819,0.0884,0.5065,207.71,23.469,820.32,REJECT,synthetic_physics
2254.0,30.4375,1.063,0.47283,40.505,0.63147,0.09868,0.6211,21.94,30.521,2471.69,REJECT,synthetic_physics
2470.0,25.8125,0.858,0.43268,40.706,0.43713,0.06288,0.4426,61.5,25.86,2120.0,GOOD,synthetic_physics
2340.2,25.375,0.3402,0.26992,31.735,0.44364,0.07158,0.3961,218.98,25.141,720.21,REJECT,synthetic_physics
2372.5,33.3125,1.0313,0.45532,39.922,0.37511,0.05486,0.4426,19.85,33.506,2490.18,MARGINAL,synthetic_physics
2357.9,27.9375,0.7691,0.3974,34.995,0.33288,0.05299,0.4554,86.12,27.61,1901.15,GOOD,synthetic_physics
2237.9,35.5,0.5222,0.18118,29.578,0.67145,0.11878,0.5638,159.52,35.715,1248.69,REJECT,synthetic_physics
2361.2,31.8125,0.6391,0.42061,33.01,0.51455,0.08211,0.4221,115.43,31.834,1640.64,GOOD,synthetic_physics
2245.9,33.5,0.5804,0.25235,28.03,0.61681,0.10994,0.5459,127.9,33.463,1529.76,MARGINAL,synthetic_physics
2510.3,27.8125,0.6624,0.31178,34.887,0.38001,0.03373,0.3338,96.5,27.372,1808.92,REJECT,synthetic_physics
2469.2,26.25,0.7811,0.40596,40.151,0.48502,0.0775,0.4211,89.19,26.463,1873.83,GOOD,synthetic_physics
2287.0,35.5625,0.2625,0.17303,33.535,0.56841,0.1136,0.4993,218.22,35.493,726.89,REJECT,synthetic_physics
2436.9,28.375,0.6464,0.25789,40.011,0.48607,0.04978,0.4042,113.82,28.568,1654.95,GOOD,synthetic_physics
2380.5,33.0,0.845,0.43883,34.299,0.64514,0.08619,0.5388,48.06,32.928,2239.47,MARGINAL,synthetic_physics
2303.2,37.8125,0.9951,0.33498,37.431,0.55223,0.103,0.5847,35.31,37.903,2352.8,REJECT,synthetic_physics
2358.8,22.5,0.7835,0.30312,36.47,0.51734,0.09049,0.4841,87.96,22.181,1884.82,GOOD,synthetic_physics
2403.9,27.8125,0.7417,0.35088,37.695,0.46258,0.07993,0.4482,92.92,27.736,1840.67,GOOD,synthetic_physics
2391.8,34.3125,0.6246,0.29941,37.899,0.46123,0.07699,0.4121,120.66,34.417,1594.11,GOOD,synthetic_physics
2349.9,29.0,0.697,0.31011,28.962,0.60493,0.1121,0.545,130.67,28.837,1505.14,MARGINAL,synthetic_physics
2457.9,26.75,0.6287,0.21872,35.166,0.57065,0.0603,0.4123,118.05,26.642,1617.31,GOOD,synthetic_physics
2553.8,33.9375,0.8481,0.5692,37.751,0.41226,0.03933,0.3612,53.3,33.867,2192.86,MARGINAL,synthetic_physics
2419.2,23.0625,0.875,0.39446,36.083,0.43698,0.06494,0.4508,70.59,23.253,2039.21,GOOD,synthetic_physics
2431.3,34.375,0.7987,0.44,40.034,0.39278,0.07037,0.4008,64.78,34.349,2090.8,GOOD,synthetic_physics
2377.3,25.375,0.8898,0.34776,38.872,0.47513,0.05718,0.4237,69.22,25.571,2051.34,GOOD,synthetic_physics
2442.6,13.375,0.5407,0.30965,38.381,0.40075,0.05192,0.3114,133.37,13.586,1481.13,REJECT,synthetic_physics
2306.4,37.6875,0.8871,0.41929,42.874,0.42205,0.04827,0.3937,68.55,37.506,2057.3,MARGINAL,synthetic_physics
2456.3,30.0,0.8626,0.42201,44.0,0.32729,0.04531,0.367,57.23,30.044,2157.97,MARGINAL,synthetic_physics
2374.9,34.75,0.8312,0.44803,39.293,0.42963,0.0831,0.4466,60.84,35.14,2125.9,MARGINAL,synthetic_physics
2424.8,32.125,0.9573,0.47044,40.677,0.47092,0.07233,0.4548,55.74,32.635,2171.18,GOOD,synthetic_physics
2518.3,22.8125,0.9918,0.5492,44.0,0.38702,0.04506,0.3569,33.89,22.95,2365.46,MARGINAL,synthetic_physics
2491.7,33.0,0.5204,0.29372,29.619,0.35318,0.0405,0.3183,149.1,33.047,1341.3,REJECT,synthetic_physics
2436.1,40.0,0.9317,0.48548,42.633,0.27934,0.05737,0.3832,42.93,39.698,2285.04,MARGINAL,synthetic_physics
2307.2,33.6875,0.6094,0.35035,29.458,0.5622,0.09631,0.477,124.58,33.667,1559.32,GOOD,synthetic_physics
2504.6,27.9375,0.7954,0.38398,37.437,0.30837,0.06427,0.3221,92.91,28.337,1840.79,REJECT,synthetic_physics
2512.7,30.1875,0.7091,0.31731,32.869,0.40002,0.08205,0.4056,108.02,30.348,1706.49,GOOD,synthetic_physics
2196.8,28.1875,0.8615,0.3476,36.818,0.65186,0.10569,0.6317,65.56,28.294,2083.88,REJECT,synthetic_physics
2369.2,24.875,1.0626,0.36771,40.897,0.56029,0.08536,0.5454,29.88,24.627,2401.04,MARGINAL,synthetic_physics
2316.8,38.5,0.9946,0.50572,44.0,0.33791,0.06025,0.4413,11.8,38.948,2561.81,MARGINAL,synthetic_physics
2415.2,23.5625,0.7441,0.33374,39.355,0.4379,0.07461,0.4026,95.19,23.468,1820.52,GOOD,synthetic_physics
2215.3,29.5625,0.9403,0.44127,39.163,0.63287,0.10082,0.5953,61.0,29.841,2124.44,REJECT,synthetic_physics
2402.3,20.0625,0.8379,0.42032,40.394,0.45887,0.05249,0.4731,66.06,20.087,2079.48,GOOD,synthetic_physics
2380.5,33.5625,0.8686,0.40291,36.099,0.43661,0.04482,0.4466,58.6,33.288,2145.78,GOOD,synthetic_physics
2315.2,27.1875,0.6144,0.24527,35.139,0.58432,0.09031,0.4944,121.5,27.224,1586.65,GOOD,synthetic_physics
2259.6,38.9375,0.8675,0.35488,35.4,0.57998,0.11596,0.555,70.25,38.792,2042.19,REJECT,synthetic_physics
2241.1,28.375,1.0196,0.47326,40.569,0.52941,0.07855,0.5477,27.03,28.805,2426.41,MARGINAL,synthetic_physics
2204.8,25.8125,0.6373,0.21599,31.115,0.64926,0.12702,0.6022,118.62,26.054,1612.26,REJECT,synthetic_physics
2345.9,32.1875,0.5767,0.23859,35.416,0.62566,0.10299,0.4847,129.58,32.767,1514.84,MARGINAL,synthetic_physics
2538.5,25.5625,0.3704,0.2589,32.907,0.4664,0.04433,0.3757,189.27,25.841,984.29,REJECT,synthetic_physics
2284.6,30.5,0.889,0.35294,41.652,0.58584,0.11144,0.5453,54.01,31.211,2186.62,MARGINAL,synthetic_physics
2196.0,29.8125,0.9437,0.31039,40.531,0.57575,0.12115,0.6428,52.42,29.441,2200.74,REJECT,synthetic_physics
2422.4,28.5,0.6702,0.27286,35.204,0.44348,0.09675,0.4828,120.1,28.326,1599.1,GOOD,synthetic_physics
2481.2,25.75,0.9008,0.466,44.0,0.43857,0.05755,0.4097,61.57,25.986,2119.39,GOOD,synthetic_physics
2440.1,27.9375,0.6331,0.32715,35.587,0.34294,0.05313,0.3673,124.28,27.742,1561.94,MARGINAL,synthetic_physics
2378.9,32.625,0.6473,0.37236,33.021,0.4993,0.06683,0.4276,117.67,33.01,1620.74,GOOD,synthetic_physics
2412.7,30.375,0.847,0.4034,44.0,0.42826,0.05013,0.3872,71.67,30.061,2029.61,MARGINAL,synthetic_physics
2291.9,40.125,0.3518,0.18333,30.975,0.70645,0.1269,0.591,189.96,40.002,978.14,REJECT,synthetic_physics
2434.5,25.4375,0.6941,0.34309,36.275,0.42001,0.08562,0.4021,95.34,25.761,1819.23,GOOD,synthetic_physics
2341.0,35.3125,0.7869,0.26777,30.759,0.54665,0.07807,0.526,93.0,35.452,1839.96,MARGINAL,synthetic_physics
2348.3,28.9375,0.714,0.33955,32.068,0.4669,0.10462,0.4733,122.42,28.815,1578.47,GOOD,synthetic_physics
2175.8,38.1875,0.3551,0.13323,26.146,0.65531,0.13331,0.6371,218.95,38.058,720.45,REJECT,synthetic_physics
2312.8,33.625,0.8689,0.4331,40.016,0.44981,0.08044,0.4954,50.31,33.739,2219.43,GOOD,synthetic_physics
2446.6,31.875,0.8101,0.33569,40.674,0.56896,0.07318,0.4137,67.52,31.791,2066.47,GOOD,synthetic_physics
2452.2,32.125,0.8187,0.39482,44.0,0.44827,0.07732,0.4217,63.69,32.235,2100.55,GOOD,synthetic_physics
2395.8,28.625,0.8852,0.43956,35.339,0.50608,0.09003,0.4439,71.16,28.593,2034.13,GOOD,synthetic_physics
2380.5,28.875,0.768,0.37273,37.707,0.4872,0.05692,0.454,86.63,28.932,1896.6,GOOD,synthetic_physics
2199.2,32.5625,0.5362,0.22175,24.934,0.64048,0.09119,0.5479,150.22,32.266,1331.4,REJECT,synthetic_physics
2508.6,35.1875,0.9005,0.49086,44.0,0.32988,0.03756,0.3053,53.1,35.407,2194.69,REJECT,synthetic_physics
2523.2,28.875,0.7567,0.43682,42.866,0.36043,0.06302,0.3324,86.39,28.924,1898.75,REJECT,synthetic_physics
2286.2,33.375,0.6858,0.335,28.568,0.64569,0.11002,0.5716,92.46,33.222,1844.83,REJECT,synthetic_physics
2299.1,28.5625,0.3275,0.20046,29.513,0.62826,0.10571,0.5532,198.4,28.137,903.1,REJECT,synthetic_physics
2477.2,28.75,0.7711,0.44197,38.63,0.35646,0.0531,0.3886,86.6,28.338,1896.86,MARGINAL,synthetic_physics
2385.3,35.125,0.8434,0.34531,42.963,0.53758,0.09652,0.5111,60.52,35.147,2128.7,MARGINAL,synthetic_physics
2313.6,29.625,0.935,0.43314,38.314,0.55491,0.09398,0.494,46.61,29.605,2252.36,MARGINAL,synthetic_physics
2353.9,26.875,0.8073,0.32954,38.575,0.57311,0.0896,0.4815,98.75,26.727,1788.89,GOOD,synthetic_physics
2369.2,38.3125,0.8057,0.33273,38.503,0.54156,0.08964,0.4894,88.83,38.754,1877.03,MARGINAL,synthetic_physics
2432.1,19.75,0.7446,0.42154,37.121,0.38641,0.0639,0.4101,87.33,19.415,1890.41,GOOD,synthetic_physics
2275.8,32.75,0.9659,0.45072,40.674,0.54655,0.08849,0.5696,26.54,32.731,2430.79,REJECT,synthetic_physics
2399.9,39.0,0.7443,0.35195,37.988,0.47442,0.07771,0.4298,101.17,38.657,1767.41,MARGINAL,synthetic_physics
2533.6,28.6875,0.9509,0.45386,41.954,0.26998,0.05125,0.3002,42.39,28.508,2289.87,REJECT,synthetic_physics
2326.5,17.8125,0.7789,0.40274,38.354,0.46901,0.08648,0.4952,71.2,17.572,2033.76,GOOD,synthetic_physics
2385.3,34.375,0.6583,0.28269,39.973,0.56767,0.06533,0.4151,132.12,34.289,1492.23,MARGINAL,synthetic_physics
2512.7,30.25,0.6277,0.35341,34.52,0.4428,0.08861,0.4466,116.75,29.933,1628.91,GOOD,synthetic_physics
2342.6,24.3125,0.903,0.43536,42.061,0.50502,0.04932,0.4711,52.54,24.125,2199.68,GOOD,synthetic_physics
2389.4,33.3125,0.794,0.36406,38.475,0.53586,0.09019,0.48,73.79,33.919,2010.77,GOOD,synthetic_physics
2411.1,30.8125,0.7884,0.41216,38.298,0.36809,0.0864,0.4092,76.95,30.947,1982.66,GOOD,synthetic_physics
2603.7,26.125,0.8285,0.33465,39.7,0.44583,0.06283,0.3611,89.46,26.09,1871.47,MARGINAL,synthetic_physics
2432.1,28.3125,0.6195,0.31082,35.206,0.50884,0.05961,0.4511,132.27,28.388,1490.92,MARGINAL,synthetic_physics
2383.7,30.0,0.7252,0.35526,32.454,0.5352,0.0769,0.4497,73.71,29.67,2011.46,GOOD,synthetic_physics
2366.8,30.9375,0.8725,0.44474,39.058,0.4837,0.09733,0.4648,57.77,31.026,2153.13,GOOD,synthetic_physics
2447.4,32.0,0.3845,0.26148,34.22,0.56742,0.1056,0.4696,191.36,31.931,965.72,REJECT,synthetic_physics
2407.1,29.1875,0.8153,0.34828,37.271,0.53962,0.09246,0.5022,90.3,29.449,1864.02,MARGINAL,synthetic_physics
2329.7,34.25,0.6494,0.27352,31.087,0.60915,0.07599,0.5098,137.62,34.325,1443.38,MARGINAL,synthetic_physics
2398.2,29.75,0.8083,0.38404,35.669,0.46905,0.06187,0.4483,81.81,29.606,1939.49,GOOD,synthetic_physics
2316.0,25.125,0.6736,0.42984,38.946,0.51398,0.06788,0.4515,83.63,24.86,1923.26,GOOD,synthetic_physics
2419.2,29.0625,0.3212,0.19952,30.369,0.47963,0.10707,0.4472,209.38,28.775,805.53,REJECT,synthetic_physics
2420.8,22.3125,0.8587,0.46174,40.56,0.34856,0.06859,0.4027,62.33,22.419,2112.65,GOOD,synthetic_physics
2392.6,32.6875,0.7063,0.4203,35.736,0.52667,0.0674,0.4043,100.54,32.612,1772.95,GOOD,synthetic_physics
2394.2,33.625,0.6138,0.30822,33.785,0.54391,0.08891,0.4791,123.08,33.13,1572.6,GOOD,synthetic_physics
2266.9,25.25,0.9257,0.41263,36.437,0.65088,0.1269,0.6236,41.87,25.256,2294.5,REJECT,synthetic_physics
2387.0,28.375,0.6667,0.26612,40.016,0.51721,0.07497,0.4136,123.84,28.421,1565.87,GOOD,synthetic_physics
2416.0,29.75,0.6871,0.33484,37.162,0.61188,0.09953,0.5496,76.57,29.432,1986.07,MARGINAL,synthetic_physics
2376.5,33.5,0.9459,0.47815,41.573,0.40903,0.06021,0.443,28.66,33.399,2411.94,MARGINAL,synthetic_physics
2333.8,15.875,1.0094,0.43522,39.766,0.51238,0.07536,0.549,18.61,15.925,2501.27,MARGINAL,synthetic_physics
2270.1,27.25,0.7181,0.27422,32.375,0.49279,0.07713,0.5195,98.27,27.106,1793.19,MARGINAL,synthetic_physics
2395.8,35.25,0.6923,0.29855,33.571,0.48356,0.07458,0.4573,123.4,35.004,1569.76,MARGINAL,synthetic_physics
2441.0,20.1875,0.6988,0.32175,35.61,0.4713,0.09022,0.4631,98.07,20.008,1794.92,GOOD,synthetic_physics
2441.8,31.9375,0.6643,0.31607,33.825,0.39237,0.07766,0.4349,113.95,31.781,1653.74,GOOD,synthetic_physics
2402.3,26.75,0.9836,0.43595,42.749,0.44141,0.0573,0.419,58.44,26.587,2147.24,GOOD,synthetic_physics
2399.0,36.375,0.4927,0.22219,31.331,0.62883,0.10591,0.5278,144.83,36.195,1379.28,MARGINAL,synthetic_physics
2413.6,27.8125,0.5152,0.22237,31.872,0.62204,0.06004,0.4649,149.87,27.946,1334.48,MARGINAL,synthetic_physics
2304.0,23.4375,0.7893,0.39097,38.73,0.58572,0.10364,0.5274,70.98,23.514,2035.77,MARGINAL,synthetic_physics
2514.3,31.5,1.044,0.60139,44.0,0.2996,0.03287,0.3159,12.76,31.374,2553.21,REJECT,synthetic_physics
2465.1,31.5625,0.7405,0.34022,36.682,0.46791,0.06083,0.4027,92.39,31.421,1845.45,GOOD,synthetic_physics
2303.2,26.6875,0.6663,0.31774,31.666,0.53149,0.09709,0.5282,117.94,26.548,1618.34,MARGINAL,synthetic_physics
2445.8,31.625,0.9952,0.55763,44.0,0.30259,0.0498,0.3785,20.15,31.8,2487.57,MARGINAL,synthetic_physics
2357.1,32.0625,0.8459,0.42437,38.586,0.56814,0.04858,0.4735,81.04,31.938,1946.32,GOOD,synthetic_physics
2327.3,24.9375,0.9308,0.47709,39.349,0.4792,0.09058,0.5086,41.81,25.12,2294.98,MARGINAL,synthetic_physics
2319.3,31.625,0.9028,0.42437,38.979,0.59477,0.07912,0.4755,64.09,31.772,2097.0,GOOD,synthetic_physics
2340.2,28.5625,0.6237,0.36928,35.415,0.48578,0.07336,0.4491,110.22,28.681,1686.96,GOOD,synthetic_physics
2425.6,31.9375,0.6636,0.32924,39.062,0.42821,0.05659,0.3787,116.32,31.809,1632.72,MARGINAL,synthetic_physics
2412.7,29.6875,1.0498,0.45271,42.071,0.40341,0.08824,0.486,13.64,29.564,2545.46,MARGINAL,synthetic_physics
2232.2,29.0625,0.9783,0.44408,39.105,0.56444,0.11715,0.5796,21.14,29.338,2478.76,REJECT,synthetic_physics
2496.6,38.0625,0.738,0.37771,41.162,0.39163,0.06148,0.3272,95.05,37.806,1821.73,REJECT,synthetic_physics
2544.1,15.25,0.8696,0.408,42.092,0.59148,0.06329,0.4088,80.88,15.303,1947.77,GOOD,synthetic_physics
2494.9,33.3125,0.7701,0.47317,42.94,0.46179,0.03909,0.3686,71.18,33.715,2033.99,MARGINAL,synthetic_physics
2394.2,31.375,0.73,0.41344,34.817,0.48671,0.06354,0.4145,91.43,31.311,1853.97,GOOD,synthetic_physics
2396.6,36.75,0.8405,0.47311,44.0,0.36898,0.05458,0.4061,74.2,36.661,2007.16,MARGINAL,synthetic_physics
2371.6,33.6875,0.7366,0.31815,35.156,0.56136,0.07679,0.4592,100.7,33.578,1771.53,GOOD,synthetic_physics
2333.8,29.6875,0.7831,0.3279,35.95,0.62598,0.12593,0.5606,74.58,29.362,2003.74,REJECT,synthetic_physics
2492.5,31.125,0.83,0.44099,43.218,0.31088,0.04294,0.3036,72.5,30.96,2022.25,REJECT,synthetic_physics
2511.1,30.0,0.8031,0.42953,44.0,0.42353,0.04292,0.3609,58.25,30.016,2148.87,MARGINAL,synthetic_physics
2544.9,30.5,0.7017,0.36881,41.075,0.33353,0.04867,0.3595,96.7,30.566,1807.07,MARGINAL,synthetic_physics
2379.7,34.625,0.5116,0.27185,34.235,0.51476,0.07847,0.4225,142.47,34.684,1400.29,MARGINAL,synthetic_physics
2345.9,30.75,0.8879,0.34373,33.853,0.5873,0.14079,0.6309,48.38,30.812,2236.61,REJECT,synthetic_physics
2380.5,28.25,0.3369,0.31835,30.329,0.46571,0.05999,0.4007,199.98,28.268,889.09,REJECT,synthetic_physics
2417.6,25.1875,0.9706,0.46732,38.98,0.45918,0.09186,0.4317,50.44,25.373,2218.3,GOOD,synthetic_physics
2465.9,24.6875,0.6964,0.31819,37.976,0.53837,0.08385,0.4481,108.11,24.515,1705.72,GOOD,synthetic_physics
2424.8,29.5,0.935,0.4269,40.93,0.50338,0.0711,0.4548,66.73,29.71,2073.52,GOOD,synthetic_physics
2443.4,32.9375,0.979,0.46486,37.78,0.35249,0.0788,0.4074,53.23,33.091,2193.49,GOOD,synthetic_physics
2378.1,31.25,0.9078,0.51105,44.0,0.25676,0.04614,0.3694,30.84,31.267,2392.55,MARGINAL,synthetic_physics
2357.9,33.5,0.596,0.19779,32.045,0.55999,0.08783,0.4568,124.66,33.972,1558.56,GOOD,synthetic_physics
2424.8,25.9375,0.8988,0.40068,40.7,0.4696,0.07284,0.4357,60.71,25.707,2127.0,GOOD,synthetic_physics
2324.1,26.75,0.5328,0.26025,32.794,0.65305,0.09907,0.5681,128.75,26.692,1522.2,REJECT,synthetic_physics
2248.4,26.9375,0.4366,0.19819,28.947,0.63886,0.12148,0.5744,190.61,27.021,972.4,REJECT,synthetic_physics
2403.1,23.5,0.3805,0.20981,32.0,0.61723,0.07124,0.4772,206.1,23.669,834.66,REJECT,synthetic_physics
2407.9,42.5625,0.7517,0.40829,39.16,0.49456,0.06502,0.3973,92.12,42.527,1847.86,REJECT,synthetic_physics
2333.8,27.0625,0.5609,0.24333,31.036,0.58651,0.06659,0.4767,139.27,26.938,1428.74,MARGINAL,synthetic_physics
2504.6,25.5625,0.3842,0.32352,33.755,0.47701,0.07062,0.3119,189.21,25.508,984.83,REJECT,synthetic_physics
2292.7,42.5625,0.4034,0.2217,28.311,0.62786,0.08507,0.5283,186.05,42.485,1012.88,REJECT,synthetic_physics
2324.1,32.5,1.0258,0.49368,44.0,0.39464,0.0598,0.4022,30.13,32.566,2398.84,MARGINAL,synthetic_physics
2322.5,24.8125,0.7573,0.34938,39.305,0.45188,0.09733,0.4164,107.35,24.699,1712.48,GOOD,synthetic_physics
2519.9,24.125,0.377,0.21209,31.322,0.59173,0.06802,0.352,206.75,24.403,828.87,REJECT,synthetic_physics
2355.5,34.125,0.4708,0.29386,29.581,0.40903,0.08823,0.4048,172.71,33.971,1131.44,REJECT,synthetic_physics
2477.2,34.25,0.6615,0.39985,34.766,0.45713,0.06526,0.35,123.33,34.182,1570.4,MARGINAL,synthetic_physics
2266.1,28.0,0.8527,0.35367,35.105,0.58076,0.10264,0.5607,79.66,28.036,1958.56,REJECT,synthetic_physics
2515.9,27.0,0.4314,0.3161,35.583,0.40385,0.05733,0.3544,175.11,27.003,1110.11,REJECT,synthetic_physics
2324.9,29.8125,0.8908,0.38694,36.545,0.50129,0.08428,0.483,54.29,29.744,2184.13,GOOD,synthetic_physics
2398.2,31.6875,0.6641,0.31771,36.37,0.45109,0.0824,0.4013,111.58,31.896,1674.89,GOOD,synthetic_physics
2274.1,28.5,0.9283,0.42529,43.307,0.52689,0.07251,0.4809,52.39,28.796,2200.97,GOOD,synthetic_physics
2298.3,25.0625,0.9625,0.38071,43.479,0.57244,0.09947,0.566,40.11,25.415,2310.17,REJECT,synthetic_physics
2292.7,29.875,0.3887,0.09258,25.555,0.73454,0.13718,0.6089,204.65,30.248,847.51,REJECT,synthetic_physics
2532.0,30.75,0.8059,0.38483,42.69,0.37599,0.0473,0.3034,91.97,30.521,1849.16,REJECT,synthetic_physics
2345.9,31.0,0.6556,0.32237,33.12,0.55713,0.10889,0.5384,102.74,31.265,1753.46,MARGINAL,synthetic_physics
2242.7,30.9375,1.0393,0.36701,35.687,0.65326,0.11639,0.6432,13.04,30.979,2550.79,REJECT,synthetic_physics
2510.3,27.5,0.5766,0.28777,36.694,0.47745,0.04151,0.3214,139.54,27.584,1426.29,REJECT,synthetic_physics
2374.1,36.125,0.7862,0.35758,40.323,0.43612,0.0986,0.4839,86.0,36.252,1902.21,MARGINAL,synthetic_physics
2403.1,23.6875,0.6821,0.29066,38.04,0.49938,0.05082,0.4327,104.61,23.457,1736.8,GOOD,synthetic_physics
2461.1,32.3125,0.8257,0.4429,37.886,0.47502,0.06955,0.4418,62.33,32.182,2112.63,GOOD,synthetic_physics
2352.3,25.5,0.4976,0.22989,32.019,0.62423,0.12411,0.5765,155.48,25.624,1284.6,REJECT,synthetic_physics
2391.8,31.0,0.6828,0.37944,34.855,0.51642,0.08127,0.484,114.11,30.695,1652.31,GOOD,synthetic_physics
2381.3,26.625,0.9583,0.45468,41.881,0.56086,0.08285,0.5369,29.68,26.739,2402.86,MARGINAL,synthetic_physics
2444.2,35.9375,0.3873,0.20669,34.257,0.46761,0.07578,0.4118,207.71,35.839,820.35,REJECT,synthetic_physics
2468.4,26.625,0.6633,0.33959,36.511,0.54234,0.0808,0.4431,113.54,26.557,1657.38,GOOD,synthetic_physics
2200.0,31.6875,1.265,0.40486,44.0,0.57436,0.12062,0.6262,14.14,31.625,2540.96,REJECT,synthetic_physics
2233.0,23.8125,0.3357,0.23221,31.219,0.67463,0.12078,0.5743,211.39,23.821,787.62,REJECT,synthetic_physics
2527.2,29.6875,0.396,0.23257,38.567,0.4271,0.06258,0.3187,205.18,29.944,842.82,REJECT,synthetic_physics
2341.8,32.4375,0.7839,0.37105,36.19,0.46124,0.10801,0.4851,84.71,32.203,1913.71,GOOD,synthetic_physics
2418.4,33.6875,0.5777,0.29325,32.767,0.47768,0.06558,0.4381,127.16,33.752,1536.34,MARGINAL,synthetic_physics
2491.7,16.4375,0.6189,0.27999,36.931,0.45065,0.07471,0.4069,123.96,16.492,1564.8,GOOD,synthetic_physics
2353.1,26.875,0.9234,0.3474,31.582,0.5744,0.06007,0.488,93.54,26.87,1835.2,GOOD,synthetic_physics
2453.8,22.375,0.8527,0.40798,38.913,0.43773,0.05273,0.4413,64.93,22.581,2089.51,GOOD,synthetic_physics
2369.2,29.75,0.6309,0.27745,34.097,0.60618,0.10519,0.489,118.3,29.502,1615.09,GOOD,synthetic_physics
2426.4,24.6875,0.6799,0.3993,34.165,0.40291,0.06946,0.3508,107.84,24.81,1708.05,MARGINAL,synthetic_physics
2378.9,30.6875,0.7433,0.36897,39.047,0.51414,0.06975,0.4536,96.04,30.538,1812.96,GOOD,synthetic_physics
2358.8,20.5,1.1194,0.53961,44.0,0.47854,0.07397,0.4656,16.39,20.639,2520.98,MARGINAL,synthetic_physics
2424.0,31.5,0.9092,0.45447,43.321,0.39532,0.04221,0.3816,62.43,31.562,2111.74,MARGINAL,synthetic_physics
2365.2,26.9375,0.7931,0.4166,37.735,0.49371,0.04288,0.4144,83.98,27.019,1920.22,GOOD,synthetic_physics
2325.7,32.875,0.9458,0.40157,41.568,0.47239,0.07967,0.4956,35.8,32.582,2348.47,MARGINAL,synthetic_physics
2292.7,37.9375,0.3813,0.14273,31.904,0.67168,0.12562,0.5871,195.3,37.956,930.64,REJECT,synthetic_physics
2447.4,29.4375,0.5154,0.2547,31.788,0.42358,0.04635,0.3742,154.92,29.411,1289.61,REJECT,synthetic_physics
2320.9,28.5,0.7471,0.38192,34.883,0.49574,0.08556,0.4838,96.0,28.523,1813.3,GOOD,synthetic_physics
2313.6,31.25,0.5134,0.1991,27.482,0.56961,0.07825,0.5029,145.06,31.707,1377.26,MARGINAL,synthetic_physics
2370.0,39.3125,0.7788,0.38318,36.04,0.55961,0.08865,0.4879,82.71,39.415,1931.43,MARGINAL,synthetic_physics
2354.7,24.25,0.6813,0.2482,30.579,0.55163,0.08124,0.5001,143.4,24.2,1391.99,MARGINAL,synthetic_physics
2463.5,39.125,0.6907,0.3406,39.706,0.39415,0.06014,0.3723,106.25,39.274,1722.26,MARGINAL,synthetic_physics
2430.5,28.9375,1.0077,0.5297,41.809,0.52365,0.08643,0.474,28.0,28.904,2417.78,MARGINAL,synthetic_physics
2429.7,28.8125,0.4339,0.30282,32.724,0.52408,0.04393,0.3776,180.06,28.837,1066.13,REJECT,synthetic_physics
2384.5,20.625,0.4137,0.22061,32.441,0.45553,0.07417,0.4486,189.66,20.708,980.82,REJECT,synthetic_physics
2295.9,30.625,0.9404,0.36076,35.373,0.50389,0.08199,0.509,64.01,30.588,2097.72,MARGINAL,synthetic_physics
2499.0,29.1875,0.7874,0.47253,40.192,0.36068,0.044,0.3081,74.98,28.897,2000.18,REJECT,synthetic_physics
2457.9,25.4375,0.7854,0.30814,35.701,0.44485,0.06633,0.4128,95.05,25.231,1821.81,GOOD,synthetic_physics
2405.5,31.875,0.9698,0.50431,40.213,0.65135,0.08317,0.5051,19.03,31.952,2497.47,MARGINAL,synthetic_physics
2411.1,32.375,0.6563,0.2787,32.614,0.60792,0.08837,0.4641,109.09,32.047,1697.02,GOOD,synthetic_physics
2345.1,26.9375,0.856,0.38683,38.982,0.44322,0.0397,0.4359,66.5,26.985,2075.58,GOOD,synthetic_physics
2453.0,30.75,0.9094,0.39677,37.151,0.37426,0.04678,0.3976,62.23,31.079,2113.47,MARGINAL,synthetic_physics
2361.2,27.625,0.6072,0.23301,29.85,0.60242,0.08553,0.5004,139.62,27.787,1425.58,MARGINAL,synthetic_physics
2486.1,26.4375,0.6428,0.27301,33.844,0.39408,0.0826,0.4023,131.46,26.502,1498.11,MARGINAL,synthetic_physics
2540.9,39.25,0.6112,0.37206,38.025,0.35394,0.0502,0.3612,118.52,39.254,1613.17,MARGINAL,synthetic_physics
2427.3,32.625,0.8952,0.40631,37.629,0.45081,0.06086,0.4381,56.94,32.981,2160.55,GOOD,synthetic_physics
2401.5,28.5,0.7018,0.34192,32.196,0.45835,0.08834,0.4507,118.2,28.667,1615.97,GOOD,synthetic_physics
2255.6,38.125,1.1156,0.35808,34.143,0.6305,0.08842,0.5392,90.86,38.158,1859.05,MARGINAL,synthetic_physics
2450.6,32.5,0.634,0.29465,34.654,0.42821,0.06376,0.4121,127.2,32.321,1535.99,MARGINAL,synthetic_physics
2256.4,35.5,0.8736,0.37266,38.136,0.60864,0.10645,0.5948,46.73,35.464,2251.33,REJECT,synthetic_physics
2360.4,21.5,1.0342,0.53075,43.312,0.48535,0.08719,0.4972,16.39,21.609,2520.96,MARGINAL,synthetic_physics
2299.9,33.3125,0.3833,0.20166,25.296,0.68872,0.11524,0.5711,192.63,33.463,954.39,REJECT,synthetic_physics
2400.7,22.875,0.4049,0.23587,31.181,0.52736,0.0841,0.4127,191.8,23.128,961.8,REJECT,synthetic_physics
2244.3,32.0625,0.8292,0.4228,35.634,0.45625,0.1016,0.4983,76.66,31.836,1985.2,GOOD,synthetic_physics
2488.5,25.5,1.0019,0.47735,42.22,0.45028,0.07213,0.4564,21.1,25.373,2479.08,MARGINAL,synthetic_physics
2445.8,23.8125,0.7177,0.37463,33.706,0.60945,0.09768,0.4654,110.13,23.971,1687.75,GOOD,synthetic_physics
2441.0,28.5,0.7152,0.34471,39.881,0.4554,0.10625,0.4466,97.71,28.754,1798.1,GOOD,synthetic_physics
2357.9,33.375,1.0137,0.45801,39.748,0.56328,0.08026,0.5177,18.38,33.322,2503.32,MARGINAL,synthetic_physics
2388.6,32.125,0.6489,0.24849,34.581,0.52213,0.11955,0.4705,118.9,32.414,1609.79,GOOD,synthetic_physics
2336.2,33.9375,0.8013,0.36541,30.735,0.52078,0.11026,0.5244,90.83,34.184,1859.27,MARGINAL,synthetic_physics
2197.6,23.6875,0.6882,0.22013,29.569,0.62028,0.13456,0.5973,123.3,23.342,1570.62,REJECT,synthetic_physics
2370.0,30.5625,0.8384,0.47667,42.429,0.45477,0.08235,0.4315,72.84,30.807,2019.16,GOOD,synthetic_physics
2381.3,33.125,0.5785,0.196,29.908,0.58042,0.10884,0.5237,160.64,33.178,1238.73,REJECT,synthetic_physics
2407.1,29.25,0.9162,0.43785,40.351,0.50041,0.07093,0.4573,54.34,29.275,2183.63,GOOD,synthetic_physics
2224.2,37.4375,0.4742,0.09619,26.896,0.75531,0.13273,0.6017,158.64,37.21,1256.57,REJECT,synthetic_physics
2324.1,31.625,0.4997,0.17231,30.635,0.57308,0.09702,0.4986,164.1,31.939,1207.96,REJECT,synthetic_physics
2457.1,35.5,0.713,0.3226,39.985,0.50876,0.07303,0.4383,86.67,35.244,1896.23,MARGINAL,synthetic_physics
2308.0,21.25,0.9797,0.5031,44.0,0.53563,0.08834,0.5055,35.17,21.225,2354.07,MARGINAL,synthetic_physics
2370.8,32.25,0.6343,0.33419,34.346,0.58708,0.09227,0.4756,114.32,32.191,1650.5,GOOD,synthetic_physics
2503.0,30.5,0.5824,0.24657,33.611,0.39449,0.05957,0.3376,144.99,30.206,1377.91,REJECT,synthetic_physics
2419.2,29.375,0.8754,0.30769,37.486,0.52591,0.05413,0.4819,69.58,29.492,2048.2,GOOD,synthetic_physics
2428.9,32.4375,0.7077,0.29656,37.661,0.50393,0.08662,0.4042,117.34,32.197,1623.61,GOOD,synthetic_physics
2417.6,30.9375,0.8035,0.51997,42.229,0.46181,0.05561,0.4125,57.17,30.903,2158.46,GOOD,synthetic_physics
2444.2,32.5,0.8549,0.42748,37.82,0.41463,0.05335,0.3328,71.96,32.553,2027.02,REJECT,synthetic_physics
2362.0,36.5,0.9525,0.44151,43.923,0.36937,0.101,0.4943,26.88,36.927,2427.73,MARGINAL,synthetic_physics
2489.3,33.5625,0.678,0.36779,35.008,0.39016,0.05402,0.3569,105.19,33.83,1731.64,MARGINAL,synthetic_physics
2416.0,25.75,0.6415,0.35273,32.547,0.44191,0.06946,0.4056,123.4,25.632,1569.75,GOOD,synthetic_physics
2423.2,35.5,0.3721,0.27817,33.412,0.34349,0.05524,0.3292,205.53,35.625,839.77,REJECT,synthetic_physics
2370.0,29.6875,0.5718,0.33464,35.828,0.45909,0.06472,0.4344,119.0,29.397,1608.9,GOOD,synthetic_physics
2378.1,32.75,0.6448,0.25841,34.008,0.53084,0.11225,0.4882,119.32,32.912,1606.05,GOOD,synthetic_physics
2343.4,28.4375,1.0482,0.47129,44.0,0.44723,0.05653,0.4138,17.79,28.49,2508.51,MARGINAL,synthetic_physics
2420.8,34.25,0.9637,0.45817,43.301,0.44422,0.06958,0.4355,40.46,34.059,2307.04,MARGINAL,synthetic_physics
2269.3,29.125,0.828,0.44495,40.854,0.46932,0.08091,0.4913,56.51,29.202,2164.32,GOOD,synthetic_physics
2374.9,26.1875,0.7844,0.35,35.472,0.62182,0.08972,0.5061,91.53,25.955,1853.04,MARGINAL,synthetic_physics
2308.0,26.9375,0.8554,0.50103,37.006,0.51977,0.06525,0.4451,52.41,26.692,2200.77,GOOD,synthetic_physics
2254.0,31.5,1.0071,0.43628,40.948,0.573,0.12039,0.6345,28.04,31.437,2417.41,REJECT,synthetic_physics
2473.2,25.8125,0.6062,0.32499,33.709,0.45146,0.06863,0.4116,121.7,26.242,1584.91,GOOD,synthetic_physics
2537.7,27.5,0.5263,0.3163,33.187,0.40748,0.05948,0.3056,173.35,27.246,1125.79,REJECT,synthetic_physics
2325.7,25.5625,0.8654,0.40769,43.604,0.44291,0.06057,0.4689,59.94,25.244,2133.85,GOOD,synthetic_physics
2306.4,29.9375,0.9579,0.41577,39.534,0.56937,0.10136,0.5331,52.89,29.879,2196.56,MARGINAL,synthetic_physics
2430.5,28.9375,0.7159,0.36879,37.55,0.46794,0.07258,0.44,92.92,29.17,1840.67,GOOD,synthetic_physics
2280.6,21.125,0.7787,0.45811,37.155,0.53139,0.08846,0.4811,73.92,21.151,2009.59,GOOD,synthetic_physics
2272.5,21.6875,0.8418,0.34744,36.027,0.62361,0.12382,0.6141,62.28,21.915,2113.03,REJECT,synthetic_physics
2238.7,44.0625,0.7982,0.34281,36.281,0.61027,0.11108,0.5946,80.67,43.967,1949.64,REJECT,synthetic_physics
2511.1,27.75,0.6999,0.35478,40.517,0.27093,0.06249,0.406,95.51,27.758,1817.69,GOOD,synthetic_physics
2507.0,32.0625,0.8915,0.44438,43.515,0.36443,0.03972,0.3582,52.68,32.09,2198.43,MARGINAL,synthetic_physics
2388.6,36.0625,0.9436,0.53125,38.916,0.33289,0.02226,0.3648,41.64,36.316,2296.5,MARGINAL,synthetic_physics
2416.8,19.75,0.589,0.23874,28.276,0.59903,0.1023,0.533,140.55,19.39,1417.3,MARGINAL,synthetic_physics
2295.9,27.5625,0.4734,0.22116,31.754,0.63334,0.10399,0.5131,167.56,27.486,1177.26,REJECT,synthetic_physics
2294.3,25.375,0.9397,0.44314,38.942,0.52959,0.08467,0.5279,37.28,25.616,2335.29,MARGINAL,synthetic_physics
2357.1,18.75,0.6824,0.25136,26.782,0.68415,0.09885,0.5357,118.63,18.958,1612.21,MARGINAL,synthetic_physics
2437.7,28.0625,1.0081,0.5005,44.0,0.43177,0.06069,0.4371,23.06,27.94,2461.69,MARGINAL,synthetic_physics
2453.0,26.6875,1.0505,0.50456,43.416,0.38587,0.02605,0.3733,28.6,26.196,2412.48,MARGINAL,synthetic_physics
2255.6,34.625,0.6012,0.12316,30.227,0.7122,0.12482,0.6201,146.81,34.446,1361.67,REJECT,synthetic_physics
2338.6,23.25,0.7831,0.36667,33.661,0.56805,0.09411,0.4957,91.88,23.225,1849.96,GOOD,synthetic_physics
2342.6,36.9375,0.9046,0.39033,38.931,0.55011,0.08789,0.5183,66.73,36.93,2073.47,MARGINAL,synthetic_physics
2446.6,28.875,0.7295,0.38859,38.81,0.54581,0.07408,0.4051,92.55,28.851,1844.02,GOOD,synthetic_physics
2294.3,24.5,0.5539,0.21235,28.06,0.62382,0.14311,0.5895,145.65,24.531,1372.03,REJECT,synthetic_physics
2410.3,34.0,0.8593,0.49938,44.0,0.46067,0.05698,0.4533,22.17,33.955,2469.64,MARGINAL,synthetic_physics
2366.0,29.625,0.6018,0.31277,33.636,0.54534,0.09548,0.4357,123.43,29.308,1569.54,GOOD,synthetic_physics
2422.4,31.0625,0.754,0.31175,34.643,0.43322,0.07863,0.4727,96.77,31.386,1806.53,GOOD,synthetic_physics
2519.9,18.4375,0.289,0.24204,34.467,0.44323,0.05713,0.3178,212.5,18.281,777.77,REJECT,synthetic_physics
2416.8,21.5,0.6846,0.31268,33.661,0.40377,0.05188,0.4066,107.34,21.495,1712.53,GOOD,synthetic_physics
2369.2,29.4375,0.7762,0.37615,37.639,0.46232,0.08272,0.449,75.51,29.354,1995.44,GOOD,synthetic_physics
2397.4,37.25,0.926,0.33288,34.67,0.58507,0.09963,0.4871,73.4,37.39,2014.21,MARGINAL,synthetic_physics
2400.7,28.6875,0.6202,0.28175,37.453,0.58255,0.06883,0.461,119.51,28.613,1604.35,GOOD,synthetic_physics
2374.1,33.6875,0.7607,0.41101,36.141,0.4668,0.06102,0.4272,87.95,33.828,1884.88,GOOD,synthetic_physics
2349.1,30.9375,0.9252,0.54972,44.0,0.55852,0.0525,0.4271,42.63,31.025,2287.72,MARGINAL,synthetic_physics
2369.2,28.125,1.0056,0.45721,43.781,0.60904,0.08382,0.5251,36.15,28.018,2345.3,MARGINAL,synthetic_physics
2552.2,30.0,0.905,0.47964,39.462,0.37774,0.03527,0.3578,41.03,29.529,2301.92,MARGINAL,synthetic_physics
2407.9,31.875,0.8505,0.39304,40.208,0.44492,0.06843,0.4019,71.75,31.892,2028.89,GOOD,synthetic_physics
2404.7,28.5625,0.8738,0.43438,39.788,0.47504,0.06229,0.4427,71.62,28.565,2030.07,GOOD,synthetic_physics
2474.0,37.8125,1.0183,0.51429,40.052,0.36089,0.0389,0.3568,40.43,37.813,2307.32,MARGINAL,synthetic_physics
2599.7,29.0625,0.4259,0.29063,34.431,0.41063,0.06722,0.3006,189.73,28.959,980.17,REJECT,synthetic_physics
2426.4,23.625,0.6817,0.33695,33.672,0.48609,0.06393,0.4088,102.1,23.171,1759.11,GOOD,synthetic_physics
2421.6,34.625,0.3001,0.25773,33.401,0.39547,0.07036,0.3865,217.66,34.444,731.88,REJECT,synthetic_physics
2469.2,31.75,1.0146,0.525,44.0,0.39618,0.04874,0.3568,20.24,32.03,2486.79,MARGINAL,synthetic_physics
2471.6,34.0,0.9608,0.51564,39.54,0.37736,0.01721,0.3906,45.97,33.63,2258.04,MARGINAL,synthetic_physics
2284.6,27.875,0.5377,0.19673,30.76,0.57863,0.10728,0.5518,133.04,27.833,1484.13,REJECT,synthetic_physics
2361.2,40.4375,0.4798,0.28432,35.191,0.49372,0.06653,0.3474,167.14,39.878,1181.01,REJECT,synthetic_physics
2373.3,30.9375,0.6627,0.2865,34.991,0.4576,0.08551,0.4703,99.27,30.55,1784.22,GOOD,synthetic_physics
2427.3,26.4375,0.8375,0.4051,37.17,0.49288,0.07636,0.4476,67.27,26.731,2068.71,GOOD,synthetic_physics
2540.1,38.8125,0.3208,0.32126,34.774,0.47939,0.05638,0.3291,213.72,38.694,766.94,REJECT,synthetic_physics
2300.7,21.6875,0.6912,0.2405,36.414,0.64083,0.11237,0.5648,116.07,21.15,1634.92,REJECT,synthetic_physics
2391.8,31.875,0.8284,0.39511,42.396,0.54197,0.10689,0.5045,57.65,31.893,2154.21,MARGINAL,synthetic_physics
2297.5,36.25,0.7897,0.35082,38.521,0.47153,0.06899,0.4506,99.33,35.917,1783.74,MARGINAL,synthetic_physics
2437.7,31.875,0.8119,0.43241,37.562,0.38949,0.0616,0.4041,94.32,32.219,1828.22,GOOD,synthetic_physics
2486.1,27.5625,0.4544,0.28368,37.78,0.41842,0.06687,0.3544,171.08,27.428,1145.95,REJECT,synthetic_physics
2470.0,27.875,0.9655,0.48986,40.906,0.39648,0.06894,0.4778,35.95,28.116,2347.12,MARGINAL,synthetic_physics
2412.7,26.1875,0.5916,0.28194,32.58,0.5476,0.07624,0.4664,113.29,26.505,1659.61,GOOD,synthetic_physics
2349.1,33.5625,0.8368,0.39033,29.984,0.48841,0.0725,0.4816,84.6,33.718,1914.63,GOOD,synthetic_physics
2438.5,25.25,0.6701,0.3265,42.627,0.56391,0.07609,0.4139,124.49,25.106,1560.11,GOOD,synthetic_physics
2509.5,33.6875,0.423,0.23755,33.821,0.48977,0.04302,0.3045,180.05,33.738,1066.21,REJECT,synthetic_physics
2370.8,33.875,0.789,0.3499,39.117,0.52596,0.09434,0.4919,97.56,34.122,1799.47,GOOD,synthetic_physics
2327.3,34.3125,0.8885,0.3374,42.197,0.50953,0.0761,0.4805,77.36,34.148,1979.04,GOOD,synthetic_physics
2496.6,18.6875,0.676,0.41574,35.036,0.5345,0.07335,0.4553,106.28,18.142,1721.94,GOOD,synthetic_physics
2465.1,33.3125,0.7993,0.34562,37.588,0.3931,0.0593,0.4157,87.37,33.154,1890.07,GOOD,synthetic_physics
2588.4,25.6875,0.8395,0.40976,38.303,0.29926,0.04613,0.3521,92.43,25.761,1845.1,MARGINAL,synthetic_physics
2261.2,31.875,1.1401,0.49766,36.166,0.4912,0.10564,0.5017,39.43,31.767,2316.22,MARGINAL,synthetic_physics
2430.5,27.75,0.4338,0.32528,37.017,0.37992,0.05833,0.3376,200.52,27.296,884.24,REJECT,synthetic_physics
2382.9,38.4375,0.9794,0.51909,42.923,0.49083,0.06669,0.4255,34.89,38.429,2356.56,MARGINAL,synthetic_physics
2309.6,31.5,0.4225,0.1597,25.479,0.67178,0.14875,0.6162,186.94,31.08,1005.01,REJECT,synthetic_physics
2511.9,26.875,1.0049,0.51075,44.0,0.32775,0.0483,0.3214,23.93,27.054,2454.0,REJECT,synthetic_physics
2384.5,33.8125,0.6957,0.32549,36.42,0.59477,0.09275,0.4818,99.25,33.83,1784.41,GOOD,synthetic_physics
2245.9,32.6875,0.5573,0.20396,32.573,0.62475,0.11409,0.5431,143.33,32.835,1392.63,MARGINAL,synthetic_physics
2192.7,31.375,0.9291,0.32847,34.562,0.54435,0.13267,0.6194,59.84,31.419,2134.72,REJECT,synthetic_physics
2390.2,32.5,0.6168,0.24281,35.107,0.6349,0.13431,0.524,128.43,32.894,1525.06,MARGINAL,synthetic_physics
2413.6,32.3125,0.805,0.32732,42.343,0.50831,0.06461,0.4166,89.39,32.036,1872.07,GOOD,synthetic_physics
2435.3,27.4375,0.7205,0.40297,36.519,0.47407,0.07331,0.4556,64.32,27.522,2094.92,GOOD,synthetic_physics
2297.5,47.25,0.9111,0.33438,38.638,0.46397,0.09884,0.4617,55.26,47.028,2175.44,REJECT,synthetic_physics
2398.2,33.25,0.9404,0.48018,41.375,0.38144,0.06436,0.4298,43.03,33.141,2284.18,MARGINAL,synthetic_physics
2430.5,30.5,0.628,0.33555,33.845,0.47351,0.06987,0.4638,128.97,30.362,1520.3,MARGINAL,synthetic_physics
2283.0,48.0625,0.8385,0.31028,32.052,0.71312,0.11474,0.5721,81.41,48.0,1943.01,REJECT,synthetic_physics
2403.9,23.125,0.8113,0.41833,36.982,0.51684,0.07757,0.444,71.81,23.144,2028.36,GOOD,synthetic_physics
2546.5,30.0,1.0122,0.47584,44.0,0.31828,0.04584,0.3939,15.1,30.085,2532.47,MARGINAL,synthetic_physics
2411.9,29.8125,0.8014,0.32195,38.912,0.43757,0.05548,0.4506,77.61,29.816,1976.82,GOOD,synthetic_physics
2392.6,27.5625,0.59,0.37263,37.061,0.46824,0.07622,0.4213,111.85,27.718,1672.46,GOOD,synthetic_physics
2401.5,30.875,0.6274,0.27338,32.853,0.52026,0.10158,0.5004,113.1,31.138,1661.32,MARGINAL,synthetic_physics
2257.2,28.0,0.6286,0.21019,27.95,0.71099,0.12163,0.5978,135.14,28.046,1465.42,REJECT,synthetic_physics
2406.3,29.125,0.6286,0.36103,34.591,0.48641,0.05806,0.4299,120.14,29.071,1598.77,GOOD,synthetic_physics
2344.2,34.875,0.8517,0.41436,37.64,0.5367,0.06674,0.4658,57.84,34.632,2152.53,GOOD,synthetic_physics
2475.6,28.1875,0.6915,0.39491,37.816,0.47323,0.06238,0.4193,97.47,28.048,1800.28,GOOD,synthetic_physics
2183.9,31.1875,0.7897,0.28439,29.854,0.6467,0.12442,0.6481,90.75,31.122,1860.04,REJECT,synthetic_physics
2482.9,34.75,1.0877,0.51243,44.0,0.34843,0.0263,0.362,25.62,34.689,2438.9,MARGINAL,synthetic_physics
2331.4,33.125,0.9925,0.495,42.188,0.55954,0.10119,0.5396,17.08,33.326,2514.87,MARGINAL,synthetic_physics
2395.8,22.9375,0.8227,0.42608,44.0,0.38292,0.06786,0.4014,68.41,22.963,2058.55,GOOD,synthetic_physics
2367.6,23.75,0.8511,0.35626,38.008,0.47398,0.08248,0.4631,65.68,24.147,2082.82,GOOD,synthetic_physics
2289.5,15.8125,0.3823,0.20668,27.488,0.68073,0.13606,0.596,198.19,15.764,904.97,REJECT,synthetic_physics
2248.4,34.25,0.8383,0.39008,35.69,0.58229,0.11389,0.5492,78.61,34.112,1967.94,MARGINAL,synthetic_physics
2374.9,34.125,0.7754,0.30356,31.666,0.56685,0.06021,0.4737,112.47,34.202,1666.89,GOOD,synthetic_physics
2271.7,25.9375,0.8148,0.27986,28.177,0.64061,0.10015,0.603,77.26,26.04,1979.94,REJECT,synthetic_physics
2495.8,25.125,0.6519,0.38406,37.701,0.43114,0.05473,0.394,111.77,25.474,1673.17,MARGINAL,synthetic_physics
2416.8,32.0,0.54,0.32505,35.552,0.48825,0.06499,0.3582,163.94,31.749,1209.4,REJECT,synthetic_physics
2482.1,32.875,0.32,0.29833,31.988,0.37402,0.07134,0.3687,205.95,32.533,836.02,REJECT,synthetic_physics
2441.8,31.5625,0.3432,0.24277,30.596,0.44782,0.07451,0.387,194.78,31.401,935.27,REJECT,synthetic_physics
2275.8,38.125,0.9093,0.35059,40.034,0.61174,0.09455,0.5416,48.22,37.646,2238.0,MARGINAL,synthetic_physics
2366.0,30.5625,1.115,0.4048,42.481,0.44461,0.09934,0.5024,26.72,30.817,2429.17,MARGINAL,synthetic_physics
2426.4,28.6875,0.7432,0.34762,42.665,0.37023,0.04919,0.4003,79.34,28.767,1961.42,GOOD,synthetic_physics
2318.5,29.0625,0.6591,0.28341,32.253,0.40492,0.08467,0.4629,129.29,28.965,1517.45,MARGINAL,synthetic_physics
2558.6,22.6875,0.9077,0.49661,42.854,0.42949,0.035,0.3573,47.48,22.71,2244.66,MARGINAL,synthetic_physics
2404.7,19.3125,0.3217,0.27763,32.541,0.56819,0.06119,0.435,203.12,19.174,861.18,REJECT,synthetic_physics
2407.1,31.3125,0.791,0.41185,42.546,0.45011,0.08644,0.4804,52.27,31.255,2202.04,GOOD,synthetic_physics
2470.0,37.3125,0.7134,0.29556,36.333,0.37917,0.06912,0.4103,126.54,37.023,1541.85,MARGINAL,synthetic_physics
2365.2,25.4375,0.8087,0.3742,40.326,0.50714,0.08519,0.4407,79.33,25.457,1961.52,GOOD,synthetic_physics
2329.7,24.9375,0.7646,0.34467,35.867,0.54855,0.07084,0.4783,83.93,24.978,1920.61,GOOD,synthetic_physics
2275.8,24.375,0.8315,0.36164,39.133,0.50803,0.07736,0.5198,68.16,24.118,2060.78,MARGINAL,synthetic_physics
2399.0,34.1875,1.0672,0.4606,40.164,0.52725,0.06765,0.4804,15.76,33.994,2526.56,MARGINAL,synthetic_physics
2345.9,34.375,0.8555,0.44337,42.713,0.41369,0.06252,0.4068,56.58,34.301,2163.77,GOOD,synthetic_physics
2393.4,25.8125,1.0045,0.34124,39.843,0.49056,0.06649,0.4222,58.15,25.874,2149.79,GOOD,synthetic_physics
2407.1,32.8125,0.737,0.3824,34.426,0.43481,0.07513,0.4006,96.91,32.837,1805.2,GOOD,synthetic_physics
2428.1,36.75,0.9187,0.45866,41.22,0.43058,0.07064,0.427,34.8,37.038,2357.29,MARGINAL,synthetic_physics
2478.8,21.1875,0.8247,0.34092,38.145,0.49807,0.09294,0.5105,78.09,21.318,1972.54,MARGINAL,synthetic_physics
2425.6,24.8125,1.0554,0.4376,43.168,0.46843,0.07117,0.4784,26.02,24.449,2435.33,MARGINAL,synthetic_physics
2449.0,35.4375,0.5188,0.2178,33.544,0.50651,0.06547,0.3896,155.83,35.194,1281.48,REJECT,synthetic_physics
2326.5,28.5,0.3202,0.22231,29.028,0.6485,0.10634,0.5397,200.8,28.851,881.76,REJECT,synthetic_physics
2476.4,26.0,0.6451,0.30656,32.721,0.33082,0.03071,0.3705,122.71,25.706,1575.87,MARGINAL,synthetic_physics
2378.1,28.5625,0.678,0.37998,38.188,0.4083,0.09979,0.4076,97.54,28.509,1799.67,GOOD,synthetic_physics
2299.1,29.375,0.6041,0.23802,29.324,0.71604,0.13624,0.643,127.82,29.58,1530.48,REJECT,synthetic_physics
2339.4,23.125,0.868,0.34793,39.157,0.54582,0.09315,0.4981,68.86,23.002,2054.54,GOOD,synthetic_physics
2432.1,15.1875,0.81,0.37465,38.126,0.39691,0.07693,0.4078,80.04,15.452,1955.23,GOOD,synthetic_physics
2370.8,36.6875,0.5809,0.22501,33.944,0.52127,0.0993,0.4957,135.79,36.911,1459.66,MARGINAL,synthetic_physics
2424.8,22.125,1.5677,0.26481,38.931,0.43586,0.09328,0.4703,72.85,21.967,2019.15,GOOD,synthetic_physics
2362.0,29.4375,0.6669,0.33565,32.173,0.45659,0.07204,0.4742,107.46,29.434,1711.44,GOOD,synthetic_physics
2486.9,33.4375,0.416,0.30463,31.399,0.47602,0.04143,0.4179,192.96,33.547,951.44,REJECT,synthetic_physics
2594.9,22.1875,0.3509,0.25462,29.297,0.36857,0.04891,0.3493,203.22,22.496,860.29,REJECT,synthetic_physics
2365.2,38.0625,0.8445,0.38925,36.936,0.43829,0.09463,0.4675,73.73,37.72,2011.26,MARGINAL,synthetic_physics
2455.5,28.125,0.7027,0.34094,37.277,0.41063,0.06874,0.4334,95.48,27.87,1817.99,GOOD,synthetic_physics
2408.7,25.875,0.8364,0.43032,39.179,0.29531,0.05819,0.4082,73.38,26.215,2014.4,GOOD,synthetic_physics
2270.9,35.875,0.8922,0.43117,42.705,0.52162,0.08472,0.5334,55.31,35.743,2174.98,MARGINAL,synthetic_physics
2426.4,24.3125,0.3996,0.28044,32.258,0.39843,0.06578,0.3576,190.85,24.105,970.26,REJECT,synthetic_physics
2396.6,24.5,0.9214,0.4114,41.847,0.46775,0.0625,0.4594,53.43,24.57,2191.72,GOOD,synthetic_physics
2192.7,28.6875,0.9769,0.40396,39.773,0.57007,0.11201,0.5785,34.84,28.939,2356.94,REJECT,synthetic_physics
2330.5,32.5,0.7538,0.39436,36.331,0.56979,0.10576,0.4891,71.76,32.48,2028.79,GOOD,synthetic_physics
2225.0,30.5,0.7346,0.26229,36.819,0.75808,0.12588,0.6365,85.67,30.674,1905.18,REJECT,synthetic_physics
2429.7,25.875,0.8291,0.39782,37.397,0.41288,0.0719,0.4342,82.32,25.898,1934.92,GOOD,synthetic_physics
2365.2,33.0625,0.6386,0.31375,32.939,0.55599,0.0883,0.4456,124.49,33.292,1560.05,GOOD,synthetic_physics
2434.5,31.0,1.0255,0.55022,44.0,0.47599,0.08888,0.4653,13.15,31.233,2549.74,MARGINAL,synthetic_physics
2447.4,27.3125,0.5433,0.27731,33.829,0.46129,0.0981,0.4752,127.05,27.587,1537.31,MARGINAL,synthetic_physics
2357.1,25.9375,0.4083,0.17553,31.009,0.57435,0.08795,0.4998,193.86,25.89,943.49,REJECT,synthetic_physics
2362.0,26.9375,0.3923,0.31547,29.824,0.53523,0.06638,0.4287,200.7,26.952,882.66,REJECT,synthetic_physics
2453.8,37.8125,1.5562,0.50122,42.655,0.37949,0.05719,0.4223,32.49,37.748,2377.91,MARGINAL,synthetic_physics
2432.9,37.0625,0.8551,0.45915,40.599,0.36882,0.07804,0.4508,55.05,37.181,2177.35,MARGINAL,synthetic_physics
2510.3,31.5,0.5593,0.28732,33.723,0.45887,0.07278,0.3858,167.71,31.347,1175.89,REJECT,synthetic_physics
2434.5,30.3125,0.8209,0.40517,40.332,0.48265,0.0708,0.4194,80.77,30.598,1948.74,GOOD,synthetic_physics
2451.4,31.125,0.7017,0.36825,31.705,0.51284,0.06494,0.4159,116.8,31.177,1628.44,GOOD,synthetic_physics
2506.2,32.6875,0.8824,0.39986,41.413,0.35893,0.05136,0.3444,60.45,32.678,2129.36,REJECT,synthetic_physics
2381.3,28.4375,0.7309,0.39532,34.21,0.48726,0.06616,0.4322,95.13,28.575,1821.06,GOOD,synthetic_physics
2357.9,31.875,0.8785,0.26151,38.559,0.54543,0.11532,0.5393,91.16,31.837,1856.32,MARGINAL,synthetic_physics
2415.2,31.25,0.7665,0.36785,35.205,0.483,0.0886,0.4634,83.4,31.186,1925.31,GOOD,synthetic_physics
2487.7,35.5625,0.9941,0.45358,43.645,0.47781,0.06199,0.4415,39.51,35.781,2315.42,MARGINAL,synthetic_physics
2274.1,34.1875,1.0115,0.40083,38.29,0.5293,0.09275,0.5228,50.91,34.283,2214.16,MARGINAL,synthetic_physics
2318.5,24.6875,0.8383,0.34823,37.502,0.45064,0.10259,0.4723,61.67,24.514,2118.49,GOOD,synthetic_physics
2294.3,26.25,0.8809,0.34408,35.566,0.57763,0.11783,0.6119,77.52,26.332,1977.59,REJECT,synthetic_physics
2274.9,32.1875,0.8108,0.45259,39.396,0.50252,0.07933,0.4679,77.44,32.23,1978.35,GOOD,synthetic_physics
2389.4,26.8125,0.7664,0.42649,37.518,0.42271,0.06938,0.4212,75.49,26.684,1995.61,GOOD,synthetic_physics
2448.2,18.0625,0.8223,0.41049,40.764,0.54354,0.08165,0.4768,58.99,17.903,2142.34,GOOD,synthetic_physics
2376.5,26.5,0.8068,0.38862,38.554,0.53035,0.12488,0.547,58.8,26.396,2143.96,MARGINAL,synthetic_physics
2370.0,30.0,0.8177,0.40202,37.766,0.47425,0.08286,0.4948,60.18,30.024,2131.73,GOOD,synthetic_physics
2457.1,35.875,0.7167,0.37149,33.932,0.43717,0.05264,0.3765,115.19,35.743,1642.73,MARGINAL,synthetic_physics
2363.6,24.8125,0.6565,0.21489,26.411,0.57506,0.1016,0.5291,130.08,24.496,1510.43,MARGINAL,synthetic_physics
2480.4,23.0625,0.7486,0.39641,38.82,0.46096,0.05695,0.4777,76.63,23.148,1985.48,GOOD,synthetic_physics
2551.4,24.25,0.467,0.297,34.893,0.40902,0.05296,0.3015,158.3,24.244,1259.54,REJECT,synthetic_physics
2255.6,27.0625,0.6564,0.26635,32.611,0.67789,0.12495,0.5388,128.44,27.124,1524.95,MARGINAL,synthetic_physics
2438.5,33.25,0.9899,0.3813,38.587,0.4727,0.06255,0.4819,51.7,33.377,2207.12,GOOD,synthetic_physics
2367.6,28.0625,0.7263,0.36871,37.942,0.39724,0.07652,0.4306,97.29,27.864,1801.84,GOOD,synthetic_physics
2308.8,28.1875,0.8657,0.34256,37.12,0.7012,0.10735,0.5635,82.63,28.034,1932.21,REJECT,synthetic_physics
2456.3,33.1875,0.8061,0.36311,41.462,0.56417,0.066,0.4714,73.46,33.487,2013.72,GOOD,synthetic_physics
2374.9,38.9375,0.8915,0.48435,39.398,0.41351,0.07723,0.4151,57.78,39.073,2153.05,MARGINAL,synthetic_physics
2336.2,29.75,0.7922,0.42178,38.584,0.53916,0.06297,0.4442,83.67,29.687,1922.89,GOOD,synthetic_physics
2358.8,32.1875,0.8199,0.36748,42.246,0.58395,0.07837,0.4866,75.71,32.41,1993.72,GOOD,synthetic_physics
2460.3,23.8125,0.8641,0.51625,41.278,0.48878,0.0547,0.4075,69.63,23.494,2047.72,GOOD,synthetic_physics
2351.5,27.375,0.6917,0.35858,36.912,0.4665,0.08041,0.4504,93.64,27.663,1834.33,GOOD,synthetic_physics
2208.9,31.0625,0.704,0.21422,31.739,0.69421,0.13322,0.6496,111.86,31.044,1672.33,REJECT,synthetic_physics
2403.9,21.3125,0.2471,0.27569,29.551,0.60937,0.1072,0.4851,218.37,21.756,725.59,REJECT,synthetic_physics
2429.7,24.8125,0.8311,0.37726,37.772,0.50839,0.07408,0.4722,70.66,24.487,2038.62,GOOD,synthetic_physics
2436.9,12.875,0.2719,0.20974,33.436,0.55223,0.0927,0.4444,218.95,12.763,720.41,REJECT,synthetic_physics
2395.8,39.5625,0.4225,0.28687,31.736,0.63333,0.09095,0.475,192.34,39.142,956.97,REJECT,synthetic_physics
2387.8,27.625,0.6871,0.32279,33.955,0.57017,0.09269,0.4467,104.95,27.739,1733.79,GOOD,synthetic_physics
2237.9,33.125,0.5012,0.15223,21.686,0.74259,0.14411,0.6259,155.09,33.002,1288.06,REJECT,synthetic_physics
2259.6,30.0625,0.5292,0.15639,26.253,0.72083,0.12848,0.621,158.59,29.958,1256.96,REJECT,synthetic_physics
2208.9,29.125,0.884,0.43489,33.711,0.65848,0.12182,0.6453,51.96,29.066,2204.82,REJECT,synthetic_physics
2432.1,28.75,0.3913,0.27398,32.272,0.61418,0.06847,0.4008,188.3,28.673,992.92,REJECT,synthetic_physics
2527.2,29.0,0.451,0.25178,34.113,0.43692,0.05181,0.3775,176.46,28.73,1098.12,REJECT,synthetic_physics
2349.1,28.5625,0.2764,0.21431,31.252,0.64557,0.09887,0.5333,211.87,28.823,783.34,REJECT,synthetic_physics
2214.5,41.375,0.8691,0.32016,36.07,0.6885,0.13365,0.6235,59.22,41.388,2140.26,REJECT,synthetic_physics
2386.2,35.125,0.673,0.34929,33.155,0.51476,0.11013,0.4911,106.48,34.806,1720.14,GOOD,synthetic_physics
2362.8,28.6875,0.5509,0.16007,29.27,0.4655,0.08571,0.5029,147.1,28.784,1359.09,MARGINAL,synthetic_physics
2477.2,38.4375,0.5787,0.21798,30.375,0.56426,0.08978,0.4333,159.24,38.176,1251.2,REJECT,synthetic_physics
2397.4,35.875,0.8839,0.41702,37.113,0.34006,0.06358,0.3828,61.83,35.956,2117.09,MARGINAL,synthetic_physics
2489.3,29.5625,1.006,0.53569,44.0,0.21897,0.07482,0.3777,12.28,29.864,2557.54,MARGINAL,synthetic_physics
2455.5,34.1875,0.9365,0.48809,44.0,0.46034,0.04978,0.3727,16.94,34.112,2516.09,MARGINAL,synthetic_physics
2349.1,34.9375,0.6065,0.24583,33.62,0.54321,0.09321,0.4993,122.83,34.936,1574.82,GOOD,synthetic_physics
2443.4,25.0,1.0101,0.56267,44.0,0.40618,0.05646,0.4169,21.27,24.987,2477.62,MARGINAL,synthetic_physics
2291.9,41.3125,0.5846,0.15673,32.801,0.56276,0.08183,0.458,142.11,41.49,1403.43,REJECT,synthetic_physics
2417.6,25.25,0.4801,0.283,35.66,0.53936,0.07353,0.4148,156.08,25.592,1279.31,REJECT,synthetic_physics
2298.3,23.5625,1.1276,0.45802,37.798,0.51761,0.09261,0.575,25.07,23.815,2443.8,REJECT,synthetic_physics
2306.4,28.125,0.7287,0.29527,35.589,0.45277,0.05831,0.428,98.1,28.244,1794.66,GOOD,synthetic_physics
2368.4,32.0625,0.6225,0.28181,35.051,0.45141,0.08476,0.4569,131.1,32.401,1501.37,MARGINAL,synthetic_physics
2474.8,38.5625,0.2945,0.33934,39.122,0.39604,0.06885,0.3413,216.57,38.721,741.56,REJECT,synthetic_physics
2566.7,26.625,0.8903,0.44312,44.0,0.35899,0.04436,0.3575,55.78,26.813,2170.83,MARGINAL,synthetic_physics
2167.8,33.6875,0.3521,0.18356,26.71,0.66033,0.14195,0.6371,191.75,33.852,962.24,REJECT,synthetic_physics
2374.9,36.5,0.6384,0.32799,35.257,0.46324,0.07289,0.4345,120.15,36.688,1598.64,MARGINAL,synthetic_physics
2329.7,31.3125,1.0393,0.516,44.0,0.53972,0.08012,0.4798,19.03,31.413,2497.52,MARGINAL,synthetic_physics
2307.2,37.0625,0.8708,0.44177,41.386,0.52677,0.07779,0.4608,70.14,37.085,2043.2,MARGINAL,synthetic_physics
2532.0,26.8125,0.6537,0.37226,38.662,0.4268,0.06052,0.3927,117.88,26.681,1618.8,MARGINAL,synthetic_physics
2423.2,24.5625,0.8972,0.44572,37.084,0.54696,0.06463,0.437,64.1,24.481,2096.89,GOOD,synthetic_physics
2542.5,31.5,0.9119,0.47695,40.655,0.40639,0.03625,0.3545,50.19,31.408,2220.56,MARGINAL,synthetic_physics
2368.4,43.25,0.6217,0.21976,35.82,0.65533,0.09836,0.5256,129.85,43.148,1512.46,REJECT,synthetic_physics
2421.6,33.25,0.6186,0.3028,30.818,0.464,0.06027,0.4075,134.09,33.273,1474.78,MARGINAL,synthetic_physics
2238.7,38.375,0.457,0.1778,25.653,0.66921,0.13785,0.6077,180.75,38.74,1060.0,REJECT,synthetic_physics
2448.2,33.75,0.6194,0.29898,37.248,0.48183,0.0736,0.4326,130.09,33.79,1510.32,MARGINAL,synthetic_physics
2323.3,31.375,0.7542,0.3336,30.181,0.51859,0.09713,0.5082,101.89,31.967,1760.95,MARGINAL,synthetic_physics
2370.0,35.125,0.8451,0.42326,37.487,0.46836,0.09856,0.4539,86.16,35.278,1900.79,MARGINAL,synthetic_physics
2447.4,35.25,0.6575,0.28863,37.291,0.50851,0.0873,0.4481,107.89,34.953,1707.63,GOOD,synthetic_physics
2402.3,34.1875,0.6372,0.32097,34.594,0.52264,0.07767,0.4256,116.13,34.524,1634.37,GOOD,synthetic_physics
2382.9,33.6875,0.7485,0.33427,35.311,0.49412,0.07428,0.408,106.15,34.0,1723.11,GOOD,synthetic_physics
2285.4,29.5625,0.4531,0.19417,27.939,0.67704,0.09651,0.5322,191.9,29.942,960.85,REJECT,synthetic_physics
2341.8,34.0,0.9384,0.52754,39.626,0.3825,0.05726,0.4292,23.36,33.974,2459.01,MARGINAL,synthetic_physics
2527.2,30.4375,0.8739,0.40081,43.286,0.40319,0.06578,0.3779,69.51,30.477,2048.79,MARGINAL,synthetic_physics
2392.6,26.75,0.4177,0.2016,27.477,0.61344,0.09701,0.5186,183.22,26.364,1038.07,REJECT,synthetic_physics
2180.7,31.0,0.3654,0.2201,29.669,0.65539,0.13794,0.6327,192.39,30.895,956.56,REJECT,synthetic_physics
2395.0,32.4375,0.2864,0.24502,31.647,0.53621,0.07256,0.4803,217.55,32.219,732.92,REJECT,synthetic_physics
2416.0,33.5625,0.8895,0.41617,41.521,0.37859,0.05995,0.4264,64.24,33.407,2095.67,GOOD,synthetic_physics
2480.4,31.25,0.372,0.27709,33.277,0.47928,0.02998,0.3674,198.1,31.271,905.79,REJECT,synthetic_physics
2285.4,24.75,0.8292,0.2908,34.084,0.53839,0.11259,0.5291,99.83,24.832,1779.25,MARGINAL,synthetic_physics
2344.2,39.625,0.7166,0.29593,38.69,0.54242,0.09602,0.5064,99.54,39.376,1781.86,MARGINAL,synthetic_physics
2370.0,32.75,0.6668,0.33017,37.986,0.42167,0.09772,0.4591,104.01,32.916,1742.14,GOOD,synthetic_physics
2409.5,25.125,0.676,0.31465,38.458,0.51907,0.09595,0.5193,91.21,25.205,1855.91,MARGINAL,synthetic_physics
2391.8,25.0,0.8613,0.44426,37.733,0.50929,0.07639,0.4582,67.82,24.999,2063.85,GOOD,synthetic_physics
2167.0,35.5,0.9444,0.39155,34.47,0.64317,0.11052,0.6253,42.26,35.979,2291.04,REJECT,synthetic_physics
2308.0,38.875,0.9277,0.45058,41.138,0.48388,0.0732,0.5202,29.84,38.817,2401.45,MARGINAL,synthetic_physics
2407.9,32.75,0.7436,0.37618,34.778,0.46452,0.06339,0.4227,106.38,32.334,1721.04,GOOD,synthetic_physics
2339.4,33.5625,0.6871,0.29358,32.036,0.51362,0.07676,0.4863,114.02,33.47,1653.16,GOOD,synthetic_physics
2347.5,30.875,0.93,0.48379,39.203,0.43439,0.06161,0.4708,27.43,31.048,2422.87,MARGINAL,synthetic_physics
2410.3,27.6875,0.7855,0.37372,36.975,0.55379,0.08882,0.4893,77.48,27.889,1977.95,GOOD,synthetic_physics
2239.5,43.8125,0.4251,0.16523,25.081,0.7576,0.12755,0.6478,171.54,43.557,1141.88,REJECT,synthetic_physics
2394.2,33.3125,0.9805,0.50745,44.0,0.4047,0.06557,0.4224,11.0,33.514,2568.88,MARGINAL,synthetic_physics
2337.8,26.9375,0.7078,0.34456,35.903,0.56839,0.1001,0.4912,95.45,27.238,1818.26,GOOD,synthetic_physics
2309.6,27.125,0.7699,0.36642,30.379,0.65849,0.10563,0.5922,93.53,27.381,1835.27,REJECT,synthetic_physics
2413.6,29.25,0.4946,0.21598,24.019,0.58224,0.07856,0.448,153.72,29.414,1300.28,REJECT,synthetic_physics
2246.7,32.5,0.7474,0.27462,31.352,0.57117,0.11089,0.5987,86.93,32.562,1893.93,REJECT,synthetic_physics
2455.5,33.75,0.7623,0.31166,34.663,0.51443,0.08603,0.4868,107.16,34.016,1714.09,GOOD,synthetic_physics
2462.7,25.6875,0.7738,0.31032,37.153,0.45012,0.08212,0.4678,75.33,25.701,1997.09,GOOD,synthetic_physics
2470.8,26.0625,0.6932,0.30619,40.802,0.43286,0.03866,0.3311,89.71,26.166,1869.24,REJECT,synthetic_physics
2389.4,31.5625,0.9049,0.50565,41.017,0.48716,0.02982,0.4015,50.23,31.664,2220.14,GOOD,synthetic_physics
2386.2,33.9375,0.3495,0.25127,33.825,0.54659,0.06384,0.4225,197.21,33.741,913.72,REJECT,synthetic_physics
2362.0,19.8125,1.0778,0.39542,43.447,0.52928,0.08468,0.5162,36.97,19.741,2338.0,MARGINAL,synthetic_physics
2454.7,25.9375,0.8524,0.44274,44.0,0.39912,0.02232,0.3194,29.83,26.107,2401.49,REJECT,synthetic_physics
2442.6,32.5625,0.7874,0.48118,38.926,0.40308,0.05567,0.4228,86.65,32.918,1896.42,GOOD,synthetic_physics
2467.5,25.6875,0.7455,0.31135,35.054,0.47923,0.08202,0.445,97.77,25.748,1797.64,GOOD,synthetic_physics
2379.7,27.3125,0.7736,0.3637,36.395,0.43472,0.04783,0.4029,89.48,27.195,1871.31,GOOD,synthetic_physics
2418.4,30.625,0.3981,0.24387,32.972,0.4857,0.10809,0.4722,199.57,30.145,892.68,REJECT,synthetic_physics
2309.6,28.3125,1.0385,0.48451,44.0,0.54908,0.09571,0.5173,29.83,28.242,2401.53,MARGINAL,synthetic_physics
2413.6,22.5,0.9003,0.42179,35.634,0.4291,0.06529,0.454,53.87,22.291,2187.84,GOOD,synthetic_physics
2441.0,28.5625,1.0055,0.38358,43.287,0.43444,0.06307,0.413,58.94,28.798,2142.72,GOOD,synthetic_physics
2618.2,20.9375,0.8872,0.36604,41.547,0.39283,0.05408,0.3074,69.34,21.462,2050.31,REJECT,synthetic_physics
2380.5,29.6875,0.8876,0.35496,40.166,0.51588,0.09903,0.4971,53.77,29.708,2188.68,GOOD,synthetic_physics
2464.3,21.3125,0.5809,0.21251,32.643,0.56262,0.08708,0.4215,144.76,21.145,1379.89,MARGINAL,synthetic_physics
2377.3,31.1875,0.7297,0.38815,35.853,0.48513,0.07526,0.4832,85.31,31.335,1908.32,GOOD,synthetic_physics
2366.0,25.3125,0.8479,0.4246,38.58,0.56139,0.08484,0.4511,74.14,25.117,2007.62,GOOD,synthetic_physics
2310.4,30.875,0.8435,0.35446,35.264,0.5721,0.0881,0.577,56.1,31.088,2167.97,REJECT,synthetic_physics
2403.1,31.4375,0.7534,0.36758,40.629,0.66467,0.11274,0.542,65.76,31.66,2082.17,MARGINAL,synthetic_physics
2310.4,37.4375,0.7511,0.39186,37.924,0.41116,0.07635,0.4316,95.11,37.494,1821.23,MARGINAL,synthetic_physics
2425.6,39.9375,0.982,0.50331,44.0,0.45869,0.07292,0.4183,30.62,39.588,2394.47,MARGINAL,synthetic_physics
2490.1,29.5,0.8648,0.43112,39.255,0.47225,0.05862,0.3873,73.11,29.609,2016.77,MARGINAL,synthetic_physics
2427.3,27.625,0.7609,0.3597,40.709,0.48883,0.05359,0.423,99.56,28.026,1781.7,GOOD,synthetic_physics
2413.6,35.6875,0.6282,0.32498,31.325,0.37056,0.07563,0.394,141.3,36.028,1410.67,MARGINAL,synthetic_physics
2333.0,27.5625,0.8032,0.44344,40.253,0.51166,0.07707,0.4624,64.1,27.461,2096.93,GOOD,synthetic_physics
2300.7,24.375,0.554,0.23976,29.43,0.75531,0.07202,0.5295,149.56,24.278,1337.22,MARGINAL,synthetic_physics
2366.0,30.625,0.9134,0.33267,38.937,0.56729,0.08272,0.474,65.24,30.641,2086.75,GOOD,synthetic_physics
2406.3,22.0625,0.6897,0.35965,39.913,0.45151,0.05811,0.407,102.08,22.234,1759.28,GOOD,synthetic_physics
2420.0,30.6875,0.8105,0.52855,40.07,0.33985,0.05005,0.3638,59.15,30.665,2140.9,MARGINAL,synthetic_physics
2422.4,19.3125,0.7331,0.27168,34.752,0.66996,0.0854,0.488,102.28,19.837,1757.52,GOOD,synthetic_physics
2383.7,33.25,0.7631,0.38103,41.779,0.53815,0.08784,0.4955,69.47,33.287,2049.14,GOOD,synthetic_physics
2412.7,32.125,0.7533,0.37679,34.976,0.51649,0.09587,0.4894,87.0,32.354,1893.35,GOOD,synthetic_physics
2261.2,28.1875,0.6635,0.20584,30.107,0.64504,0.13229,0.6125,117.49,27.908,1622.34,REJECT,synthetic_physics
2357.1,26.6875,1.0188,0.44068,44.0,0.39467,0.06301,0.4739,31.39,26.884,2387.66,MARGINAL,synthetic_physics
2318.5,31.5,0.7831,0.41889,34.939,0.51398,0.0654,0.5157,59.73,31.359,2135.77,MARGINAL,synthetic_physics
2440.1,30.75,0.3672,0.26383,31.743,0.54241,0.07276,0.4338,189.33,30.834,983.71,REJECT,synthetic_physics
2312.8,24.25,0.3944,0.20999,35.433,0.6416,0.10843,0.5605,185.41,24.725,1018.62,REJECT,synthetic_physics
2372.5,37.125,0.9737,0.51862,40.095,0.48646,0.08155,0.4955,27.35,37.153,2423.55,MARGINAL,synthetic_physics
2266.1,27.3125,0.9755,0.43021,35.956,0.64048,0.10952,0.6479,15.5,27.27,2528.92,REJECT,synthetic_physics
2365.2,34.5625,0.7768,0.41579,39.456,0.43617,0.09427,0.5058,73.03,34.547,2017.47,MARGINAL,synthetic_physics
2364.4,27.8125,0.3251,0.28529,29.988,0.65046,0.1105,0.512,216.74,27.693,740.08,REJECT,synthetic_physics
2460.3,24.875,0.9009,0.45055,44.0,0.46442,0.05693,0.4194,45.76,24.874,2259.93,MARGINAL,synthetic_physics
2253.2,25.875,0.6233,0.31704,29.935,0.55377,0.10124,0.5229,130.23,25.903,1509.07,MARGINAL,synthetic_physics
2470.8,34.6875,0.9593,0.44952,39.248,0.38698,0.04683,0.3512,59.23,34.438,2140.14,MARGINAL,synthetic_physics
2449.8,29.625,0.2921,0.284,29.906,0.49729,0.0905,0.3636,213.49,29.375,768.97,REJECT,synthetic_physics
2408.7,32.4375,1.0266,0.51087,44.0,0.32118,0.04198,0.3943,23.36,32.917,2459.06,MARGINAL,synthetic_physics
2519.9,22.625,0.5257,0.30107,34.382,0.43019,0.05525,0.312,165.52,22.516,1195.41,REJECT,synthetic_physics
2413.6,28.75,0.893,0.426,40.488,0.45113,0.07954,0.4216,55.72,28.727,2171.34,GOOD,synthetic_physics
2299.1,18.75,0.9543,0.38735,37.887,0.53131,0.10237,0.5321,55.35,18.759,2174.67,MARGINAL,synthetic_physics
2467.5,18.8125,0.8314,0.33583,39.398,0.4439,0.07545,0.4054,84.25,19.028,1917.77,GOOD,synthetic_physics
2260.4,44.875,0.5929,0.21205,33.092,0.637,0.13126,0.6323,115.46,44.734,1640.33,REJECT,synthetic_physics
2210.5,34.75,1.0387,0.38996,42.635,0.58839,0.10267,0.5808,35.36,34.449,2352.36,REJECT,synthetic_physics
2470.8,26.375,0.8849,0.44119,44.0,0.3228,0.01626,0.305,49.6,26.118,2225.76,REJECT,synthetic_physics
2354.7,25.5,0.6219,0.25362,30.735,0.57231,0.09079,0.4582,134.75,25.322,1468.91,MARGINAL,synthetic_physics
2324.9,26.9375,0.4135,0.22057,29.964,0.5785,0.08938,0.4926,198.76,26.331,899.92,REJECT,synthetic_physics
2266.1,29.0,0.3885,0.22427,25.419,0.66094,0.1056,0.5735,184.61,29.133,1025.69,REJECT,synthetic_physics
2204.0,28.75,0.5532,0.22742,24.231,0.67771,0.13916,0.6316,147.06,28.794,1359.44,REJECT,synthetic_physics
2191.9,40.8125,0.8025,0.27805,30.981,0.69602,0.12465,0.626,94.71,40.678,1824.79,REJECT,synthetic_physics
2407.9,33.75,0.7777,0.39654,35.899,0.47118,0.08724,0.4383,110.37,34.022,1685.58,GOOD,synthetic_physics
2537.7,28.5625,0.7758,0.41837,41.745,0.45389,0.0461,0.3244,81.44,28.012,1942.76,REJECT,synthetic_physics
2370.0,29.5,0.7114,0.27603,29.563,0.61668,0.10018,0.4946,117.9,29.255,1618.67,GOOD,synthetic_physics
2360.4,25.9375,0.8677,0.43546,44.0,0.47159,0.06426,0.4608,37.12,26.156,2336.68,MARGINAL,synthetic_physics
2282.2,33.625,0.5216,0.22153,37.746,0.53352,0.07747,0.47,153.66,33.329,1300.82,REJECT,synthetic_physics
2399.0,25.875,0.7509,0.35131,38.511,0.48174,0.06882,0.4753,97.6,26.28,1799.09,GOOD,synthetic_physics
2196.8,32.8125,0.3668,0.13942,29.834,0.72231,0.15106,0.6395,188.71,32.883,989.21,REJECT,synthetic_physics
2388.6,31.75,0.8912,0.33262,32.901,0.59079,0.08612,0.4859,95.05,32.039,1821.8,GOOD,synthetic_physics
2382.1,35.625,0.9618,0.48009,44.0,0.54226,0.0775,0.4754,55.76,35.548,2171.06,MARGINAL,synthetic_physics
2419.2,34.375,0.9979,0.56473,40.21,0.31547,0.0441,0.3272,37.86,34.375,2330.11,REJECT,synthetic_physics
2383.7,27.8125,0.8362,0.4446,39.675,0.5227,0.09798,0.4725,57.6,27.748,2154.63,GOOD,synthetic_physics
2404.7,32.0,0.5085,0.19426,31.201,0.52616,0.08038,0.4505,168.15,31.73,1172.01,REJECT,synthetic_physics
2392.6,38.8125,0.8172,0.47312,42.417,0.26459,0.06479,0.3771,59.66,38.482,2136.38,MARGINAL,synthetic_physics
2352.3,31.75,0.7937,0.41515,40.058,0.58025,0.09604,0.5363,76.09,31.55,1990.31,MARGINAL,synthetic_physics
2478.8,32.0,0.8866,0.49001,43.058,0.3961,0.06273,0.3867,36.75,31.551,2340.03,MARGINAL,synthetic_physics
2411.9,33.375,0.7202,0.34375,37.838,0.45765,0.07763,0.4287,107.54,33.751,1710.77,GOOD,synthetic_physics
2240.3,38.625,0.3321,0.21903,28.086,0.65151,0.11887,0.5968,210.77,38.393,793.19,REJECT,synthetic_physics
2234.7,23.375,0.4192,0.21629,32.231,0.75358,0.12131,0.5787,191.62,23.394,963.35,REJECT,synthetic_physics
2331.4,28.625,0.5744,0.30398,36.588,0.55427,0.09876,0.5019,124.46,28.512,1560.34,MARGINAL,synthetic_physics
2445.8,26.625,0.7184,0.29859,37.318,0.46561,0.08598,0.4258,109.93,26.689,1689.48,GOOD,synthetic_physics
2494.1,23.5625,0.4248,0.25506,30.849,0.4723,0.06897,0.3836,176.7,23.729,1096.01,REJECT,synthetic_physics
2275.8,31.875,0.4479,0.21879,28.837,0.64096,0.10976,0.5871,170.35,32.085,1152.43,REJECT,synthetic_physics
2395.0,30.0625,0.5624,0.206,28.095,0.56566,0.10966,0.5324,153.83,30.235,1299.24,REJECT,synthetic_physics
2430.5,24.1875,0.9337,0.51742,44.0,0.40096,0.04752,0.4371,36.05,24.341,2346.2,MARGINAL,synthetic_physics
2375.7,35.375,0.5405,0.24112,31.634,0.42494,0.05698,0.3657,149.76,35.42,1335.5,MARGINAL,synthetic_physics
2444.2,30.8125,0.9549,0.37731,38.832,0.56823,0.06483,0.4507,62.43,30.822,2111.69,GOOD,synthetic_physics
2402.3,27.375,0.636,0.29579,32.41,0.51054,0.0853,0.4718,123.32,27.57,1570.5,GOOD,synthetic_physics
2405.5,28.5625,0.7439,0.34823,37.521,0.4641,0.07215,0.4107,100.48,28.516,1773.48,GOOD,synthetic_physics
2312.8,27.75,0.871,0.3966,40.513,0.52423,0.09048,0.5055,57.8,27.671,2152.93,MARGINAL,synthetic_physics
2326.5,30.0,0.6165,0.33744,38.4,0.50794,0.07359,0.4426,104.17,29.8,1740.72,GOOD,synthetic_physics
2432.9,31.4375,0.7756,0.44135,40.43,0.42447,0.08233,0.4078,86.52,31.086,1897.57,GOOD,synthetic_physics
2370.8,22.375,0.816,0.34369,38.749,0.5727,0.10137,0.5065,85.82,22.525,1903.8,MARGINAL,synthetic_physics
2422.4,30.125,0.8312,0.30644,34.507,0.51694,0.06856,0.4678,91.82,30.044,1850.46,GOOD,synthetic_physics
2477.2,19.1875,0.2966,0.30747,35.439,0.42957,0.0528,0.3726,211.39,19.041,787.68,REJECT,synthetic_physics
2381.3,22.0625,0.83,0.40953,44.0,0.43903,0.08183,0.4338,60.1,21.775,2132.42,GOOD,synthetic_physics
2493.3,33.625,0.4874,0.35766,28.218,0.49233,0.07107,0.3408,170.31,33.761,1152.82,REJECT,synthetic_physics
2404.7,26.3125,0.851,0.33027,38.103,0.46402,0.06708,0.4115,94.52,26.72,1826.48,GOOD,synthetic_physics
2416.0,37.9375,0.627,0.31136,38.656,0.45952,0.07741,0.4423,107.51,37.876,1711.0,MARGINAL,synthetic_physics
2486.1,20.0625,0.4359,0.19424,32.482,0.48016,0.07987,0.4504,173.63,20.04,1123.32,REJECT,synthetic_physics
2414.4,34.3125,0.6591,0.32046,30.97,0.5726,0.03819,0.4156,111.27,34.154,1677.62,GOOD,synthetic_physics
2337.8,31.1875,0.9883,0.4288,43.423,0.47768,0.06295,0.484,34.57,30.52,2359.33,MARGINAL,synthetic_physics
2230.6,32.875,0.5654,0.18353,26.022,0.71501,0.13613,0.6356,147.04,32.54,1359.69,REJECT,synthetic_physics
2337.8,24.125,0.5153,0.25221,31.572,0.44738,0.07194,0.4688,151.69,24.674,1318.34,REJECT,synthetic_physics
2356.3,33.6875,0.6606,0.27555,39.173,0.53562,0.06248,0.4369,120.79,33.767,1592.96,GOOD,synthetic_physics
2291.9,25.875,0.7398,0.30539,30.052,0.60719,0.09523,0.5843,100.83,26.093,1770.36,REJECT,synthetic_physics
2341.0,29.625,0.3998,0.20348,34.3,0.52664,0.09134,0.4917,202.53,29.362,866.44,REJECT,synthetic_physics
2510.3,31.25,0.6377,0.33369,37.238,0.42475,0.06016,0.3456,135.51,31.237,1462.1,REJECT,synthetic_physics
2237.9,33.8125,0.4669,0.15673,27.859,0.76004,0.14492,0.6166,177.57,33.64,1088.23,REJECT,synthetic_physics
2505.4,31.0625,0.5518,0.28909,34.393,0.51575,0.0872,0.39,143.9,31.265,1387.57,MARGINAL,synthetic_physics
2316.0,27.25,0.8281,0.36533,34.673,0.52511,0.08144,0.5194,83.09,26.958,1928.1,MARGINAL,synthetic_physics
2280.6,26.125,0.6638,0.24667,27.75,0.7879,0.11561,0.5758,130.34,25.999,1508.08,REJECT,synthetic_physics
2481.2,45.125,1.0012,0.53775,43.838,0.31766,0.03051,0.3294,30.71,44.885,2393.67,REJECT,synthetic_physics
2432.1,32.3125,0.3587,0.27769,24.704,0.52705,0.08248,0.4236,199.31,32.559,895.0,REJECT,synthetic_physics
2365.2,30.3125,0.6696,0.3491,32.851,0.50749,0.10121,0.4879,96.44,30.418,1809.45,GOOD,synthetic_physics
2217.7,26.625,0.9118,0.41519,36.936,0.47858,0.11126,0.547,57.32,26.509,2157.12,MARGINAL,synthetic_physics
2298.3,33.3125,0.7068,0.30505,34.474,0.61838,0.09037,0.5367,93.81,33.573,1832.78,MARGINAL,synthetic_physics
2431.3,26.5,0.3834,0.23208,32.557,0.53796,0.06341,0.431,192.83,26.84,952.65,REJECT,synthetic_physics
2514.3,20.625,0.8062,0.41309,37.784,0.51309,0.05236,0.4013,81.44,20.631,1942.75,GOOD,synthetic_physics
2370.8,32.375,0.9427,0.49378,41.859,0.38244,0.05213,0.4096,36.39,32.292,2343.16,MARGINAL,synthetic_physics
2483.7,32.9375,0.8881,0.35558,41.069,0.47452,0.07116,0.4197,74.05,32.921,2008.42,GOOD,synthetic_physics
2384.5,25.75,0.9123,0.35597,39.979,0.40716,0.08692,0.4924,67.62,25.831,2065.62,GOOD,synthetic_physics
2397.4,30.5625,0.7443,0.29331,35.527,0.57285,0.09758,0.4989,104.85,30.373,1734.71,GOOD,synthetic_physics
2402.3,31.0,0.542,0.2723,32.045,0.56016,0.06016,0.3678,161.55,30.972,1230.71,REJECT,synthetic_physics
2208.1,31.625,0.3149,0.17776,30.973,0.79825,0.14071,0.637,191.75,31.598,962.21,REJECT,synthetic_physics
2365.2,23.625,0.8318,0.39296,35.977,0.48924,0.07813,0.4845,72.83,23.534,2019.29,GOOD,synthetic_physics
2420.0,34.5,0.8943,0.50373,41.413,0.44255,0.06233,0.4046,39.14,34.379,2318.75,MARGINAL,synthetic_physics
2245.9,27.25,0.2969,0.1612,24.639,0.68905,0.1291,0.6453,209.08,26.931,808.18,REJECT,synthetic_physics
2189.5,32.5,0.4127,0.19031,25.334,0.72184,0.14946,0.6134,184.42,32.925,1027.38,REJECT,synthetic_physics
2241.1,35.3125,0.8406,0.45206,39.327,0.63875,0.0988,0.6081,27.21,35.211,2424.79,REJECT,synthetic_physics
2334.6,33.625,0.3509,0.20534,25.93,0.64171,0.10203,0.5348,193.48,33.71,946.85,REJECT,synthetic_physics
2395.0,33.1875,0.7037,0.34858,35.67,0.39694,0.07359,0.4132,98.75,33.193,1788.91,GOOD,synthetic_physics
2372.5,25.1875,0.8523,0.38489,38.116,0.51214,0.08983,0.4706,88.0,25.077,1884.4,GOOD,synthetic_physics
2430.5,31.8125,0.7624,0.40816,37.033,0.57749,0.08263,0.465,92.49,31.727,1844.57,GOOD,synthetic_physics
2422.4,26.875,0.3801,0.28297,32.272,0.64889,0.09241,0.5184,181.11,26.886,1056.76,REJECT,synthetic_physics
2395.8,29.875,0.8372,0.43807,38.489,0.39811,0.07269,0.3838,69.09,29.968,2052.57,MARGINAL,synthetic_physics
2390.2,15.5625,0.7775,0.33599,39.851,0.53946,0.10737,0.4899,80.03,15.465,1955.3,GOOD,synthetic_physics
2415.2,35.9375,0.7862,0.4645,42.6,0.4152,0.06957,0.3877,73.99,35.946,2008.97,MARGINAL,synthetic_physics
2277.4,27.375,0.5952,0.23365,33.277,0.58684,0.0791,0.5137,136.15,27.267,1456.46,MARGINAL,synthetic_physics
2328.1,30.375,0.7721,0.34642,33.038,0.49908,0.1052,0.4944,101.9,30.189,1760.9,GOOD,synthetic_physics
2477.2,42.125,0.9222,0.45826,43.215,0.23864,0.06239,0.3626,56.14,42.542,2167.69,REJECT,synthetic_physics
2435.3,35.6875,0.6754,0.40136,36.432,0.36825,0.04822,0.3192,116.8,36.108,1628.42,REJECT,synthetic_physics
2577.9,32.625,0.7318,0.35177,41.41,0.33928,0.04329,0.3563,65.08,32.709,2088.21,MARGINAL,synthetic_physics
2372.5,28.3125,0.6365,0.17484,32.151,0.57607,0.10576,0.5188,146.2,28.131,1367.09,MARGINAL,synthetic_physics
2447.4,24.0625,0.6359,0.25455,33.712,0.35208,0.05784,0.3808,151.17,24.318,1322.94,REJECT,synthetic_physics
2468.4,25.0625,0.9256,0.40822,39.199,0.53112,0.07326,0.4415,51.34,25.08,2210.33,GOOD,synthetic_physics
2399.0,23.625,0.6721,0.24471,31.608,0.36502,0.05741,0.3818,142.0,23.799,1404.45,MARGINAL,synthetic_physics
2361.2,33.4375,0.6045,0.25613,32.499,0.56819,0.07833,0.4939,123.57,33.195,1568.29,GOOD,synthetic_physics
2467.5,28.875,0.6478,0.34011,39.022,0.26992,0.04707,0.3308,108.38,28.727,1703.26,REJECT,synthetic_physics
2213.7,28.5,0.7739,0.30047,39.423,0.65396,0.13033,0.63,95.14,28.689,1820.94,REJECT,synthetic_physics
2422.4,29.6875,0.9356,0.49083,39.359,0.49444,0.05593,0.4323,35.44,29.275,2351.68,MARGINAL,synthetic_physics
2311.2,24.9375,0.8905,0.36244,38.08,0.52205,0.10189,0.5608,39.46,25.261,2315.89,REJECT,synthetic_physics
2443.4,30.75,0.7609,0.35547,34.003,0.48053,0.06505,0.4412,104.08,30.621,1741.54,GOOD,synthetic_physics
2453.8,27.125,0.7087,0.30474,37.511,0.35065,0.09608,0.4474,107.74,27.678,1708.94,GOOD,synthetic_physics
2474.8,23.625,0.9253,0.48508,40.452,0.33819,0.05212,0.3695,41.9,23.717,2294.21,MARGINAL,synthetic_physics
2262.1,34.0625,0.838,0.40194,37.228,0.54985,0.09143,0.5351,59.09,33.864,2141.45,MARGINAL,synthetic_physics
2378.9,27.0,0.2886,0.18518,28.434,0.68443,0.10201,0.5732,215.67,27.182,749.58,REJECT,synthetic_physics
2320.9,30.75,0.8725,0.45823,41.729,0.49737,0.04805,0.4299,60.12,30.609,2132.24,GOOD,synthetic_physics
2448.2,29.0,0.6424,0.28872,35.743,0.50624,0.06813,0.4141,104.48,28.857,1737.95,GOOD,synthetic_physics
2343.4,30.5,0.7624,0.35438,32.739,0.45768,0.08106,0.4645,83.17,30.685,1927.4,GOOD,synthetic_physics
2343.4,30.8125,0.844,0.36853,36.228,0.49302,0.07553,0.4994,59.83,30.986,2134.82,GOOD,synthetic_physics
2315.2,28.25,0.8366,0.40106,38.723,0.49323,0.0828,0.5142,58.76,27.774,2144.34,MARGINAL,synthetic_physics
2299.1,30.875,0.4436,0.12226,29.835,0.62249,0.12417,0.5927,183.84,30.942,1032.54,REJECT,synthetic_physics
2208.9,27.9375,0.5167,0.128,27.814,0.66729,0.12056,0.6029,185.51,27.799,1017.68,REJECT,synthetic_physics
2249.2,21.0,0.3431,0.19346,28.482,0.60025,0.09145,0.5446,210.78,20.982,793.06,REJECT,synthetic_physics
2370.8,28.5625,0.7044,0.41135,36.761,0.50237,0.07651,0.4338,92.8,28.208,1841.81,GOOD,synthetic_physics
2459.5,22.9375,0.7035,0.32903,37.449,0.36869,0.07052,0.405,109.08,22.995,1697.07,GOOD,synthetic_physics
2352.3,33.8125,0.8091,0.36859,41.75,0.50281,0.07609,0.4727,68.23,33.912,2060.14,GOOD,synthetic_physics
2445.0,25.5625,0.7498,0.38576,37.883,0.38115,0.06446,0.4063,95.97,25.607,1813.56,GOOD,synthetic_physics
2345.1,29.9375,0.9508,0.41466,38.641,0.48751,0.07184,0.4893,65.45,30.411,2084.91,GOOD,synthetic_physics
2393.4,34.125,0.752,0.32667,34.875,0.48958,0.06784,0.4629,87.26,34.39,1891.05,GOOD,synthetic_physics
2442.6,21.0625,0.8442,0.42213,42.395,0.38339,0.06883,0.3908,62.85,20.818,2107.98,MARGINAL,synthetic_physics
2395.0,20.25,0.9655,0.45486,44.0,0.53284,0.08659,0.5012,14.29,20.136,2539.64,MARGINAL,synthetic_physics
2445.0,24.875,0.6633,0.25858,34.228,0.38783,0.05161,0.3611,120.84,24.624,1592.53,MARGINAL,synthetic_physics
2385.3,30.0,0.831,0.40647,38.378,0.41412,0.06899,0.4338,74.39,29.91,2005.44,GOOD,synthetic_physics
2231.4,35.625,0.3707,0.21306,29.8,0.69635,0.13831,0.5967,189.72,35.858,980.28,REJECT,synthetic_physics
2333.8,27.625,0.7479,0.39343,31.577,0.48806,0.06728,0.4615,95.68,27.852,1816.21,GOOD,synthetic_physics
2434.5,31.5,0.4694,0.24699,30.065,0.5194,0.075,0.3647,155.28,31.491,1286.43,REJECT,synthetic_physics
2440.1,20.625,0.5447,0.31748,35.104,0.46313,0.07985,0.4231,129.29,20.525,1517.4,MARGINAL,synthetic_physics
2481.2,32.9375,0.9084,0.50752,43.844,0.45138,0.05752,0.3915,39.26,32.874,2317.66,MARGINAL,synthetic_physics
2291.9,37.3125,0.6817,0.31302,34.488,0.66342,0.13209,0.522,117.95,37.448,1618.22,MARGINAL,synthetic_physics
2463.5,31.25,0.8852,0.46119,44.0,0.34941,0.07756,0.4201,39.6,31.464,2314.7,MARGINAL,synthetic_physics
2432.1,34.5625,0.7253,0.36689,29.477,0.37637,0.04549,0.373,106.27,34.819,1722.08,MARGINAL,synthetic_physics
2351.5,35.5,0.7419,0.37156,36.743,0.44024,0.08747,0.4519,103.39,35.307,1747.66,MARGINAL,synthetic_physics
2409.5,24.0,0.8971,0.49265,38.221,0.47313,0.05784,0.4389,65.54,24.105,2084.12,GOOD,synthetic_physics
2471.6,26.75,0.4118,0.21713,32.501,0.51984,0.078,0.4098,186.51,26.788,1008.82,REJECT,synthetic_physics
2413.6,34.125,0.5525,0.32613,33.787,0.42807,0.06818,0.3845,145.29,34.501,1375.24,MARGINAL,synthetic_physics
2287.8,32.5625,0.9104,0.36229,40.099,0.51002,0.07604,0.5282,71.97,32.716,2026.98,MARGINAL,synthetic_physics
2407.9,32.5625,0.6685,0.37202,37.829,0.50347,0.08343,0.4667,101.94,32.548,1760.51,GOOD,synthetic_physics
2412.7,28.375,0.7451,0.34225,34.879,0.51741,0.07957,0.4687,104.11,28.56,1741.28,GOOD,synthetic_physics
2503.8,41.625,0.8994,0.41521,41.53,0.32983,0.04677,0.3078,61.06,41.806,2123.92,REJECT,synthetic_physics
2302.3,32.625,1.1392,0.44687,40.954,0.52274,0.08862,0.5315,22.39,32.309,2467.64,MARGINAL,synthetic_physics
2295.1,32.4375,0.6008,0.15661,30.493,0.61774,0.1004,0.5436,140.27,32.302,1419.86,MARGINAL,synthetic_physics
2434.5,34.1875,0.6756,0.34067,37.162,0.54681,0.05111,0.4382,106.1,34.206,1723.6,GOOD,synthetic_physics
2436.1,25.9375,0.6438,0.2981,33.852,0.50071,0.06386,0.4674,119.28,25.884,1606.37,GOOD,synthetic_physics
2476.4,29.125,0.7535,0.3739,42.239,0.47758,0.0587,0.4001,88.93,29.056,1876.18,GOOD,synthetic_physics
2457.1,24.875,0.987,0.53503,43.434,0.36973,0.02781,0.3492,31.25,24.44,2388.88,REJECT,synthetic_physics
2418.4,34.375,0.7781,0.40883,35.591,0.4524,0.06754,0.4558,86.02,34.01,1902.01,GOOD,synthetic_physics
2366.0,25.625,0.5633,0.31928,32.265,0.57942,0.08982,0.4373,148.16,25.429,1349.66,MARGINAL,synthetic_physics
2385.3,24.8125,0.3299,0.27056,31.426,0.46848,0.08087,0.4348,197.71,24.86,909.21,REJECT,synthetic_physics
2333.8,24.1875,0.4045,0.263,30.434,0.59115,0.08918,0.502,186.8,24.059,1006.22,REJECT,synthetic_physics
2357.9,35.5625,0.4271,0.22848,36.382,0.49308,0.09281,0.4031,174.74,35.739,1113.46,REJECT,synthetic_physics
2304.8,30.25,0.7269,0.30948,39.313,0.49777,0.1066,0.4924,103.69,30.234,1744.97,GOOD,synthetic_physics
2244.3,27.9375,0.8654,0.33369,29.257,0.67547,0.11989,0.6429,66.89,28.189,2072.13,REJECT,synthetic_physics
2266.1,35.3125,0.6535,0.25901,33.784,0.54923,0.12707,0.582,88.65,35.484,1878.66,REJECT,synthetic_physics
2474.0,28.9375,0.4233,0.20081,29.019,0.53507,0.07079,0.4021,187.1,29.378,1003.58,REJECT,synthetic_physics
2404.7,35.0,0.856,0.37192,43.734,0.41286,0.09134,0.4467,66.92,34.904,2071.86,GOOD,synthetic_physics
2350.7,34.4375,0.9394,0.46707,44.0,0.57376,0.10329,0.5473,41.47,34.601,2298.01,MARGINAL,synthetic_physics
2420.0,34.0625,0.8085,0.41725,34.714,0.40856,0.06412,0.4112,94.05,34.176,1830.67,GOOD,synthetic_physics
2308.0,27.75,0.9063,0.41,38.044,0.62403,0.12329,0.601,42.59,27.896,2288.05,REJECT,synthetic_physics
2433.7,30.1875,0.8945,0.44668,39.174,0.41967,0.05926,0.4145,69.77,30.391,2046.53,GOOD,synthetic_physics
2467.5,25.0,0.6546,0.28995,34.871,0.46343,0.06543,0.4006,118.65,25.202,1612.04,GOOD,synthetic_physics
2345.1,35.5,1.0167,0.5306,42.892,0.49876,0.07044,0.4818,18.92,36.14,2498.53,MARGINAL,synthetic_physics
2399.0,28.3125,0.6339,0.26828,33.496,0.47657,0.10051,0.4978,123.54,28.298,1568.56,GOOD,synthetic_physics
2499.0,29.0625,0.901,0.52314,37.895,0.4911,0.08433,0.4133,42.79,29.18,2286.33,MARGINAL,synthetic_physics
2478.8,34.75,0.3004,0.34633,35.128,0.48281,0.04702,0.3297,216.13,34.328,745.54,REJECT,synthetic_physics
2291.9,20.125,0.3369,0.24862,27.853,0.69349,0.0998,0.5454,217.7,19.969,731.57,REJECT,synthetic_physics
2234.7,34.0625,0.5405,0.16976,24.136,0.69003,0.13228,0.6365,156.32,34.114,1277.13,REJECT,synthetic_physics
2418.4,27.875,0.5919,0.34948,37.858,0.47369,0.06526,0.3935,132.26,27.915,1490.99,MARGINAL,synthetic_physics
2360.4,23.4375,0.9063,0.49731,38.805,0.40549,0.0686,0.4572,55.22,23.333,2175.83,GOOD,synthetic_physics
2251.6,32.8125,0.7326,0.38367,37.167,0.53953,0.10195,0.517,95.78,32.385,1815.33,MARGINAL,synthetic_physics
2445.8,30.875,0.5983,0.32268,31.002,0.50022,0.07804,0.4423,158.88,31.224,1254.43,REJECT,synthetic_physics
2414.4,30.8125,0.6844,0.38349,38.656,0.45841,0.06512,0.4169,93.64,30.789,1834.35,GOOD,synthetic_physics
2229.0,33.375,0.5165,0.18551,28.872,0.59496,0.12665,0.5581,151.83,33.744,1317.09,REJECT,synthetic_physics
2399.9,12.6875,0.8845,0.35649,39.868,0.49222,0.08268,0.4382,75.18,12.899,1998.37,GOOD,synthetic_physics
2443.4,26.0625,0.78,0.41711,35.768,0.45496,0.08406,0.4462,86.55,25.902,1897.33,GOOD,synthetic_physics
2347.5,26.625,0.7905,0.32876,37.163,0.57098,0.11595,0.5219,98.21,26.928,1793.69,MARGINAL,synthetic_physics
2463.5,31.75,0.9492,0.47808,37.937,0.45086,0.07319,0.4916,22.48,32.171,2466.86,MARGINAL,synthetic_physics
2416.8,24.8125,0.7394,0.36567,39.816,0.51538,0.07403,0.4193,86.26,24.79,1899.92,GOOD,synthetic_physics
2465.1,27.625,1.0343,0.48885,43.665,0.42543,0.07029,0.4208,43.97,27.562,2275.79,MARGINAL,synthetic_physics
2389.4,21.0625,1.065,0.44777,44.0,0.45623,0.06439,0.4483,18.46,21.229,2502.54,MARGINAL,synthetic_physics
2441.8,23.75,0.8187,0.44075,39.206,0.35987,0.06744,0.4031,73.32,24.143,2014.9,GOOD,synthetic_physics
2489.3,33.75,0.875,0.42759,43.617,0.39314,0.05317,0.3323,47.73,34.075,2242.38,REJECT,synthetic_physics
2386.2,28.9375,0.9053,0.37348,42.247,0.4294,0.07267,0.499,61.6,28.452,2119.12,GOOD,synthetic_physics
2374.1,39.4375,0.5805,0.30745,32.326,0.48012,0.08258,0.4278,136.09,39.254,1457.02,MARGINAL,synthetic_physics
2313.6,35.625,0.6681,0.29721,37.065,0.53478,0.084,0.4683,125.89,35.272,1547.65,MARGINAL,synthetic_physics
2348.3,27.0625,1.0194,0.48129,42.103,0.39267,0.05314,0.4236,29.96,27.026,2400.38,MARGINAL,synthetic_physics
2277.4,29.4375,0.5783,0.312,37.049,0.65768,0.11441,0.5752,117.34,29.368,1623.61,REJECT,synthetic_physics
2416.0,33.5,0.7117,0.41617,38.585,0.45599,0.06845,0.391,96.25,33.766,1811.09,MARGINAL,synthetic_physics
2507.0,25.3125,0.592,0.28615,34.107,0.37745,0.04728,0.3829,143.41,25.182,1391.91,MARGINAL,synthetic_physics
2333.8,32.5625,0.7978,0.30891,39.39,0.49276,0.06724,0.429,80.31,32.456,1952.82,GOOD,synthetic_physics
2485.3,44.625,0.4322,0.32806,35.019,0.41871,0.05303,0.3393,177.65,45.252,1087.55,REJECT,synthetic_physics
2470.8,22.25,0.6798,0.32436,34.678,0.58668,0.08566,0.4668,119.81,22.378,1601.73,GOOD,synthetic_physics
2352.3,25.1875,0.475,0.19537,30.686,0.61422,0.11868,0.5431,171.58,24.786,1141.47,REJECT,synthetic_physics
2222.6,27.8125,1.0384,0.42546,37.656,0.6348,0.10688,0.6245,23.5,27.635,2457.74,REJECT,synthetic_physics
2310.4,22.625,0.5537,0.25866,27.099,0.50075,0.09083,0.5207,140.87,22.721,1414.52,MARGINAL,synthetic_physics
2357.1,27.0625,0.6466,0.23341,37.227,0.5963,0.08748,0.4858,122.08,27.019,1581.54,GOOD,synthetic_physics
2522.3,37.875,0.919,0.48887,42.838,0.34572,0.03078,0.3058,31.27,37.756,2388.72,REJECT,synthetic_physics
2272.5,28.9375,0.3733,0.21516,25.04,0.6218,0.11033,0.53,206.92,28.744,827.36,REJECT,synthetic_physics
2392.6,36.9375,0.7589,0.34723,43.43,0.43117,0.03895,0.3676,82.64,36.655,1932.09,MARGINAL,synthetic_physics
2427.3,32.0,1.0647,0.51999,44.0,0.28556,0.05476,0.3864,13.07,32.033,2550.5,MARGINAL,synthetic_physics
2507.0,29.75,1.0758,0.60301,44.0,0.37674,0.03018,0.3513,18.95,29.679,2498.22,MARGINAL,synthetic_physics
2420.0,32.5625,0.5962,0.36477,33.657,0.47792,0.09623,0.4173,133.56,32.903,1479.42,MARGINAL,synthetic_physics
2508.6,31.5,0.7791,0.34546,37.619,0.48662,0.06781,0.4356,89.9,31.559,1867.52,GOOD,synthetic_physics
2338.6,33.8125,0.7139,0.33106,34.736,0.49054,0.07293,0.4337,105.56,33.973,1728.32,GOOD,synthetic_physics
2375.7,40.0625,0.8834,0.43916,37.74,0.47016,0.04714,0.4566,44.02,40.33,2275.35,REJECT,synthetic_physics
2358.8,34.625,0.7246,0.41831,40.484,0.41872,0.05114,0.3566,103.01,34.573,1751.01,MARGINAL,synthetic_physics
2490.1,36.4375,0.9346,0.45852,44.0,0.36332,0.05506,0.354,58.89,36.603,2143.17,MARGINAL,synthetic_physics
2290.3,28.375,0.9214,0.37551,35.429,0.53793,0.12018,0.6137,56.26,28.254,2166.62,REJECT,synthetic_physics
2299.1,28.875,0.2963,0.22509,28.868,0.59072,0.10225,0.4939,200.25,28.717,886.65,REJECT,synthetic_physics
2439.3,26.25,0.6529,0.3189,32.36,0.48434,0.07353,0.3998,131.15,26.109,1500.86,MARGINAL,synthetic_physics
2524.8,30.125,0.6705,0.31634,36.443,0.48161,0.06742,0.3321,134.48,29.742,1471.27,REJECT,synthetic_physics
2399.9,30.5625,0.7986,0.30915,34.313,0.52543,0.08853,0.5114,84.65,30.412,1914.25,MARGINAL,synthetic_physics
2422.4,28.125,0.6443,0.25926,34.648,0.43303,0.0902,0.4866,105.37,28.067,1730.05,GOOD,synthetic_physics
2430.5,24.4375,0.8507,0.35876,36.587,0.49772,0.08255,0.4889,72.84,24.061,2019.24,GOOD,synthetic_physics
2477.2,30.1875,0.7265,0.39469,37.703,0.38859,0.06548,0.4017,101.52,30.366,1764.25,GOOD,synthetic_physics
2477.2,30.75,0.7966,0.42457,39.07,0.48395,0.06907,0.4459,87.7,30.478,1887.14,GOOD,synthetic_physics
2343.4,24.375,0.6049,0.23443,28.804,0.62581,0.11069,0.539,137.43,24.429,1445.1,MARGINAL,synthetic_physics
2295.1,26.6875,0.4862,0.15831,26.418,0.8059,0.10927,0.598,172.44,26.448,1133.89,REJECT,synthetic_physics
2434.5,38.0,0.7931,0.4267,36.715,0.44423,0.06458,0.4005,90.07,37.814,1866.01,MARGINAL,synthetic_physics
2154.1,25.6875,0.9481,0.32315,38.025,0.61489,0.15515,0.6456,39.43,25.313,2316.21,REJECT,synthetic_physics
2425.6,27.125,0.7865,0.41346,37.495,0.4352,0.04696,0.4161,70.8,27.19,2037.37,GOOD,synthetic_physics
2363.6,23.1875,0.6976,0.35994,39.488,0.58863,0.05693,0.4621,92.62,23.33,1843.36,GOOD,synthetic_physics
2461.9,37.8125,1.1148,0.53356,44.0,0.41318,0.04872,0.4002,18.12,37.818,2505.57,MARGINAL,synthetic_physics
2316.8,32.5,0.9094,0.28025,35.368,0.61687,0.09736,0.5319,74.12,32.294,2007.78,MARGINAL,synthetic_physics
2490.1,34.0625,0.9041,0.51694,44.0,0.37455,0.04085,0.3683,28.56,34.235,2412.77,MARGINAL,synthetic_physics
2434.5,28.375,0.5967,0.33626,33.329,0.37467,0.05694,0.401,115.3,28.091,1641.74,GOOD,synthetic_physics
2378.9,28.1875,0.7644,0.31835,30.756,0.62424,0.07199,0.4834,96.14,28.174,1812.13,GOOD,synthetic_physics
2238.7,21.5625,0.7893,0.2592,37.211,0.56788,0.11256,0.6173,87.86,21.636,1885.65,REJECT,synthetic_physics
2324.9,26.5625,0.5332,0.20569,27.071,0.77902,0.12159,0.5779,146.91,26.555,1360.82,REJECT,synthetic_physics
2400.7,33.0,0.7554,0.32085,39.604,0.47163,0.09331,0.4826,94.69,33.089,1824.95,GOOD,synthetic_physics
2322.5,27.9375,0.2861,0.1702,29.171,0.68031,0.11061,0.5594,218.01,28.068,728.82,REJECT,synthetic_physics
2345.9,33.25,0.7121,0.34627,35.651,0.59906,0.09535,0.4752,95.29,33.066,1819.61,GOOD,synthetic_physics
2408.7,36.0625,1.0446,0.50473,44.0,0.57805,0.07071,0.4828,11.92,35.978,2560.74,MARGINAL,synthetic_physics
2387.0,28.625,0.7962,0.33142,39.315,0.6578,0.08838,0.4916,79.96,28.639,1955.87,GOOD,synthetic_physics
2266.9,25.1875,0.6617,0.20968,30.195,0.6745,0.13852,0.6296,126.39,25.221,1543.23,REJECT,synthetic_physics
2372.5,29.5625,0.8154,0.40734,36.969,0.47505,0.07717,0.4525,82.88,29.387,1929.92,GOOD,synthetic_physics
2366.0,28.3125,0.7891,0.30717,33.308,0.42995,0.05461,0.4115,101.53,28.242,1764.13,GOOD,synthetic_physics
2342.6,31.75,1.1052,0.43336,43.403,0.41923,0.07711,0.4996,14.01,31.379,2542.13,MARGINAL,synthetic_physics
2345.9,22.375,0.892,0.47013,41.685,0.4827,0.06676,0.4329,44.99,22.632,2266.75,MARGINAL,synthetic_physics
2375.7,28.5,0.547,0.25486,28.168,0.68294,0.12507,0.529,157.74,28.755,1264.49,REJECT,synthetic_physics
2359.6,28.875,0.7617,0.27539,34.91,0.64678,0.10263,0.5413,103.58,29.224,1745.97,MARGINAL,synthetic_physics
2330.5,35.9375,0.4505,0.23969,31.316,0.54698,0.05549,0.4371,173.5,35.79,1124.46,REJECT,synthetic_physics
2488.5,22.25,0.2606,0.28468,36.642,0.45654,0.08373,0.3618,216.75,22.199,739.98,REJECT,synthetic_physics
2295.9,28.6875,0.8545,0.22226,31.93,0.61254,0.09719,0.5404,107.6,28.755,1710.24,MARGINAL,synthetic_physics
2458.7,17.625,0.607,0.25891,35.568,0.53565,0.08002,0.4537,123.12,17.607,1572.24,GOOD,synthetic_physics
2252.4,32.3125,0.7525,0.37337,35.601,0.66507,0.12305,0.5346,83.86,32.286,1921.2,MARGINAL,synthetic_physics
2304.0,24.1875,0.8222,0.34379,38.112,0.44973,0.09564,0.499,77.19,24.483,1980.5,GOOD,synthetic_physics
2325.7,29.6875,0.8341,0.32342,31.062,0.56486,0.07884,0.4569,116.67,29.451,1629.6,GOOD,synthetic_physics
2520.7,28.125,0.4301,0.22366,29.053,0.43206,0.06618,0.3398,200.12,28.235,887.85,REJECT,synthetic_physics
2278.2,35.0,0.5327,0.18877,31.526,0.67382,0.13069,0.6325,149.93,35.379,1334.0,REJECT,synthetic_physics
2422.4,27.25,0.8063,0.28923,33.957,0.49065,0.06858,0.4268,113.78,26.894,1655.27,GOOD,synthetic_physics
2495.8,23.25,0.4389,0.22414,32.6,0.4544,0.08695,0.4138,162.82,23.248,1219.39,REJECT,synthetic_physics
2378.9,31.9375,0.6225,0.30867,33.584,0.54166,0.11375,0.4984,117.05,32.15,1626.22,GOOD,synthetic_physics
2372.5,30.375,0.9443,0.36877,41.051,0.50442,0.08061,0.4753,65.63,30.325,2083.32,GOOD,synthetic_physics
2488.5,32.8125,0.3987,0.28254,34.915,0.58277,0.05305,0.4242,195.76,32.635,926.59,REJECT,synthetic_physics
2435.3,37.4375,0.2925,0.24147,33.061,0.50495,0.06388,0.433,197.94,37.602,907.23,REJECT,synthetic_physics
2444.2,31.125,0.7465,0.33576,37.947,0.52001,0.07753,0.4447,113.15,31.277,1660.88,GOOD,synthetic_physics
2284.6,33.8125,0.8378,0.44255,36.792,0.50984,0.0594,0.4755,55.32,33.68,2174.96,GOOD,synthetic_physics
2400.7,27.75,0.8402,0.39998,38.045,0.5244,0.06075,0.4593,81.12,28.003,1945.58,GOOD,synthetic_physics
2376.5,30.625,0.8309,0.43293,38.383,0.42454,0.05725,0.4684,60.65,30.676,2127.57,GOOD,synthetic_physics
2458.7,35.75,0.9244,0.44909,43.329,0.30445,0.03141,0.3296,49.24,35.916,2229.0,REJECT,synthetic_physics
2428.9,21.625,0.6223,0.32663,37.825,0.54261,0.09474,0.4814,102.66,21.705,1754.18,GOOD,synthetic_physics
2368.4,33.8125,0.7482,0.34003,35.611,0.56929,0.06922,0.4767,98.18,33.433,1793.93,GOOD,synthetic_physics
2368.4,29.0,0.877,0.44224,40.169,0.55497,0.08241,0.4791,60.19,28.762,2131.66,GOOD,synthetic_physics
2351.5,34.0625,0.6615,0.33349,34.974,0.50609,0.09111,0.4595,110.83,33.726,1681.49,GOOD,synthetic_physics
2494.9,37.9375,0.8498,0.44103,37.508,0.37124,0.03583,0.3312,69.97,37.995,2044.73,REJECT,synthetic_physics
2387.0,26.5625,0.8136,0.36331,40.764,0.50151,0.06728,0.4506,72.73,26.408,2020.14,GOOD,synthetic_physics
2542.5,27.75,0.6543,0.36188,40.72,0.39048,0.06118,0.3903,106.02,27.993,1724.26,MARGINAL,synthetic_physics
2347.5,28.75,0.6802,0.32824,34.15,0.52857,0.06978,0.4635,113.99,28.526,1653.43,GOOD,synthetic_physics
2328.9,35.125,0.6967,0.31342,41.544,0.49952,0.07354,0.4522,100.37,35.057,1774.5,MARGINAL,synthetic_physics
2566.7,25.5,0.7198,0.34102,38.088,0.48049,0.04526,0.3562,128.18,25.935,1527.28,MARGINAL,synthetic_physics
2565.9,26.4375,0.6634,0.36057,40.482,0.40203,0.04393,0.3163,119.35,26.254,1605.73,REJECT,synthetic_physics
2303.2,39.75,0.2903,0.14176,28.494,0.62725,0.10345,0.4983,211.19,39.377,789.38,REJECT,synthetic_physics
2338.6,31.5,0.8337,0.3839,40.178,0.45294,0.08801,0.4734,70.29,31.316,2041.84,GOOD,synthetic_physics
2351.5,19.4375,0.9157,0.3876,41.789,0.5023,0.09071,0.4897,62.56,19.353,2110.61,GOOD,synthetic_physics
2410.3,33.625,0.8517,0.38833,44.0,0.51606,0.08104,0.4074,65.2,33.2,2087.09,GOOD,synthetic_physics
2322.5,24.125,0.5948,0.30389,34.056,0.51836,0.11354,0.4914,120.94,23.904,1591.68,GOOD,synthetic_physics
2485.3,33.9375,0.6646,0.29632,34.022,0.39631,0.04333,0.3719,129.0,34.423,1520.01,MARGINAL,synthetic_physics
2393.4,32.3125,0.7077,0.37066,38.962,0.49244,0.06031,0.4297,100.07,32.627,1777.19,GOOD,synthetic_physics
2379.7,23.75,0.8388,0.4281,41.464,0.41347,0.04214,0.4123,54.12,23.88,2185.64,GOOD,synthetic_physics
2428.1,31.125,0.8439,0.4501,40.345,0.43455,0.0515,0.4377,68.01,31.036,2062.12,GOOD,synthetic_physics
2313.6,13.9375,0.9582,0.40875,39.098,0.73149,0.11039,0.6086,37.6,14.111,2332.42,REJECT,synthetic_physics
2399.9,36.125,0.5207,0.20925,30.662,0.4708,0.0725,0.4434,153.41,35.896,1302.99,REJECT,synthetic_physics
2330.5,28.0,0.546,0.20063,33.087,0.68302,0.10456,0.5585,131.55,27.964,1497.32,REJECT,synthetic_physics
2209.7,20.4375,0.8058,0.29946,30.839,0.66389,0.14222,0.6469,73.52,20.466,2013.18,REJECT,synthetic_physics
2470.8,22.1875,1.1125,0.54347,44.0,0.31856,0.03941,0.3149,16.3,21.788,2521.74,REJECT,synthetic_physics
2458.7,35.6875,0.5437,0.27511,35.184,0.59165,0.0691,0.4179,132.36,35.671,1490.11,MARGINAL,synthetic_physics
2438.5,29.3125,0.6327,0.31512,37.781,0.42708,0.05084,0.3991,124.68,28.98,1558.42,MARGINAL,synthetic_physics
2369.2,26.0,0.9261,0.46265,39.997,0.51102,0.08478,0.5244,46.74,26.063,2251.21,MARGINAL,synthetic_physics
2408.7,25.8125,0.7213,0.37538,33.046,0.62486,0.08023,0.4812,91.15,25.777,1856.48,GOOD,synthetic_physics
2513.5,37.875,0.3016,0.28662,28.238,0.36818,0.05895,0.3323,205.98,37.903,835.77,REJECT,synthetic_physics
2250.8,42.0625,0.4567,0.2078,32.539,0.511,0.08447,0.4596,177.68,41.967,1087.25,REJECT,synthetic_physics
2337.0,24.0625,0.9766,0.44143,41.16,0.47035,0.09365,0.5098,51.05,24.239,2212.88,MARGINAL,synthetic_physics
2319.3,28.0625,0.4919,0.25984,31.755,0.52727,0.09702,0.5087,160.07,28.069,1243.79,REJECT,synthetic_physics
2400.7,25.6875,0.714,0.36544,35.218,0.42415,0.0775,0.4198,103.37,25.579,1747.82,GOOD,synthetic_physics
2479.6,27.0625,0.6936,0.27996,35.657,0.34796,0.02521,0.3549,121.65,26.965,1585.3,MARGINAL,synthetic_physics
2387.8,36.9375,0.7146,0.32766,33.914,0.60192,0.06999,0.4473,107.09,36.926,1714.77,MARGINAL,synthetic_physics
2325.7,26.125,0.7315,0.37198,35.405,0.52421,0.08292,0.4909,92.62,26.282,1843.41,GOOD,synthetic_physics
2282.2,23.9375,0.6844,0.36454,35.201,0.50977,0.07716,0.4525,112.72,23.728,1664.71,GOOD,synthetic_physics
2461.9,30.3125,0.6333,0.32753,34.354,0.41422,0.08083,0.4092,114.37,30.21,1650.08,GOOD,synthetic_physics
2295.9,15.625,0.6903,0.30113,39.301,0.54963,0.09164,0.4972,105.86,15.147,1725.69,GOOD,synthetic_physics
2517.5,25.6875,0.6048,0.22576,35.304,0.44954,0.04702,0.3293,154.15,25.88,1296.45,REJECT,synthetic_physics
2467.5,26.0,0.4188,0.29723,31.672,0.35196,0.07422,0.3005,182.9,25.542,1040.93,REJECT,synthetic_physics
2339.4,24.3125,0.7387,0.28991,28.505,0.63013,0.08996,0.525,104.07,24.138,1741.6,MARGINAL,synthetic_physics
2452.2,37.25,0.6572,0.31944,38.018,0.40967,0.06218,0.3872,107.54,37.219,1710.76,MARGINAL,synthetic_physics
2417.6,26.875,0.8768,0.42955,38.563,0.46577,0.05232,0.4463,80.95,27.03,1947.13,GOOD,synthetic_physics
2257.2,29.625,0.9042,0.4816,44.0,0.56979,0.06798,0.5122,45.67,29.344,2260.72,MARGINAL,synthetic_physics
2465.9,21.5625,1.0033,0.51071,44.0,0.33376,0.05242,0.4062,14.32,21.828,2539.37,MARGINAL,synthetic_physics
2411.9,33.5,0.8399,0.4448,36.096,0.3552,0.0546,0.4008,84.48,33.581,1915.71,GOOD,synthetic_physics
2291.9,31.75,0.6629,0.30173,35.748,0.55608,0.07485,0.4744,116.91,31.541,1627.5,GOOD,synthetic_physics
2330.5,32.5,0.532,0.28149,26.856,0.44028,0.07957,0.4313,158.33,32.711,1259.31,REJECT,synthetic_physics
2325.7,20.625,0.8078,0.26837,38.099,0.60844,0.13203,0.6097,75.01,20.289,1999.88,REJECT,synthetic_physics
2314.4,22.0,0.5555,0.29206,30.42,0.56802,0.08255,0.4785,150.82,22.129,1326.08,REJECT,synthetic_physics
2476.4,26.125,0.845,0.47326,43.242,0.4558,0.03094,0.3592,50.83,26.734,2214.88,MARGINAL,synthetic_physics
2487.7,27.625,0.7305,0.37077,39.544,0.55147,0.0659,0.4381,98.37,28.034,1792.29,GOOD,synthetic_physics
2410.3,39.4375,0.3243,0.26583,31.886,0.49589,0.06918,0.432,216.48,39.527,742.41,REJECT,synthetic_physics
2316.8,34.875,0.7263,0.43804,37.088,0.57907,0.07303,0.4287,96.63,34.894,1807.72,GOOD,synthetic_physics
2456.3,32.0,0.5357,0.2105,37.218,0.54368,0.0847,0.4671,144.56,32.317,1381.68,MARGINAL,synthetic_physics
2424.8,28.4375,0.6418,0.26593,32.394,0.53897,0.08298,0.4655,113.64,28.586,1656.57,GOOD,synthetic_physics
2421.6,28.0,0.3548,0.28342,33.19,0.44061,0.07204,0.3589,192.97,28.441,951.36,REJECT,synthetic_physics
2293.5,26.875,0.6962,0.29119,34.329,0.5114,0.09224,0.4933,110.07,26.925,1688.27,GOOD,synthetic_physics
2378.9,23.4375,0.8037,0.36394,39.353,0.47627,0.06652,0.464,80.39,23.441,1952.12,GOOD,synthetic_physics
2525.6,34.0625,0.9314,0.51218,40.393,0.30964,0.03775,0.3677,50.53,33.936,2217.53,MARGINAL,synthetic_physics
2378.9,26.5625,0.633,0.28863,35.923,0.55282,0.07485,0.4251,129.51,26.279,1515.45,MARGINAL,synthetic_physics
2258.0,24.0625,0.3424,0.18133,31.225,0.61991,0.10585,0.6067,202.53,23.95,866.36,REJECT,synthetic_physics
2306.4,32.25,0.6368,0.29812,32.579,0.55424,0.09073,0.4954,112.95,32.049,1662.66,GOOD,synthetic_physics
2305.6,40.3125,1.1312,0.4948,44.0,0.43335,0.07617,0.4959,11.86,40.191,2561.25,REJECT,synthetic_physics
2428.1,34.5,0.8773,0.39445,40.383,0.39343,0.04588,0.3875,68.43,34.659,2058.43,MARGINAL,synthetic_physics
2263.7,28.6875,0.4514,0.20191,26.268,0.66193,0.11273,0.5894,188.39,28.383,992.11,REJECT,synthetic_physics
2502.2,39.625,1.0395,0.48516,44.0,0.2789,0.05101,0.3547,20.73,39.502,2482.39,MARGINAL,synthetic_physics
2515.1,21.3125,0.4159,0.34718,32.59,0.51376,0.0499,0.3193,198.1,21.258,905.73,REJECT,synthetic_physics
2386.2,36.25,0.681,0.28514,28.561,0.45946,0.07663,0.4263,119.28,36.195,1606.39,MARGINAL,synthetic_physics
2391.0,24.25,0.6998,0.42359,36.465,0.52315,0.07868,0.408,92.78,23.902,1841.94,GOOD,synthetic_physics
2422.4,30.0625,0.9683,0.48443,44.0,0.38155,0.03533,0.3809,32.52,29.838,2377.58,MARGINAL,synthetic_physics
2237.9,34.125,0.703,0.24779,29.532,0.53191,0.11413,0.5227,136.2,34.147,1456.0,MARGINAL,synthetic_physics
2383.7,33.0625,0.6594,0.38262,39.821,0.47367,0.06867,0.4015,109.3,33.514,1695.13,GOOD,synthetic_physics
2167.8,27.125,0.5627,0.22303,28.171,0.67565,0.13763,0.6208,148.32,27.121,1348.28,REJECT,synthetic_physics
2361.2,31.6875,0.88,0.44734,44.0,0.4244,0.09159,0.5126,38.55,31.553,2323.99,MARGINAL,synthetic_physics
2390.2,35.5,0.8928,0.39236,36.249,0.53504,0.07701,0.5337,54.08,35.03,2185.97,MARGINAL,synthetic_physics
2444.2,26.625,0.4807,0.22452,27.86,0.5022,0.09185,0.472,164.36,26.616,1205.65,REJECT,synthetic_physics
2337.8,29.625,0.8069,0.32075,34.339,0.4824,0.08261,0.4699,81.88,29.566,1938.82,GOOD,synthetic_physics
2387.0,18.75,0.9017,0.40434,43.216,0.44962,0.07344,0.5453,31.22,19.114,2389.13,MARGINAL,synthetic_physics
2278.2,36.25,0.8502,0.39209,43.128,0.51134,0.08852,0.5181,65.15,36.146,2087.54,MARGINAL,synthetic_physics
2338.6,28.375,0.701,0.34832,34.249,0.51105,0.09049,0.54,91.16,28.41,1856.32,MARGINAL,synthetic_physics
2361.2,37.125,0.9471,0.46354,44.0,0.47658,0.07626,0.4246,36.2,37.216,2344.85,MARGINAL,synthetic_physics
2426.4,38.75,0.3839,0.24461,31.188,0.45419,0.05984,0.3568,207.84,38.789,819.16,REJECT,synthetic_physics
2253.2,30.75,0.3229,0.18432,31.294,0.62313,0.11976,0.5658,218.53,30.449,724.13,REJECT,synthetic_physics
2235.5,35.125,0.8513,0.34156,35.397,0.61746,0.10536,0.584,71.43,35.206,2031.69,REJECT,synthetic_physics
2365.2,20.1875,0.3584,0.21757,29.393,0.42926,0.08398,0.4115,187.29,20.454,1001.88,REJECT,synthetic_physics
2404.7,28.4375,0.6253,0.368,37.854,0.51403,0.0665,0.4087,117.43,28.422,1622.83,GOOD,synthetic_physics
2377.3,29.625,0.6188,0.31775,37.195,0.52328,0.08603,0.4495,126.53,29.51,1541.92,MARGINAL,synthetic_physics
2370.8,25.6875,0.9914,0.58871,42.25,0.41527,0.07695,0.4556,17.54,25.928,2510.77,MARGINAL,synthetic_physics
2346.7,35.75,0.8553,0.37481,37.753,0.47946,0.08831,0.4739,70.48,35.643,2040.18,MARGINAL,synthetic_physics
2368.4,32.125,0.8334,0.41035,37.117,0.45949,0.08975,0.4896,59.47,32.105,2138.08,GOOD,synthetic_physics
2438.5,39.8125,0.9406,0.44324,39.091,0.46088,0.04361,0.4435,48.91,39.952,2231.93,MARGINAL,synthetic_physics
2387.0,28.25,0.7596,0.3132,34.811,0.46204,0.0503,0.3818,97.61,28.25,1799.01,MARGINAL,synthetic_physics
2349.1,36.625,0.6791,0.31323,34.359,0.55831,0.08668,0.5374,95.33,36.236,1819.27,MARGINAL,synthetic_physics
2321.7,24.9375,0.4218,0.17372,30.896,0.55286,0.10979,0.5079,188.15,25.199,994.22,REJECT,synthetic_physics
2482.9,27.4375,0.5681,0.28351,35.256,0.44052,0.05541,0.3667,157.11,27.454,1270.17,REJECT,synthetic_physics
2329.7,35.9375,0.7706,0.21148,31.348,0.58935,0.09567,0.5068,110.2,36.124,1687.15,MARGINAL,synthetic_physics
2243.5,26.6875,0.4485,0.11252,25.498,0.81177,0.12691,0.6173,164.18,26.173,1207.32,REJECT,synthetic_physics
2150.8,31.3125,0.8166,0.28529,32.897,0.66884,0.12999,0.6243,82.63,31.377,1932.21,REJECT,synthetic_physics
2386.2,33.6875,0.7286,0.34546,38.481,0.49231,0.06588,0.4095,89.8,33.881,1868.42,GOOD,synthetic_physics
2350.7,15.5625,0.5994,0.34489,34.687,0.55864,0.0768,0.4459,122.22,15.518,1580.27,GOOD,synthetic_physics
2328.9,33.75,0.7245,0.29762,34.16,0.46343,0.08177,0.4435,119.7,33.706,1602.64,GOOD,synthetic_physics
2386.2,37.0625,0.7068,0.33174,35.643,0.4504,0.07532,0.4038,115.95,37.196,1635.97,MARGINAL,synthetic_physics
2342.6,28.6875,0.4859,0.20506,29.637,0.61398,0.11229,0.503,149.62,28.312,1336.71,MARGINAL,synthetic_physics
2416.8,25.75,0.7778,0.38573,35.582,0.4567,0.07458,0.3816,85.26,25.655,1908.76,MARGINAL,synthetic_physics
2457.1,32.1875,0.6996,0.26845,36.673,0.45122,0.10085,0.488,101.55,32.11,1763.98,GOOD,synthetic_physics
2420.0,27.25,0.6834,0.34542,34.424,0.48998,0.09645,0.4592,122.48,26.912,1577.97,GOOD,synthetic_physics
2222.6,28.125,0.7464,0.27696,29.356,0.65004,0.11192,0.6297,99.48,27.628,1782.4,REJECT,synthetic_physics
2455.5,31.6875,0.7651,0.41839,39.009,0.48293,0.04833,0.4121,84.88,31.896,1912.19,GOOD,synthetic_physics
2432.9,30.25,0.4694,0.31157,29.331,0.55139,0.06629,0.4174,166.37,30.539,1187.86,REJECT,synthetic_physics
2137.1,37.5,0.8414,0.37036,34.432,0.63368,0.12356,0.6234,65.84,37.884,2081.46,REJECT,synthetic_physics
2452.2,23.9375,0.9875,0.50311,44.0,0.39864,0.0785,0.4401,19.84,24.384,2490.33,MARGINAL,synthetic_physics
2393.4,21.6875,1.0035,0.48234,44.0,0.34253,0.04045,0.3825,39.73,21.752,2313.53,MARGINAL,synthetic_physics
2480.4,27.5,0.9718,0.51573,44.0,0.38551,0.0526,0.3859,16.33,27.963,2521.49,MARGINAL,synthetic_physics
2445.0,25.0,0.946,0.52648,44.0,0.5303,0.06809,0.394,40.71,24.773,2304.79,MARGINAL,synthetic_physics
2453.8,20.1875,0.8083,0.42156,41.693,0.45062,0.06459,0.4209,51.77,19.851,2206.46,GOOD,synthetic_physics
2452.2,22.125,0.95,0.5564,44.0,0.37719,0.04661,0.3883,15.49,21.91,2529.02,MARGINAL,synthetic_physics
2291.1,28.375,0.6198,0.24476,26.19,0.44562,0.09805,0.473,154.78,28.338,1290.82,REJECT,synthetic_physics
2478.0,35.5625,0.7653,0.38406,39.144,0.51249,0.07719,0.4116,75.77,34.923,1993.19,GOOD,synthetic_physics
2258.0,30.8125,0.2867,0.21842,27.566,0.67468,0.12346,0.5892,209.28,30.761,806.36,REJECT,synthetic_physics
2436.1,33.8125,0.657,0.3471,36.802,0.42979,0.05551,0.3754,116.91,33.964,1627.51,MARGINAL,synthetic_physics
2305.6,27.0,0.4936,0.19354,30.371,0.63507,0.1063,0.5077,169.28,26.872,1161.98,REJECT,synthetic_physics
2410.3,28.0,0.3015,0.21924,31.567,0.62734,0.06854,0.4359,210.59,27.928,794.78,REJECT,synthetic_physics
2274.9,26.625,0.6111,0.20177,32.379,0.57507,0.10799,0.4984,140.7,26.618,1415.98,MARGINAL,synthetic_physics
2357.1,30.0625,0.7621,0.3186,37.078,0.51598,0.0674,0.4519,109.28,30.244,1695.29,GOOD,synthetic_physics
2298.3,23.6875,0.4609,0.15791,29.135,0.75685,0.14518,0.6242,186.63,23.713,1007.73,REJECT,synthetic_physics
2413.6,35.625,0.6285,0.32317,32.513,0.45782,0.05665,0.4388,121.7,35.466,1584.9,MARGINAL,synthetic_physics
2402.3,30.4375,0.7533,0.27432,36.788,0.56985,0.10004,0.491,114.41,30.752,1649.66,GOOD,synthetic_physics
2337.0,29.6875,1.0087,0.48327,38.082,0.51746,0.07091,0.5181,20.57,29.934,2483.79,MARGINAL,synthetic_physics
2387.0,37.25,0.6281,0.35045,34.533,0.55812,0.06002,0.4529,123.46,37.025,1569.28,MARGINAL,synthetic_physics
2274.9,24.4375,0.8192,0.33239,34.189,0.65382,0.09909,0.5823,78.59,24.22,1968.13,REJECT,synthetic_physics
2206.4,32.8125,0.9627,0.39918,35.356,0.55778,0.11705,0.6365,26.49,32.913,2431.22,REJECT,synthetic_physics
2462.7,26.875,0.4086,0.25176,30.964,0.55504,0.08386,0.437,201.73,26.678,873.48,REJECT,synthetic_physics
2444.2,25.75,0.3174,0.21388,32.797,0.3954,0.04645,0.377,207.59,25.915,821.38,REJECT,synthetic_physics
2280.6,37.6875,0.7383,0.2342,31.952,0.47406,0.09063,0.5311,133.22,37.576,1482.53,MARGINAL,synthetic_physics
2518.3,31.6875,0.7707,0.47053,42.226,0.46927,0.05031,0.4072,78.51,31.454,1968.78,GOOD,synthetic_physics
2432.1,34.9375,0.9691,0.43358,38.092,0.41206,0.02907,0.3619,58.42,34.704,2147.39,MARGINAL,synthetic_physics
2341.0,33.1875,0.8537,0.40784,38.239,0.49765,0.0779,0.4928,59.62,33.346,2136.72,GOOD,synthetic_physics
2424.0,26.6875,0.8648,0.37787,36.053,0.60335,0.08246,0.476,62.29,26.952,2112.95,GOOD,synthetic_physics
2357.1,33.875,0.8524,0.44569,39.665,0.56421,0.03948,0.4072,53.64,33.921,2189.89,GOOD,synthetic_physics
2312.8,28.375,0.5818,0.28122,31.764,0.53502,0.07435,0.4446,137.91,28.338,1440.84,MARGINAL,synthetic_physics
2446.6,25.0,0.6715,0.32856,30.021,0.51175,0.05388,0.4081,117.46,24.829,1622.6,GOOD,synthetic_physics
2295.1,32.5,0.6202,0.20128,33.605,0.55646,0.07603,0.441,149.1,32.613,1341.3,MARGINAL,synthetic_physics
2507.8,37.9375,0.5701,0.31371,33.23,0.45791,0.07482,0.385,145.37,37.892,1374.46,MARGINAL,synthetic_physics
2297.5,33.875,0.6625,0.3479,32.66,0.50048,0.09876,0.4905,101.86,33.964,1761.27,GOOD,synthetic_physics
2315.2,33.5,0.6728,0.31824,33.302,0.60487,0.06784,0.4987,112.43,33.398,1667.26,GOOD,synthetic_physics
2372.5,28.9375,0.822,0.36518,39.71,0.46839,0.07979,0.4479,88.03,28.671,1884.18,GOOD,synthetic_physics
2344.2,32.9375,0.6477,0.20297,33.801,0.49976,0.09949,0.5168,126.18,33.064,1545.06,MARGINAL,synthetic_physics
2373.3,34.6875,0.8582,0.39915,35.296,0.43646,0.06444,0.4922,72.03,34.436,2026.38,GOOD,synthetic_physics
2403.9,18.3125,0.7638,0.32972,36.123,0.42365,0.0691,0.4419,88.46,18.502,1880.35,GOOD,synthetic_physics
2474.0,21.3125,0.6577,0.27282,34.552,0.4523,0.06782,0.4017,122.53,21.338,1577.49,GOOD,synthetic_physics
2410.3,32.5625,0.9471,0.42317,44.0,0.52626,0.06663,0.4465,57.76,32.452,2153.26,GOOD,synthetic_physics
2294.3,31.4375,0.5932,0.22288,31.533,0.62211,0.10845,0.5287,138.91,30.884,1431.9,MARGINAL,synthetic_physics
2432.1,28.25,0.5273,0.24459,28.827,0.57223,0.09132,0.4819,146.73,28.147,1362.39,MARGINAL,synthetic_physics
2413.6,24.9375,0.564,0.24502,37.167,0.45141,0.08362,0.4407,150.62,24.729,1327.86,REJECT,synthetic_physics
2525.6,28.3125,0.4779,0.34201,32.533,0.41905,0.05983,0.3032,170.61,28.55,1150.14,REJECT,synthetic_physics
2374.9,29.8125,0.6145,0.21493,28.011,0.60102,0.11743,0.533,143.22,29.89,1393.61,MARGINAL,synthetic_physics
2522.3,30.375,1.0907,0.47995,44.0,0.36424,0.0521,0.3527,22.24,30.304,2468.96,MARGINAL,synthetic_physics
2365.2,40.0625,0.4122,0.18224,29.318,0.51839,0.10974,0.483,186.84,39.854,1005.82,REJECT,synthetic_physics
2439.3,27.0,0.8608,0.46557,43.43,0.4513,0.07071,0.4486,70.51,27.119,2039.95,GOOD,synthetic_physics
2396.6,32.0,0.7001,0.20499,36.903,0.51497,0.09601,0.4909,115.86,31.964,1636.78,GOOD,synthetic_physics
2364.4,27.375,0.902,0.37372,35.775,0.49589,0.08034,0.496,58.13,27.437,2149.92,GOOD,synthetic_physics
2367.6,20.6875,0.8482,0.36171,40.044,0.5765,0.0868,0.4774,94.95,20.618,1822.68,GOOD,synthetic_physics
2382.1,29.125,0.7757,0.38435,37.532,0.67059,0.10803,0.5131,60.8,29.055,2126.25,MARGINAL,synthetic_physics
2494.9,24.8125,1.0466,0.56213,43.921,0.30102,0.02941,0.3753,11.73,25.078,2562.36,MARGINAL,synthetic_physics
2452.2,37.0,0.4454,0.31769,31.5,0.43131,0.0566,0.3077,193.2,36.575,949.36,REJECT,synthetic_physics
2344.2,37.0,0.4459,0.30726,31.143,0.51994,0.10439,0.4782,185.33,36.754,1019.28,REJECT,synthetic_physics
2446.6,29.875,0.8442,0.44052,36.184,0.49108,0.06407,0.4516,70.34,30.452,2041.44,GOOD,synthetic_physics
2426.4,30.0625,0.6955,0.32697,40.287,0.39723,0.03646,0.3781,100.71,29.883,1771.48,MARGINAL,synthetic_physics
2226.6,32.0,0.5611,0.12956,30.124,0.63565,0.1215,0.5645,146.61,31.882,1363.49,REJECT,synthetic_physics
2424.0,32.625,0.8144,0.45514,39.13,0.40751,0.06524,0.3687,81.54,32.691,1941.89,MARGINAL,synthetic_physics
2427.3,22.8125,0.8193,0.41034,41.128,0.38588,0.05054,0.3983,70.94,22.88,2036.12,MARGINAL,synthetic_physics
2278.2,30.625,0.3715,0.20228,31.459,0.68569,0.13765,0.5552,196.34,31.086,921.39,REJECT,synthetic_physics
2160.5,43.125,0.8937,0.41586,36.126,0.58136,0.12083,0.6329,48.0,43.104,2240.04,REJECT,synthetic_physics
2434.5,33.0,0.7045,0.36399,37.554,0.46254,0.07651,0.4472,104.92,32.68,1734.06,GOOD,synthetic_physics
2416.8,35.375,0.6698,0.32157,31.735,0.43966,0.04116,0.4032,120.59,35.431,1594.77,MARGINAL,synthetic_physics
2265.3,36.375,0.8379,0.35068,39.133,0.53563,0.09455,0.5401,62.67,36.406,2109.63,MARGINAL,synthetic_physics
2323.3,33.125,0.3887,0.16385,26.849,0.69333,0.11164,0.569,175.09,33.02,1110.34,REJECT,synthetic_physics
2258.0,31.125,0.6688,0.31683,35.349,0.47858,0.10794,0.5384,107.28,31.157,1713.1,MARGINAL,synthetic_physics
2312.0,31.5625,0.9451,0.39163,39.41,0.61182,0.09781,0.613,34.84,31.479,2356.97,REJECT,synthetic_physics
2501.4,16.3125,0.8219,0.42409,38.158,0.48056,0.08027,0.4455,78.79,16.151,1966.34,GOOD,synthetic_physics
2404.7,36.0625,0.2652,0.26543,32.547,0.54317,0.11595,0.5456,213.45,36.517,769.35,REJECT,synthetic_physics
2336.2,34.4375,0.5676,0.18418,31.988,0.65378,0.10354,0.5474,147.26,34.201,1357.71,MARGINAL,synthetic_physics
2519.9,18.3125,0.9073,0.50206,44.0,0.3608,0.0355,0.3374,44.82,18.021,2268.28,REJECT,synthetic_physics
2399.0,31.5625,0.5992,0.2346,33.683,0.5085,0.1132,0.5161,136.31,31.367,1455.02,MARGINAL,synthetic_physics
2432.1,38.875,0.5682,0.2792,31.472,0.40913,0.06878,0.324,146.07,38.867,1368.31,REJECT,synthetic_physics
2443.4,30.875,0.6311,0.32536,32.292,0.45107,0.08679,0.4066,123.59,30.446,1568.08,GOOD,synthetic_physics
2369.2,24.6875,0.5957,0.24553,35.909,0.50306,0.06616,0.4346,140.94,24.428,1413.88,MARGINAL,synthetic_physics
2369.2,31.6875,0.3807,0.21861,30.043,0.6131,0.09317,0.5008,199.74,31.513,891.23,REJECT,synthetic_physics
2393.4,24.1875,0.8705,0.43859,41.316,0.43073,0.07774,0.4525,57.35,24.116,2156.85,GOOD,synthetic_physics
2381.3,27.9375,0.9623,0.50926,40.734,0.51655,0.0912,0.4583,51.57,28.041,2208.23,GOOD,synthetic_physics
2377.3,28.9375,0.7514,0.3486,41.436,0.48386,0.07119,0.437,82.6,28.962,1932.41,GOOD,synthetic_physics
2529.6,34.5,0.8804,0.43794,39.978,0.41204,0.05605,0.3133,44.2,34.761,2273.79,REJECT,synthetic_physics
2374.1,29.875,0.9483,0.43443,43.11,0.506,0.09378,0.5621,37.44,29.868,2333.91,REJECT,synthetic_physics
2514.3,30.4375,0.9162,0.54751,41.832,0.32208,0.04803,0.3635,44.6,30.288,2270.24,MARGINAL,synthetic_physics
2399.0,34.125,0.8091,0.34315,37.698,0.52227,0.07072,0.4865,76.13,34.077,1989.98,GOOD,synthetic_physics
2314.4,16.8125,1.0292,0.50979,41.269,0.59687,0.10816,0.601,16.15,16.608,2523.1,REJECT,synthetic_physics
2465.9,37.0,0.4934,0.30161,35.448,0.41555,0.05151,0.369,163.99,37.23,1208.94,REJECT,synthetic_physics
2499.8,30.6875,0.2865,0.28256,34.152,0.44308,0.06196,0.3053,219.36,30.578,716.76,REJECT,synthetic_physics
2453.0,31.375,0.741,0.37868,44.0,0.51151,0.08092,0.4342,86.11,31.395,1901.24,GOOD,synthetic_physics
2419.2,28.8125,0.6314,0.30383,34.779,0.37528,0.06378,0.3699,121.96,29.453,1582.54,MARGINAL,synthetic_physics
2410.3,30.0625,0.7033,0.32387,38.814,0.47402,0.1078,0.4433,90.83,29.886,1859.3,GOOD,synthetic_physics
2335.4,31.375,0.6705,0.29457,29.882,0.54177,0.09692,0.4983,118.42,31.402,1614.04,GOOD,synthetic_physics
2331.4,38.0625,0.8972,0.33782,29.879,0.66251,0.10261,0.5498,77.31,37.876,1979.43,MARGINAL,synthetic_physics
2320.1,29.375,0.9705,0.45978,44.0,0.55057,0.10272,0.4898,28.47,29.619,2413.62,MARGINAL,synthetic_physics
2339.4,25.75,0.7025,0.32369,36.805,0.44351,0.08244,0.4534,107.39,25.615,1712.12,GOOD,synthetic_physics
2440.1,24.25,0.4956,0.29478,36.13,0.41212,0.05084,0.3496,168.13,24.314,1172.2,REJECT,synthetic_physics
2491.7,36.0,0.6125,0.31874,34.076,0.52911,0.0578,0.3779,134.81,35.883,1468.39,MARGINAL,synthetic_physics
2427.3,27.1875,0.7282,0.35372,38.767,0.43704,0.07858,0.4454,86.13,27.374,1901.1,GOOD,synthetic_physics
2271.7,41.625,0.9669,0.43634,39.05,0.51938,0.09251,0.5782,52.8,41.759,2197.33,REJECT,synthetic_physics
2265.3,26.6875,0.7243,0.23706,32.85,0.58402,0.1174,0.5531,105.14,26.887,1732.07,REJECT,synthetic_physics
2347.5,34.1875,0.9197,0.40042,39.945,0.48327,0.07524,0.4536,63.15,34.073,2105.36,GOOD,synthetic_physics
2452.2,28.875,0.7917,0.37706,35.962,0.38323,0.08292,0.4103,91.01,29.278,1857.69,GOOD,synthetic_physics
2532.0,23.8125,0.6901,0.33787,38.382,0.51894,0.05694,0.3022,122.38,24.147,1578.83,REJECT,synthetic_physics
2371.6,24.625,0.7192,0.43721,42.295,0.49163,0.06892,0.4358,59.23,24.623,2140.16,GOOD,synthetic_physics
2336.2,27.4375,0.7711,0.35057,37.323,0.64307,0.09836,0.5643,61.17,27.519,2122.92,REJECT,synthetic_physics
2291.1,22.125,0.8367,0.42633,40.048,0.5287,0.08387,0.4959,68.61,22.116,2056.79,GOOD,synthetic_physics
2366.8,38.0,0.8104,0.38679,35.18,0.52203,0.0968,0.5365,60.48,38.22,2129.11,MARGINAL,synthetic_physics
2540.9,22.1875,0.2895,0.31175,31.995,0.43772,0.04583,0.3257,214.27,21.997,762.04,REJECT,synthetic_physics
2555.4,31.5625,0.4712,0.23857,35.462,0.43175,0.04851,0.3312,174.64,31.164,1114.31,REJECT,synthetic_physics
2322.5,27.0625,0.6766,0.31316,33.997,0.41602,0.08889,0.412,129.1,27.175,1519.07,MARGINAL,synthetic_physics
2221.8,33.4375,0.4637,0.16717,26.744,0.79476,0.12864,0.6179,165.2,33.419,1198.21,REJECT,synthetic_physics
2409.5,26.0,0.6523,0.34919,36.83,0.42192,0.07088,0.4189,120.37,26.006,1596.71,GOOD,synthetic_physics
2378.1,31.3125,0.7336,0.37677,38.791,0.4896,0.081,0.4097,98.84,31.157,1788.08,GOOD,synthetic_physics
2502.2,29.0,0.626,0.35827,33.883,0.43971,0.03972,0.3914,112.44,28.757,1667.21,MARGINAL,synthetic_physics
2388.6,26.0625,0.7904,0.36353,34.138,0.55113,0.07351,0.4868,76.95,26.364,1982.62,GOOD,synthetic_physics
2378.1,35.5,0.5811,0.25032,33.08,0.6751,0.09463,0.4798,134.54,35.283,1470.75,MARGINAL,synthetic_physics
2583.6,27.9375,0.5211,0.29749,35.712,0.3829,0.0493,0.3332,152.57,28.18,1310.48,REJECT,synthetic_physics
2448.2,29.3125,0.8865,0.38566,33.686,0.37764,0.08061,0.4241,61.55,29.461,2119.58,GOOD,synthetic_physics
2253.2,33.8125,0.332,0.14894,32.093,0.63511,0.10553,0.5255,196.77,33.775,917.64,REJECT,synthetic_physics
2488.5,30.8125,0.5378,0.26428,34.282,0.45222,0.07331,0.383,146.45,30.801,1364.91,MARGINAL,synthetic_physics
2488.5,29.125,0.432,0.31938,31.85,0.45703,0.05429,0.3447,184.88,28.963,1023.25,REJECT,synthetic_physics
2399.9,23.6875,0.7226,0.27006,33.535,0.57412,0.11328,0.5608,104.61,23.737,1736.83,REJECT,synthetic_physics
2398.2,36.5625,0.4572,0.20588,30.561,0.58838,0.10883,0.517,180.0,36.266,1066.65,REJECT,synthetic_physics
2266.1,33.6875,0.7759,0.29461,39.15,0.55989,0.09869,0.5308,71.27,33.689,2033.16,MARGINAL,synthetic_physics
2315.2,32.75,0.78,0.27405,37.737,0.47345,0.0946,0.498,97.51,32.833,1799.9,GOOD,synthetic_physics
2467.5,18.875,0.9676,0.48274,42.917,0.39059,0.06369,0.4102,44.46,18.894,2271.45,MARGINAL,synthetic_physics
2501.4,35.375,0.33,0.29744,29.578,0.40103,0.05229,0.3795,213.34,35.092,770.31,REJECT,synthetic_physics
2241.9,24.5,1.0871,0.39429,38.184,0.59181,0.10467,0.6129,12.26,24.367,2557.71,REJECT,synthetic_physics
2344.2,30.5,0.7115,0.19798,29.224,0.68383,0.10419,0.5366,123.0,30.536,1573.38,MARGINAL,synthetic_physics
2331.4,35.9375,0.3952,0.22856,26.903,0.60428,0.08514,0.5023,188.39,36.059,992.1,REJECT,synthetic_physics
2502.2,29.375,0.7581,0.32171,40.474,0.4432,0.05196,0.3051,91.17,29.582,1856.24,REJECT,synthetic_physics
2264.5,31.0,0.7462,0.37373,37.322,0.47945,0.11646,0.4929,70.45,30.954,2040.45,GOOD,synthetic_physics
2385.3,33.5,0.7208,0.43823,40.404,0.42175,0.05557,0.4215,90.72,33.017,1860.26,GOOD,synthetic_physics
2496.6,25.5625,0.5699,0.25638,31.569,0.39666,0.05929,0.3322,146.88,25.146,1361.09,REJECT,synthetic_physics
2398.2,30.0,0.6809,0.31192,34.951,0.47227,0.08619,0.4049,124.56,30.156,1559.43,GOOD,synthetic_physics
2291.9,35.0625,0.9602,0.44405,39.715,0.50611,0.08869,0.5306,15.85,35.031,2525.77,MARGINAL,synthetic_physics
2291.1,24.875,0.5773,0.17931,30.664,0.53721,0.08066,0.5346,140.23,24.341,1420.18,MARGINAL,synthetic_physics
2451.4,21.8125,0.5827,0.28072,31.712,0.43902,0.05266,0.3468,163.03,21.811,1217.54,REJECT,synthetic_physics
2362.0,28.4375,0.6705,0.28527,34.814,0.69089,0.10836,0.5576,115.32,28.537,1641.56,REJECT,synthetic_physics
2458.7,25.0,0.7291,0.35821,37.369,0.4388,0.0242,0.4146,88.66,24.847,1878.61,GOOD,synthetic_physics
2427.3,34.5625,0.8258,0.35262,36.822,0.4703,0.07093,0.4418,80.73,34.451,1949.09,GOOD,synthetic_physics
2474.8,22.375,0.9583,0.52545,40.145,0.4702,0.07588,0.4568,34.49,22.414,2360.1,MARGINAL,synthetic_physics
2386.2,27.5,0.6952,0.25283,30.78,0.53447,0.07025,0.4839,113.18,27.502,1660.59,GOOD,synthetic_physics
2408.7,33.0,0.9159,0.52292,41.701,0.44799,0.0527,0.4281,50.75,32.996,2215.58,GOOD,synthetic_physics
2255.6,33.0625,0.7432,0.32674,34.124,0.66411,0.09965,0.5869,99.29,33.16,1784.07,REJECT,synthetic_physics
2459.5,20.5,0.4959,0.21071,34.082,0.41402,0.05797,0.3141,164.13,20.687,1207.72,REJECT,synthetic_physics
2268.5,26.75,0.6608,0.32474,40.496,0.51284,0.0804,0.5057,103.29,26.382,1748.49,MARGINAL,synthetic_physics
2425.6,23.0625,0.9149,0.3829,41.122,0.41915,0.08729,0.4361,59.36,23.394,2139.02,GOOD,synthetic_physics
2384.5,37.5625,0.8854,0.55826,44.0,0.38749,0.05052,0.4011,13.33,37.785,2548.16,MARGINAL,synthetic_physics
2311.2,29.6875,0.6873,0.30404,29.315,0.64857,0.11657,0.5933,109.91,29.943,1689.67,REJECT,synthetic_physics
2445.8,26.1875,0.7524,0.27664,39.369,0.43707,0.07584,0.4466,100.39,26.349,1774.31,GOOD,synthetic_physics
2296.7,26.4375,0.7624,0.29322,34.931,0.49172,0.10148,0.5617,98.62,26.391,1790.05,REJECT,synthetic_physics
2382.9,32.375,0.7193,0.35481,37.645,0.4285,0.06238,0.4145,102.25,32.147,1757.75,GOOD,synthetic_physics
2219.3,33.9375,0.8868,0.43279,36.019,0.61185,0.11606,0.5927,26.04,33.865,2435.21,REJECT,synthetic_physics
2186.3,32.75,0.4747,0.14964,24.443,0.68989,0.12167,0.6483,162.65,32.492,1220.85,REJECT,synthetic_physics
2279.0,30.6875,0.3795,0.157,29.084,0.5848,0.1202,0.5837,181.74,31.048,1051.23,REJECT,synthetic_physics
2201.6,36.9375,0.6284,0.13747,32.287,0.71114,0.14567,0.6275,142.93,36.611,1396.16,REJECT,synthetic_physics
2463.5,33.375,0.7436,0.35638,40.097,0.43807,0.06984,0.3711,92.31,33.326,1846.11,MARGINAL,synthetic_physics
2459.5,20.3125,0.6794,0.31955,33.939,0.40271,0.08464,0.4099,121.3,20.37,1588.44,GOOD,synthetic_physics
2274.1,28.25,0.9978,0.37851,40.957,0.64313,0.10929,0.6447,26.15,28.673,2434.21,REJECT,synthetic_physics
2454.7,20.5,0.3625,0.18834,26.015,0.46091,0.07627,0.4211,198.86,20.15,898.99,REJECT,synthetic_physics
2280.6,29.875,0.3566,0.14426,30.12,0.6512,0.0879,0.587,201.03,29.594,879.76,REJECT,synthetic_physics
2308.0,27.1875,0.3797,0.22412,29.062,0.60364,0.08719,0.5048,202.34,27.247,868.07,REJECT,synthetic_physics
2528.8,31.9375,0.8118,0.42828,36.637,0.46278,0.06546,0.4064,69.99,32.434,2044.5,GOOD,synthetic_physics
2451.4,29.25,1.1047,0.58826,43.803,0.3209,0.06169,0.3684,11.44,29.209,2565.0,MARGINAL,synthetic_physics
2387.8,29.25,0.6548,0.31955,37.787,0.47805,0.06218,0.4112,118.46,29.029,1613.68,GOOD,synthetic_physics
2477.2,34.0625,0.6772,0.27944,34.68,0.51723,0.07946,0.4392,106.34,33.751,1721.38,GOOD,synthetic_physics
2255.6,38.375,0.8831,0.40864,38.285,0.52446,0.09327,0.5055,59.5,38.175,2137.77,MARGINAL,synthetic_physics
2256.4,35.375,0.5617,0.22746,25.325,0.67092,0.10438,0.5432,148.46,35.511,1347.04,MARGINAL,synthetic_physics
2312.8,33.9375,0.3081,0.18213,30.542,0.57218,0.09422,0.5154,216.73,33.965,740.14,REJECT,synthetic_physics
2478.0,32.4375,1.0778,0.53981,43.868,0.32145,0.02653,0.3807,27.93,32.358,2418.36,MARGINAL,synthetic_physics
2339.4,33.375,0.7317,0.36126,33.962,0.52646,0.07719,0.4446,97.1,33.463,1803.57,GOOD,synthetic_physics
2454.7,19.8125,0.5401,0.26508,32.849,0.48766,0.0559,0.4181,145.73,19.883,1371.32,MARGINAL,synthetic_physics
2308.0,29.375,0.9425,0.50367,37.983,0.50829,0.07061,0.5061,16.9,29.305,2516.47,MARGINAL,synthetic_physics
2481.2,25.75,0.87,0.4798,44.0,0.34854,0.06195,0.3702,47.55,25.503,2244.02,MARGINAL,synthetic_physics
2284.6,31.5,1.0351,0.47809,41.182,0.5376,0.10194,0.5119,30.68,31.599,2393.98,MARGINAL,synthetic_physics
2249.2,28.875,0.8711,0.2949,39.355,0.60765,0.12286,0.6352,51.85,28.953,2205.76,REJECT,synthetic_physics
2565.1,26.4375,0.55,0.2912,35.671,0.3914,0.04669,0.3185,127.49,26.152,1533.39,REJECT,synthetic_physics
2400.7,20.4375,0.3349,0.18589,29.744,0.68753,0.10931,0.5089,215.68,19.972,749.54,REJECT,synthetic_physics
2484.5,29.0,0.9127,0.46841,41.075,0.43065,0.05022,0.4095,49.82,28.788,2223.86,MARGINAL,synthetic_physics
2295.9,28.1875,1.0244,0.41645,34.576,0.62887,0.09772,0.5837,22.57,28.306,2466.04,REJECT,synthetic_physics
2376.5,30.125,0.795,0.304,39.129,0.51823,0.08277,0.4622,67.71,30.199,2064.78,GOOD,synthetic_physics
2447.4,23.9375,0.8976,0.3982,43.487,0.56867,0.06281,0.4638,62.0,23.855,2115.57,GOOD,synthetic_physics
2274.1,29.1875,0.527,0.19406,28.001,0.69766,0.14289,0.6434,141.74,29.259,1406.75,REJECT,synthetic_physics
2503.0,23.9375,0.7928,0.37146,39.427,0.42848,0.06332,0.4205,78.85,23.735,1965.76,GOOD,synthetic_physics
2273.3,36.5625,0.5762,0.21993,27.168,0.69442,0.11979,0.6323,143.03,36.588,1395.28,REJECT,synthetic_physics
2305.6,25.5,0.9789,0.4503,38.254,0.60262,0.08902,0.5879,20.57,25.848,2483.8,REJECT,synthetic_physics
2305.6,28.4375,0.7027,0.29154,37.799,0.50014,0.07365,0.4608,105.98,28.426,1724.59,GOOD,synthetic_physics
2339.4,29.0,1.0171,0.44804,33.16,0.6421,0.1118,0.6027,30.66,29.027,2394.09,REJECT,synthetic_physics
2500.6,34.8125,0.7075,0.35814,40.581,0.45399,0.04955,0.323,113.64,34.744,1656.51,REJECT,synthetic_physics
2411.9,25.75,0.7228,0.2943,38.367,0.43581,0.09833,0.4908,99.34,26.247,1783.62,GOOD,synthetic_physics
2449.0,25.625,0.6608,0.34898,34.896,0.49346,0.05938,0.4128,120.18,25.478,1598.43,GOOD,synthetic_physics
2227.4,33.1875,0.4364,0.12391,24.956,0.70446,0.13874,0.6499,188.95,33.604,987.15,REJECT,synthetic_physics
2521.5,38.625,0.9058,0.48251,44.0,0.357,0.06879,0.3403,29.3,38.547,2406.21,REJECT,synthetic_physics
2480.4,34.6875,0.6495,0.33262,41.002,0.38769,0.06672,0.4032,106.26,34.597,1722.18,GOOD,synthetic_physics
2221.8,43.25,0.7986,0.37139,32.339,0.56555,0.08804,0.524,118.95,43.461,1609.3,REJECT,synthetic_physics
2441.0,27.875,0.9248,0.41512,44.0,0.41915,0.05896,0.462,55.89,27.354,2169.82,GOOD,synthetic_physics
2374.9,22.1875,0.8136,0.37983,35.796,0.52432,0.08511,0.5104,72.59,22.349,2021.4,MARGINAL,synthetic_physics
2184.7,24.5625,0.8569,0.30694,32.548,0.65795,0.11994,0.6382,92.17,24.633,1847.4,REJECT,synthetic_physics
2345.9,28.875,0.612,0.32369,35.356,0.6105,0.08543,0.5433,108.36,28.612,1703.46,MARGINAL,synthetic_physics
2384.5,32.375,0.4318,0.25057,32.901,0.45732,0.06379,0.4459,182.89,32.213,1040.97,REJECT,synthetic_physics
2378.1,32.875,0.6886,0.33298,38.639,0.42386,0.07709,0.4278,110.26,32.552,1686.58,GOOD,synthetic_physics
2512.7,24.25,0.9066,0.53163,44.0,0.43231,0.04215,0.3518,32.19,24.225,2380.54,MARGINAL,synthetic_physics
2326.5,33.625,0.7375,0.28571,32.355,0.6776,0.10628,0.5916,115.96,33.52,1635.87,REJECT,synthetic_physics
2457.1,27.375,0.6811,0.35762,34.661,0.49605,0.06319,0.4078,107.3,27.59,1712.93,GOOD,synthetic_physics
2475.6,27.1875,0.8532,0.37991,39.465,0.38321,0.05107,0.4201,77.47,27.533,1978.07,GOOD,synthetic_physics
2474.8,25.3125,0.4335,0.21511,33.534,0.48078,0.05788,0.4126,179.8,25.869,1068.43,REJECT,synthetic_physics
2408.7,35.0625,0.9733,0.43433,39.382,0.39377,0.09053,0.4569,53.66,34.77,2189.69,GOOD,synthetic_physics
2365.2,24.75,0.9706,0.45777,37.809,0.42305,0.07257,0.4671,47.38,24.726,2245.49,MARGINAL,synthetic_physics
2479.6,34.5625,0.7253,0.35795,31.74,0.39073,0.06435,0.4687,88.58,34.339,1879.26,GOOD,synthetic_physics
2468.4,34.875,0.7496,0.36153,38.359,0.44232,0.06689,0.4001,95.14,34.482,1821.02,GOOD,synthetic_physics
2241.1,40.125,0.5031,0.17664,29.061,0.70095,0.12225,0.6113,177.83,39.947,1086.0,REJECT,synthetic_physics
2453.8,25.875,0.5055,0.28335,29.472,0.44664,0.09006,0.4026,167.73,25.729,1175.74,REJECT,synthetic_physics
2317.7,32.25,0.4839,0.28345,30.811,0.56747,0.11479,0.5066,161.46,32.24,1231.46,REJECT,synthetic_physics
2370.8,32.4375,0.7961,0.47252,33.908,0.44163,0.04721,0.4308,81.79,32.405,1939.63,GOOD,synthetic_physics
2203.2,33.0,0.6575,0.14111,27.63,0.66594,0.10595,0.6186,150.59,32.615,1328.13,REJECT,synthetic_physics
2407.1,24.1875,0.7428,0.36469,35.388,0.54595,0.06719,0.462,121.17,24.121,1589.61,GOOD,synthetic_physics
2447.4,36.0,0.7282,0.29245,38.749,0.4183,0.05399,0.4209,108.06,36.115,1706.14,MARGINAL,synthetic_physics
2420.0,28.5625,0.3057,0.25753,33.568,0.49904,0.10348,0.4204,203.39,28.975,858.74,REJECT,synthetic_physics
2482.9,27.1875,0.3815,0.21268,32.621,0.49248,0.07811,0.3453,186.5,27.335,1008.87,REJECT,synthetic_physics
2374.1,28.75,0.9314,0.45957,44.0,0.49235,0.04968,0.4499,42.81,28.599,2286.16,MARGINAL,synthetic_physics
2414.4,23.0,0.5014,0.22995,31.6,0.55952,0.08519,0.4841,141.81,22.859,1406.14,MARGINAL,synthetic_physics
2442.6,27.6875,0.877,0.39638,37.145,0.56495,0.09196,0.4683,80.02,27.35,1955.41,GOOD,synthetic_physics
2453.0,27.8125,0.7071,0.42032,33.166,0.45184,0.06793,0.4224,97.07,27.716,1803.81,GOOD,synthetic_physics
2449.0,35.3125,0.5787,0.28491,37.159,0.51308,0.06872,0.3693,152.69,35.29,1309.4,REJECT,synthetic_physics
2382.9,21.875,1.0102,0.55444,43.479,0.45187,0.06888,0.445,17.48,21.964,2511.29,MARGINAL,synthetic_physics
2245.9,23.8125,0.4912,0.16969,27.104,0.67079,0.13275,0.6113,169.21,23.961,1162.61,REJECT,synthetic_physics
2428.1,22.625,0.6911,0.33985,35.036,0.48546,0.08504,0.4917,83.26,22.305,1926.54,GOOD,synthetic_physics
2328.1,29.8125,0.4595,0.21396,28.781,0.57682,0.11647,0.5454,170.5,29.832,1151.12,REJECT,synthetic_physics
2316.8,25.0625,0.6286,0.23925,36.623,0.59927,0.08779,0.5134,127.21,24.94,1535.88,MARGINAL,synthetic_physics
2369.2,33.4375,0.9213,0.38845,35.534,0.63207,0.12731,0.6016,54.51,33.815,2182.12,REJECT,synthetic_physics
2449.0,34.125,0.3297,0.24346,30.44,0.5184,0.09631,0.5007,201.68,34.542,874.0,REJECT,synthetic_physics
2526.4,36.75,0.9626,0.46521,39.903,0.39449,0.0444,0.3087,43.61,36.441,2279.03,REJECT,synthetic_physics
2312.8,38.5,0.8423,0.44404,37.01,0.58886,0.09731,0.547,71.42,38.02,2031.78,MARGINAL,synthetic_physics
2208.9,32.75,0.7973,0.26811,34.253,0.73647,0.11729,0.6056,83.87,32.511,1921.17,REJECT,synthetic_physics
2424.8,34.625,0.6456,0.3843,40.232,0.5079,0.07604,0.4518,104.01,34.548,1742.1,GOOD,synthetic_physics
2439.3,27.5,1.1526,0.52614,44.0,0.33262,0.04409,0.393,11.93,27.335,2560.64,MARGINAL,synthetic_physics
2286.2,39.6875,0.8768,0.34678,33.231,0.60501,0.10635,0.5876,65.57,40.098,2083.86,REJECT,synthetic_physics
2461.1,30.75,0.5282,0.39875,32.258,0.37723,0.0398,0.3358,132.86,30.634,1485.65,REJECT,synthetic_physics
2425.6,33.3125,0.7192,0.32393,34.299,0.54171,0.08959,0.4894,101.02,33.331,1768.72,GOOD,synthetic_physics
2395.0,25.0625,0.5729,0.20942,31.201,0.56217,0.10214,0.5338,136.19,25.237,1456.08,MARGINAL,synthetic_physics
2515.1,24.625,0.6161,0.30816,34.515,0.52432,0.05162,0.4278,132.41,24.923,1489.71,MARGINAL,synthetic_physics
2453.8,31.4375,0.3183,0.26031,29.45,0.58569,0.08806,0.4659,207.65,31.321,820.89,REJECT,synthetic_physics
2562.6,35.8125,0.6145,0.34684,35.288,0.43828,0.07288,0.3232,137.7,35.629,1442.68,REJECT,synthetic_physics
2363.6,24.875,0.8995,0.4233,37.148,0.5286,0.10227,0.5419,50.3,24.632,2219.58,MARGINAL,synthetic_physics
2377.3,28.8125,0.6497,0.30871,38.245,0.43177,0.06335,0.3922,116.2,28.952,1633.75,MARGINAL,synthetic_physics
2272.5,36.0,0.871,0.42689,42.766,0.42841,0.06733,0.4653,46.2,35.936,2256.04,MARGINAL,synthetic_physics
2370.0,32.6875,0.7648,0.36808,38.616,0.44373,0.07951,0.4373,83.54,32.436,1924.12,GOOD,synthetic_physics
2419.2,23.9375,0.7389,0.46136,40.19,0.53151,0.05526,0.4371,69.18,24.174,2051.76,GOOD,synthetic_physics
2391.8,28.5625,0.2992,0.24492,30.988,0.56142,0.09917,0.5108,208.23,28.746,815.74,REJECT,synthetic_physics
2518.3,12.0,0.9671,0.48152,44.0,0.36576,0.03743,0.3944,37.14,12.366,2336.52,MARGINAL,synthetic_physics
2525.6,29.375,0.9692,0.51143,44.0,0.44381,0.01828,0.3166,39.29,29.61,2317.46,REJECT,synthetic_physics
2306.4,25.0,0.5036,0.2383,28.179,0.62344,0.11223,0.5599,160.7,24.758,1238.19,REJECT,synthetic_physics
2301.5,37.1875,0.6414,0.28978,33.333,0.51598,0.0971,0.5012,130.03,37.067,1510.84,MARGINAL,synthetic_physics
2432.1,30.625,0.584,0.21333,38.151,0.51069,0.10337,0.4845,135.83,30.598,1459.26,MARGINAL,synthetic_physics
2387.8,25.625,0.8663,0.35295,36.084,0.55188,0.06819,0.4603,86.44,25.237,1898.33,GOOD,synthetic_physics
2450.6,25.4375,0.609,0.37692,32.775,0.3881,0.05633,0.3613,104.6,25.614,1736.9,MARGINAL,synthetic_physics
2324.9,24.1875,0.8825,0.43193,36.322,0.59495,0.10009,0.4795,61.67,24.212,2118.51,GOOD,synthetic_physics
2225.8,36.5625,0.4328,0.17057,25.279,0.64337,0.12387,0.5818,193.11,36.466,950.13,REJECT,synthetic_physics
2376.5,34.125,0.7679,0.29508,32.812,0.50865,0.07351,0.4542,106.48,34.064,1720.22,GOOD,synthetic_physics
2493.3,28.6875,0.8181,0.41575,39.989,0.38871,0.07896,0.4024,66.81,28.592,2072.83,GOOD,synthetic_physics
2340.2,32.0625,0.7448,0.32002,35.711,0.47601,0.08351,0.4672,95.62,32.089,1816.72,GOOD,synthetic_physics
2391.0,28.75,0.8691,0.38456,40.526,0.51944,0.05029,0.4637,60.54,28.821,2128.56,GOOD,synthetic_physics
2318.5,36.25,0.5581,0.255,32.28,0.61091,0.13508,0.551,136.6,36.437,1452.47,REJECT,synthetic_physics
2364.4,28.25,0.8309,0.33737,40.219,0.49046,0.06999,0.417,72.59,28.288,2021.4,GOOD,synthetic_physics
2517.5,25.9375,0.921,0.53515,44.0,0.37511,0.05163,0.3568,11.42,25.989,2565.14,MARGINAL,synthetic_physics
2404.7,26.1875,0.6257,0.24038,34.388,0.50689,0.08925,0.494,124.51,26.082,1559.89,GOOD,synthetic_physics
2451.4,27.875,0.8877,0.51013,42.643,0.43848,0.05871,0.4126,45.62,27.448,2261.12,MARGINAL,synthetic_physics
2502.2,19.1875,0.2839,0.29093,34.776,0.40705,0.05672,0.3272,210.16,19.338,798.54,REJECT,synthetic_physics
2442.6,25.0,0.6647,0.33292,35.532,0.49326,0.06739,0.4204,103.72,24.832,1744.72,GOOD,synthetic_physics
2318.5,37.3125,0.8438,0.40338,39.746,0.48379,0.07274,0.4604,68.21,37.317,2060.34,MARGINAL,synthetic_physics
2506.2,17.6875,0.8864,0.47456,41.517,0.32525,0.0475,0.3578,45.45,17.842,2262.66,MARGINAL,synthetic_physics
2575.5,29.0625,1.1974,0.50614,44.0,0.27045,0.03563,0.3846,12.89,29.375,2552.05,MARGINAL,synthetic_physics
2392.6,22.8125,0.6447,0.33119,35.219,0.54749,0.11096,0.4808,124.68,22.984,1558.43,GOOD,synthetic_physics
2424.8,26.0,0.7987,0.33912,38.974,0.50262,0.05469,0.4213,76.97,25.773,1982.47,GOOD,synthetic_physics
2388.6,29.6875,0.6069,0.33002,39.384,0.54914,0.06196,0.4517,119.57,29.825,1603.85,GOOD,synthetic_physics
2395.8,33.5625,0.6065,0.32295,39.907,0.44175,0.075,0.4112,115.67,33.438,1638.45,GOOD,synthetic_physics
2439.3,31.3125,0.6405,0.32646,33.788,0.53443,0.0663,0.3991,126.9,31.771,1538.71,MARGINAL,synthetic_physics
2445.8,30.875,0.36,0.27491,36.519,0.42415,0.02801,0.3103,190.57,31.097,972.74,REJECT,synthetic_physics
2428.9,31.875,0.8921,0.44157,41.669,0.33733,0.05064,0.4059,45.77,31.689,2259.85,MARGINAL,synthetic_physics
2403.9,21.125,0.3267,0.23245,35.624,0.41768,0.07053,0.446,210.85,21.337,792.47,REJECT,synthetic_physics
2229.8,40.5,0.7946,0.31688,30.43,0.603,0.10451,0.6206,83.06,40.343,1928.32,REJECT,synthetic_physics
2447.4,33.5625,0.7799,0.45606,42.063,0.4226,0.06252,0.4073,73.62,33.664,2012.26,GOOD,synthetic_physics
2484.5,25.1875,0.6376,0.28718,36.998,0.42934,0.06374,0.4022,131.14,25.317,1500.98,MARGINAL,synthetic_physics
2425.6,37.25,0.8333,0.39928,38.492,0.4856,0.05665,0.3718,71.53,37.333,2030.83,MARGINAL,synthetic_physics
2413.6,39.75,0.9944,0.45085,42.805,0.37068,0.05903,0.4202,30.55,39.741,2395.1,MARGINAL,synthetic_physics
2409.5,30.8125,1.0046,0.42638,38.432,0.42094,0.06667,0.4796,29.23,30.393,2406.83,MARGINAL,synthetic_physics
2329.7,24.5625,0.8198,0.29739,35.302,0.45241,0.05815,0.4606,79.9,24.917,1956.44,GOOD,synthetic_physics
2392.6,33.625,0.8617,0.4117,41.67,0.5828,0.08467,0.4887,51.8,33.433,2206.24,GOOD,synthetic_physics
2221.0,29.125,0.2882,0.18318,32.068,0.74739,0.11289,0.6031,218.29,29.039,726.35,REJECT,synthetic_physics
2374.1,24.6875,1.0453,0.48256,42.822,0.42103,0.08101,0.4698,16.6,24.994,2519.07,MARGINAL,synthetic_physics
2446.6,26.1875,0.9054,0.38412,39.006,0.4445,0.07446,0.4318,58.9,25.78,2143.15,GOOD,synthetic_physics
2313.6,27.5,0.738,0.33589,37.267,0.60434,0.07843,0.4993,93.71,27.424,1833.65,GOOD,synthetic_physics
2473.2,32.375,0.5463,0.27464,34.054,0.4635,0.04817,0.3673,139.27,32.35,1428.69,MARGINAL,synthetic_physics
2432.1,25.625,0.5894,0.26495,30.517,0.47985,0.0689,0.3975,153.06,25.534,1306.17,REJECT,synthetic_physics
2437.7,26.625,0.9448,0.50937,41.904,0.51576,0.0843,0.4804,32.65,26.368,2376.48,MARGINAL,synthetic_physics
2213.7,27.3125,0.7347,0.19578,33.014,0.67251,0.11071,0.6227,109.77,27.2,1690.97,REJECT,synthetic_physics
2496.6,17.5625,0.7191,0.35319,37.046,0.49839,0.08332,0.4461,95.24,17.8,1820.05,GOOD,synthetic_physics
2483.7,29.4375,0.76,0.34259,41.51,0.3626,0.04228,0.3449,97.31,29.423,1801.7,REJECT,synthetic_physics
2199.2,32.4375,0.6231,0.18065,27.94,0.70627,0.13797,0.649,132.96,32.412,1484.78,REJECT,synthetic_physics
2156.5,43.9375,0.5011,0.16505,26.982,0.68475,0.12003,0.5962,158.05,43.955,1261.82,REJECT,synthetic_physics
2378.1,26.625,0.8641,0.35945,35.985,0.55325,0.10308,0.5245,75.59,26.489,1994.78,MARGINAL,synthetic_physics
2409.5,26.75,0.6634,0.30902,34.29,0.49323,0.07312,0.439,106.43,26.694,1720.59,GOOD,synthetic_physics
2488.5,19.8125,0.5052,0.26827,34.199,0.51537,0.05738,0.407,158.87,20.009,1254.52,REJECT,synthetic_physics
2345.9,33.5,0.7946,0.3428,37.308,0.48679,0.06721,0.4785,75.28,33.491,1997.54,GOOD,synthetic_physics
2314.4,31.5625,0.7138,0.3152,32.865,0.51053,0.09166,0.5305,103.17,31.42,1749.63,MARGINAL,synthetic_physics
2387.0,26.0,0.7984,0.34754,33.041,0.55533,0.08392,0.495,86.82,26.222,1894.95,GOOD,synthetic_physics
2432.9,35.375,0.825,0.42621,38.056,0.51957,0.06431,0.4189,68.49,34.981,2057.87,GOOD,synthetic_physics
2424.8,31.8125,0.6143,0.29721,42.814,0.4051,0.05306,0.4164,105.93,31.739,1725.05,GOOD,synthetic_physics
2534.4,33.625,0.8616,0.44288,39.489,0.36572,0.06666,0.3219,70.71,33.847,2038.17,REJECT,synthetic_physics
2517.5,17.5625,0.9582,0.51007,44.0,0.41838,0.03729,0.3467,35.4,17.699,2351.97,REJECT,synthetic_physics
2215.3,25.125,0.5618,0.20252,25.174,0.7871,0.13704,0.6396,162.86,25.103,1219.01,REJECT,synthetic_physics
2373.3,23.875,0.5819,0.22453,32.524,0.44994,0.09123,0.4775,139.8,23.918,1423.99,MARGINAL,synthetic_physics
2496.6,25.0,0.6755,0.41813,43.211,0.38656,0.03801,0.3553,95.45,25.135,1818.24,MARGINAL,synthetic_physics
2240.3,31.75,1.0846,0.44625,42.576,0.68813,0.13618,0.6464,15.71,31.603,2527.01,REJECT,synthetic_physics
2334.6,32.125,0.8709,0.46306,39.55,0.47989,0.05534,0.4357,54.23,32.243,2184.67,GOOD,synthetic_physics
2316.8,29.125,0.9404,0.47119,39.037,0.53211,0.08866,0.4982,35.16,29.386,2354.16,MARGINAL,synthetic_physics
2568.3,28.0,0.9692,0.52414,44.0,0.36644,0.05181,0.3362,47.69,27.955,2242.76,REJECT,synthetic_physics
2385.3,33.5625,0.7409,0.35847,37.006,0.44799,0.0676,0.4181,91.17,33.33,1856.24,GOOD,synthetic_physics
2439.3,32.875,0.4385,0.31046,35.009,0.51743,0.05487,0.398,187.4,32.614,1000.93,REJECT,synthetic_physics
2237.1,28.25,0.7371,0.28208,32.923,0.52247,0.08661,0.5441,106.92,28.379,1716.27,MARGINAL,synthetic_physics
2316.8,28.8125,0.9584,0.41526,42.261,0.55297,0.10931,0.5771,27.13,29.066,2425.55,REJECT,synthetic_physics
2474.8,34.6875,0.8499,0.44973,41.739,0.38902,0.0441,0.3319,62.01,34.52,2115.48,REJECT,synthetic_physics
2438.5,25.8125,0.6104,0.21452,38.061,0.50202,0.10508,0.4627,127.34,25.916,1534.74,MARGINAL,synthetic_physics
2179.9,43.6875,0.4667,0.10287,23.694,0.70905,0.13388,0.6344,166.44,43.633,1187.17,REJECT,synthetic_physics
2494.1,34.8125,0.4934,0.3355,32.274,0.373,0.06123,0.3362,169.98,34.743,1155.71,REJECT,synthetic_physics
2429.7,24.25,0.6422,0.3222,34.19,0.50425,0.09418,0.4134,138.63,24.277,1434.43,MARGINAL,synthetic_physics
2192.7,39.5625,0.8673,0.32209,33.365,0.65644,0.12649,0.6234,72.24,39.489,2024.57,REJECT,synthetic_physics
2432.9,24.4375,0.9782,0.45668,43.147,0.25899,0.06776,0.3831,29.4,24.215,2405.35,MARGINAL,synthetic_physics
2399.9,30.375,0.7507,0.29818,35.695,0.53834,0.09857,0.4984,120.45,30.528,1595.99,GOOD,synthetic_physics
2320.9,26.5,0.8226,0.39759,42.13,0.47611,0.05511,0.474,68.69,26.563,2056.05,GOOD,synthetic_physics
2277.4,37.25,0.6024,0.2829,30.397,0.61975,0.10337,0.5046,128.83,37.236,1521.55,MARGINAL,synthetic_physics
2487.7,27.4375,0.9405,0.44087,42.526,0.40406,0.05925,0.3257,44.15,27.862,2274.22,REJECT,synthetic_physics
2432.1,33.25,1.0073,0.43806,38.724,0.43838,0.07517,0.454,36.75,32.843,2339.96,MARGINAL,synthetic_physics
2337.8,26.625,0.6879,0.31657,35.589,0.54985,0.10342,0.5053,95.72,26.823,1815.86,MARGINAL,synthetic_physics
2303.2,24.6875,0.655,0.22201,27.012,0.66985,0.14241,0.6467,132.39,24.723,1489.88,REJECT,synthetic_physics
2471.6,29.3125,0.7776,0.39639,32.491,0.3991,0.0428,0.3644,90.72,29.464,1860.27,MARGINAL,synthetic_physics
2382.9,24.5,0.4506,0.27112,39.064,0.50421,0.07669,0.4398,181.03,24.923,1057.52,REJECT,synthetic_physics
2364.4,26.3125,0.4249,0.20379,28.267,0.51079,0.08992,0.4469,164.64,26.541,1203.17,REJECT,synthetic_physics
2279.0,38.0625,0.5014,0.24873,27.32,0.72189,0.12117,0.573,152.47,38.104,1311.39,REJECT,synthetic_physics
2428.9,20.75,0.3702,0.21739,34.068,0.45808,0.07692,0.4135,201.09,20.497,879.18,REJECT,synthetic_physics
2451.4,24.4375,0.8704,0.40213,40.993,0.45516,0.05013,0.4381,66.15,24.87,2078.69,GOOD,synthetic_physics
2279.8,37.875,0.6668,0.24004,36.68,0.60129,0.09921,0.5369,115.74,38.011,1637.84,MARGINAL,synthetic_physics
2299.1,31.875,0.4337,0.20223,31.818,0.52691,0.08232,0.4312,197.94,31.433,907.22,REJECT,synthetic_physics
2283.0,39.8125,0.7776,0.3032,34.849,0.59226,0.10369,0.555,98.83,39.63,1788.14,REJECT,synthetic_physics
2483.7,25.0625,0.8149,0.44123,35.88,0.45956,0.08268,0.4011,85.9,24.997,1903.13,GOOD,synthetic_physics
2425.6,35.8125,0.4226,0.29306,34.998,0.44301,0.05598,0.3754,190.56,35.309,972.78,REJECT,synthetic_physics
2318.5,28.0,0.7826,0.32639,29.74,0.46344,0.07223,0.4389,122.45,27.742,1578.21,GOOD,synthetic_physics
2295.1,29.8125,0.531,0.23304,37.84,0.67695,0.08833,0.5052,168.47,29.626,1169.16,REJECT,synthetic_physics
2502.2,40.0,1.0677,0.51327,44.0,0.40832,0.03645,0.3346,25.96,39.939,2435.95,REJECT,synthetic_physics
2274.1,31.1875,0.5955,0.25272,33.81,0.60508,0.11258,0.565,125.63,31.052,1549.93,REJECT,synthetic_physics
2286.2,23.25,0.706,0.24624,33.256,0.65584,0.1269,0.6118,111.16,23.417,1678.54,REJECT,synthetic_physics
2389.4,34.0625,0.7691,0.41145,42.582,0.47704,0.05474,0.4184,77.9,33.818,1974.18,GOOD,synthetic_physics
2501.4,24.0625,0.4541,0.29604,28.912,0.54647,0.04792,0.3846,177.1,24.441,1092.41,REJECT,synthetic_physics
2335.4,31.875,0.7518,0.36351,34.55,0.55346,0.10301,0.4903,83.8,32.133,1921.75,GOOD,synthetic_physics
2516.7,18.0625,0.3447,0.2818,33.026,0.34449,0.06756,0.3274,195.21,17.689,931.43,REJECT,synthetic_physics
2470.0,29.4375,0.8893,0.44592,43.348,0.30799,0.0258,0.3625,55.66,29.317,2171.92,MARGINAL,synthetic_physics
2389.4,26.625,0.9192,0.47996,39.811,0.56057,0.07288,0.469,52.59,26.913,2199.2,GOOD,synthetic_physics
2496.6,27.75,0.7304,0.36511,34.05,0.49061,0.07093,0.4341,95.56,27.719,1817.21,GOOD,synthetic_physics
2393.4,32.375,1.018,0.5128,44.0,0.37638,0.02693,0.3568,15.62,31.992,2527.83,MARGINAL,synthetic_physics
2241.9,29.375,0.8535,0.35502,33.312,0.62413,0.10832,0.6442,64.8,29.287,2090.66,REJECT,synthetic_physics
2348.3,27.0625,0.6792,0.31158,34.612,0.60442,0.07086,0.4445,101.85,26.891,1761.32,GOOD,synthetic_physics
2483.7,31.625,0.5069,0.2202,32.547,0.44917,0.08356,0.4248,144.98,31.011,1377.98,MARGINAL,synthetic_physics
2361.2,27.1875,0.9096,0.48034,38.667,0.52567,0.08174,0.4681,38.06,27.382,2328.34,MARGINAL,synthetic_physics
2480.4,31.9375,0.4825,0.23532,35.775,0.43021,0.03901,0.3044,154.34,31.562,1294.71,REJECT,synthetic_physics
2275.8,23.8125,1.0913,0.47227,44.0,0.58698,0.0687,0.5448,11.75,23.66,2562.23,MARGINAL,synthetic_physics
2486.9,29.875,0.4582,0.25045,33.026,0.36702,0.02963,0.3308,189.77,29.915,979.82,REJECT,synthetic_physics
2419.2,31.5625,0.6748,0.31034,33.798,0.4361,0.06833,0.4245,119.0,31.576,1608.89,GOOD,synthetic_physics
2316.0,30.25,0.9826,0.48339,40.03,0.45204,0.09208,0.4917,38.28,30.357,2326.44,MARGINAL,synthetic_physics
2400.7,19.25,0.6962,0.31778,34.672,0.53972,0.07792,0.4517,100.33,19.43,1774.84,GOOD,synthetic_physics
2455.5,36.3125,0.8448,0.49131,42.188,0.35403,0.0457,0.3122,53.01,36.376,2195.51,REJECT,synthetic_physics
2494.1,30.8125,0.5163,0.29042,37.62,0.42733,0.05601,0.3649,140.78,30.926,1415.26,MARGINAL,synthetic_physics
2536.8,27.0625,1.1177,0.56696,44.0,0.32076,0.03713,0.3776,16.17,26.81,2522.96,MARGINAL,synthetic_physics
2378.1,34.6875,0.7082,0.42007,38.679,0.5748,0.07969,0.4904,74.27,34.16,2006.48,GOOD,synthetic_physics
2487.7,30.375,0.6506,0.3268,36.33,0.45014,0.04834,0.4023,120.14,30.072,1598.77,GOOD,synthetic_physics
2438.5,29.125,0.7737,0.39138,38.152,0.50707,0.05332,0.405,84.52,29.191,1915.37,GOOD,synthetic_physics
2284.6,26.0,0.5559,0.24979,27.929,0.60412,0.12177,0.5661,152.76,26.125,1308.8,REJECT,synthetic_physics
2378.9,34.375,0.9818,0.4996,44.0,0.34821,0.03393,0.3745,16.21,34.244,2522.57,MARGINAL,synthetic_physics
2401.5,29.6875,0.7849,0.4315,40.877,0.39595,0.05542,0.4463,57.78,29.789,2153.1,GOOD,synthetic_physics
2473.2,25.0,0.7771,0.35348,38.776,0.45709,0.06075,0.4166,96.28,24.87,1810.88,GOOD,synthetic_physics
2418.4,29.6875,0.9715,0.4683,44.0,0.33306,0.06548,0.3869,19.65,29.845,2491.96,MARGINAL,synthetic_physics
2330.5,31.1875,0.8759,0.37282,41.18,0.43855,0.07694,0.473,41.8,31.145,2295.16,MARGINAL,synthetic_physics
2505.4,26.625,0.6931,0.33571,34.486,0.53987,0.05531,0.4008,124.19,26.656,1562.79,GOOD,synthetic_physics
2382.1,34.75,0.7099,0.35247,33.278,0.47205,0.08918,0.4527,104.23,34.652,1740.22,GOOD,synthetic_physics
2350.7,34.6875,0.9946,0.53512,39.85,0.44464,0.05868,0.4571,43.99,34.898,2275.69,MARGINAL,synthetic_physics
2353.1,26.25,0.9862,0.53707,42.598,0.459,0.10042,0.4586,51.3,26.414,2210.64,GOOD,synthetic_physics
2321.7,33.125,0.6039,0.26302,29.933,0.63273,0.09303,0.5554,130.55,33.58,1506.26,REJECT,synthetic_physics
2551.4,27.0625,0.6124,0.35738,39.092,0.43356,0.03678,0.3423,106.88,27.402,1716.66,REJECT,synthetic_physics
2350.7,25.625,0.7052,0.3017,35.363,0.46099,0.0649,0.4259,89.29,25.407,1873.01,GOOD,synthetic_physics
2373.3,33.0625,0.8265,0.40081,35.057,0.45056,0.05429,0.4275,69.6,32.915,2048.02,GOOD,synthetic_physics
2361.2,31.5,1.0816,0.54744,44.0,0.47856,0.08371,0.5447,10.4,31.493,2574.19,MARGINAL,synthetic_physics
2385.3,27.375,0.922,0.46616,44.0,0.29791,0.05612,0.3937,40.15,27.218,2309.8,MARGINAL,synthetic_physics
2397.4,24.75,0.7152,0.38399,39.997,0.37219,0.05269,0.3868,92.49,24.807,1844.5,MARGINAL,synthetic_physics
2242.7,28.625,0.9327,0.35192,39.337,0.70998,0.11095,0.6185,50.87,28.309,2214.5,REJECT,synthetic_physics
2325.7,27.6875,0.6936,0.3111,32.508,0.50217,0.09366,0.4853,105.31,27.82,1730.56,GOOD,synthetic_physics
2212.1,29.5,0.8479,0.36382,36.248,0.66259,0.15617,0.6252,64.73,29.379,2091.31,REJECT,synthetic_physics
2448.2,26.4375,1.0294,0.46183,41.432,0.49024,0.06194,0.4821,14.93,26.112,2533.92,MARGINAL,synthetic_physics
2188.7,36.875,0.7476,0.28416,37.37,0.55072,0.09578,0.587,92.67,36.663,1842.91,REJECT,synthetic_physics
2374.1,23.3125,0.3697,0.31251,28.99,0.55388,0.10013,0.4489,196.86,23.392,916.82,REJECT,synthetic_physics
2416.8,28.375,0.675,0.36346,33.724,0.53115,0.06071,0.4179,120.2,28.255,1598.25,GOOD,synthetic_physics
2235.5,25.75,0.3868,0.13114,23.007,0.65102,0.14108,0.6061,185.49,25.605,1017.83,REJECT,synthetic_physics
2259.6,23.5625,0.397,0.17092,26.473,0.75208,0.14179,0.6414,197.06,23.761,915.06,REJECT,synthetic_physics
2297.5,34.125,0.7397,0.38184,31.208,0.54223,0.09358,0.5764,81.23,33.477,1944.62,REJECT,synthetic_physics
2385.3,27.875,0.7834,0.42965,35.009,0.53763,0.09032,0.4769,74.72,27.942,2002.52,GOOD,synthetic_physics
2327.3,33.25,0.6983,0.34901,30.701,0.51825,0.09781,0.4864,107.06,32.963,1714.99,GOOD,synthetic_physics
2454.7,28.875,0.3251,0.33082,38.083,0.41839,0.05941,0.3755,206.04,28.901,835.24,REJECT,synthetic_physics
2309.6,34.875,0.9941,0.46887,42.785,0.56345,0.09509,0.511,39.69,34.732,2313.89,MARGINAL,synthetic_physics
2416.8,29.6875,0.6946,0.24923,31.841,0.48366,0.09506,0.4379,117.44,30.054,1622.74,GOOD,synthetic_physics
2415.2,34.3125,0.4606,0.3502,38.426,0.33726,0.07312,0.3218,149.09,34.229,1341.44,REJECT,synthetic_physics
2456.3,27.125,0.7616,0.42937,35.68,0.46615,0.08284,0.4245,72.76,27.226,2019.88,GOOD,synthetic_physics
2492.5,36.4375,0.7853,0.40193,42.673,0.49945,0.06954,0.421,69.9,36.088,2045.3,MARGINAL,synthetic_physics
2540.9,32.625,0.7511,0.3798,37.347,0.39953,0.06162,0.3274,95.67,32.287,1816.23,REJECT,synthetic_physics
2461.1,34.5625,0.6146,0.25084,35.247,0.53394,0.06839,0.4186,135.72,34.096,1460.23,MARGINAL,synthetic_physics
2277.4,26.125,0.3925,0.23152,30.437,0.57696,0.09875,0.5075,182.36,26.083,1045.73,REJECT,synthetic_physics
2455.5,25.625,0.9042,0.41145,40.547,0.54919,0.05023,0.447,46.51,25.574,2253.25,MARGINAL,synthetic_physics
2436.9,41.125,0.5566,0.22883,33.487,0.46505,0.05295,0.3599,147.25,41.292,1357.74,REJECT,synthetic_physics
2387.0,39.0,0.6806,0.28977,33.744,0.5674,0.10913,0.4903,114.24,38.944,1651.2,MARGINAL,synthetic_physics
2419.2,30.6875,0.9794,0.46804,44.0,0.42004,0.06308,0.421,31.01,30.643,2391.06,MARGINAL,synthetic_physics
2258.8,32.375,0.6551,0.26954,31.05,0.59523,0.10165,0.5235,128.05,32.165,1528.47,MARGINAL,synthetic_physics
2373.3,35.125,0.5389,0.2738,27.701,0.3565,0.08118,0.4064,163.11,35.677,1216.83,REJECT,synthetic_physics
2461.9,27.0625,0.6556,0.34396,38.84,0.32629,0.03953,0.343,110.25,26.929,1686.69,REJECT,synthetic_physics
2478.0,32.75,1.0178,0.51243,44.0,0.35024,0.03179,0.3549,24.2,32.79,2451.54,MARGINAL,synthetic_physics
2298.3,24.25,1.0198,0.40015,41.229,0.60051,0.124,0.6337,10.97,24.609,2569.15,REJECT,synthetic_physics
2393.4,30.0,0.8398,0.42235,39.134,0.4857,0.08096,0.4767,66.39,30.157,2076.51,GOOD,synthetic_physics
2425.6,32.4375,0.7328,0.34177,32.814,0.44072,0.07382,0.4964,99.06,32.521,1786.16,GOOD,synthetic_physics
2487.7,33.6875,0.6166,0.24653,33.313,0.35517,0.06716,0.3549,142.78,33.615,1397.52,MARGINAL,synthetic_physics
2487.7,35.875,0.5914,0.32872,36.444,0.53245,0.08484,0.3964,141.87,36.181,1405.62,MARGINAL,synthetic_physics
2303.2,30.4375,1.0731,0.50439,44.0,0.444,0.0898,0.5172,12.66,30.749,2554.13,MARGINAL,synthetic_physics
2384.5,34.125,0.6309,0.31897,35.565,0.44856,0.07919,0.4339,117.97,34.04,1618.06,GOOD,synthetic_physics
2229.8,38.8125,0.632,0.29642,35.135,0.59742,0.0875,0.529,125.69,38.807,1549.44,MARGINAL,synthetic_physics
2441.0,31.5625,0.7305,0.36615,39.535,0.24307,0.04384,0.3443,95.68,31.546,1816.17,REJECT,synthetic_physics
2451.4,27.6875,0.9608,0.43319,40.587,0.40228,0.04698,0.3826,51.66,27.573,2207.48,MARGINAL,synthetic_physics
2390.2,27.25,0.718,0.41092,38.613,0.49709,0.07621,0.473,86.0,27.223,1902.18,GOOD,synthetic_physics
2430.5,29.5625,0.542,0.30181,32.546,0.49146,0.08276,0.4231,157.66,29.362,1265.2,REJECT,synthetic_physics
2358.8,19.0625,0.7097,0.25568,33.912,0.49584,0.07289,0.4948,123.59,19.328,1568.12,GOOD,synthetic_physics
2392.6,28.125,0.8391,0.37774,36.944,0.54552,0.06433,0.4877,68.6,27.967,2056.9,GOOD,synthetic_physics
2450.6,35.75,0.6106,0.27406,33.064,0.39745,0.05205,0.3691,137.53,35.898,1444.2,MARGINAL,synthetic_physics
2416.0,24.3125,0.6327,0.2803,32.989,0.59801,0.09061,0.4918,111.17,24.295,1678.45,GOOD,synthetic_physics
2519.9,24.375,0.8009,0.44596,34.254,0.40982,0.06047,0.3543,85.83,24.468,1903.76,MARGINAL,synthetic_physics
2166.2,28.0,0.5522,0.19223,28.995,0.70085,0.14376,0.6495,157.51,27.751,1266.55,REJECT,synthetic_physics
2467.5,26.875,0.889,0.40912,40.068,0.38333,0.06062,0.4007,65.89,26.783,2080.98,GOOD,synthetic_physics
2348.3,30.6875,0.7098,0.30042,39.933,0.4934,0.07299,0.459,98.47,30.612,1791.42,GOOD,synthetic_physics
2450.6,27.5625,0.8159,0.42105,38.537,0.38437,0.04387,0.3233,87.38,28.056,1889.96,REJECT,synthetic_physics
2259.6,34.125,0.5841,0.23948,28.421,0.68106,0.10259,0.5205,130.28,34.408,1508.59,MARGINAL,synthetic_physics
2320.9,29.5625,0.5511,0.24198,30.902,0.68136,0.08901,0.5228,139.0,29.292,1431.07,MARGINAL,synthetic_physics
2418.4,25.3125,0.7074,0.33401,37.971,0.49655,0.06303,0.4294,104.17,25.373,1740.73,GOOD,synthetic_physics
2530.4,30.1875,0.8472,0.45919,44.0,0.41791,0.03919,0.3622,77.65,30.07,1976.45,MARGINAL,synthetic_physics
2504.6,37.375,0.2864,0.24934,32.816,0.44195,0.05779,0.3658,213.52,37.34,768.67,REJECT,synthetic_physics
2337.8,31.625,0.937,0.4544,40.922,0.52741,0.07173,0.4296,65.05,31.869,2088.44,GOOD,synthetic_physics
2424.8,32.3125,0.6986,0.3473,36.653,0.39499,0.07449,0.3624,98.15,32.249,1794.19,MARGINAL,synthetic_physics
2345.1,34.375,0.6478,0.25452,36.284,0.52123,0.07521,0.455,107.41,34.583,1711.93,GOOD,synthetic_physics
2225.8,30.75,1.087,0.44806,44.0,0.52709,0.08634,0.5458,10.7,30.611,2571.53,MARGINAL,synthetic_physics
2335.4,21.5625,0.9304,0.45475,38.703,0.52067,0.10252,0.484,50.5,21.47,2217.82,GOOD,synthetic_physics
2356.3,26.0,0.8962,0.41209,40.857,0.49791,0.07589,0.4868,59.41,26.059,2138.61,GOOD,synthetic_physics
2158.9,36.1875,0.4032,0.10762,25.079,0.73572,0.141,0.6254,191.92,36.194,960.71,REJECT,synthetic_physics
2307.2,31.75,0.6744,0.28699,36.449,0.53735,0.08344,0.5412,107.41,32.037,1711.95,MARGINAL,synthetic_physics
2237.1,36.1875,1.0508,0.4098,41.381,0.55159,0.13823,0.6282,14.27,36.144,2539.83,REJECT,synthetic_physics
2285.4,34.5625,0.4274,0.17582,30.11,0.52871,0.09042,0.5134,182.61,34.498,1043.48,REJECT,synthetic_physics
2369.2,31.25,0.8989,0.47572,43.348,0.49503,0.06628,0.4453,63.99,31.471,2097.87,GOOD,synthetic_physics
2374.9,22.625,0.7615,0.36366,36.703,0.56371,0.07333,0.4568,100.29,22.893,1775.17,GOOD,synthetic_physics
2465.1,23.125,0.7111,0.26579,35.788,0.52254,0.07708,0.4547,100.12,23.179,1776.68,GOOD,synthetic_physics
2425.6,25.5,0.6082,0.256,30.59,0.61132,0.10465,0.4863,110.82,25.451,1681.61,GOOD,synthetic_physics
2338.6,25.0625,0.3406,0.26833,30.313,0.53148,0.09247,0.423,189.82,24.87,979.41,REJECT,synthetic_physics
2266.1,37.3125,0.5773,0.25581,26.507,0.53626,0.10753,0.5086,142.1,37.476,1403.53,MARGINAL,synthetic_physics
2307.2,24.6875,0.777,0.31107,37.282,0.66099,0.10101,0.5643,96.36,24.335,1810.15,REJECT,synthetic_physics
2395.0,35.0,0.8328,0.4775,40.876,0.39201,0.07138,0.4603,59.06,34.788,2141.7,GOOD,synthetic_physics
2453.0,35.875,0.711,0.35077,34.831,0.44648,0.05705,0.3981,95.02,35.808,1822.05,MARGINAL,synthetic_physics
2502.2,25.3125,1.0826,0.47685,44.0,0.35527,0.05205,0.4007,19.49,25.145,2493.41,MARGINAL,synthetic_physics
2368.4,22.0625,0.9249,0.44256,38.844,0.56135,0.10403,0.5809,40.84,21.853,2303.69,REJECT,synthetic_physics
2503.8,40.9375,0.5084,0.25212,31.172,0.4882,0.06105,0.3415,169.78,41.332,1157.49,REJECT,synthetic_physics
2258.8,33.6875,0.777,0.39399,34.553,0.48332,0.10041,0.5216,102.2,33.483,1758.25,MARGINAL,synthetic_physics
2344.2,34.1875,0.6742,0.30529,32.137,0.55419,0.08901,0.519,114.89,34.256,1645.4,MARGINAL,synthetic_physics
2497.4,40.1875,0.4603,0.30877,32.824,0.35505,0.04014,0.3333,169.34,40.034,1161.38,REJECT,synthetic_physics
2407.1,33.0625,0.7366,0.33416,38.555,0.455,0.06061,0.4521,87.23,32.786,1891.3,GOOD,synthetic_physics
2325.7,30.375,0.8619,0.39044,35.716,0.50291,0.05501,0.4755,69.53,30.406,2048.59,GOOD,synthetic_physics
2445.8,25.875,0.8763,0.42642,39.216,0.4241,0.07282,0.4152,72.94,25.877,2018.29,GOOD,synthetic_physics
2426.4,27.5625,0.7072,0.33266,35.896,0.39713,0.0667,0.4336,80.68,27.708,1949.5,GOOD,synthetic_physics
2483.7,35.3125,0.8789,0.38326,38.833,0.28968,0.06228,0.3516,70.98,35.16,2035.76,MARGINAL,synthetic_physics
2460.3,26.625,0.7694,0.41372,35.864,0.47082,0.09957,0.4603,103.34,26.599,1748.07,GOOD,synthetic_physics
2279.8,25.1875,0.4523,0.22283,30.609,0.62847,0.11899,0.5377,169.38,25.11,1161.07,REJECT,synthetic_physics
2358.8,28.6875,0.7758,0.40126,35.888,0.54473,0.06531,0.4697,78.51,29.081,1968.82,GOOD,synthetic_physics
2367.6,22.5,0.8566,0.44117,44.0,0.4925,0.0546,0.4304,67.12,22.553,2070.08,GOOD,synthetic_physics
2542.5,23.0,0.6388,0.24574,31.851,0.46119,0.05469,0.3047,138.84,23.07,1432.53,REJECT,synthetic_physics
2459.5,26.8125,0.7952,0.50099,37.606,0.36772,0.05921,0.348,66.14,26.705,2078.74,REJECT,synthetic_physics
2353.9,23.5625,0.5077,0.22572,30.739,0.56937,0.12146,0.5666,147.79,23.494,1352.95,REJECT,synthetic_physics
2319.3,34.9375,0.6726,0.3564,31.735,0.43575,0.07401,0.455,118.06,34.794,1617.21,GOOD,synthetic_physics
2367.6,18.0625,0.9073,0.48596,41.692,0.38942,0.04028,0.4013,52.97,18.073,2195.87,GOOD,synthetic_physics
2313.6,36.5,0.7507,0.29427,39.036,0.55298,0.06894,0.5048,86.38,36.378,1898.85,MARGINAL,synthetic_physics
2304.0,37.75,0.9818,0.51809,42.702,0.43915,0.07622,0.491,16.21,37.882,2522.62,MARGINAL,synthetic_physics
2436.1,24.75,0.8638,0.36674,34.963,0.46182,0.06734,0.4177,90.88,24.375,1858.89,GOOD,synthetic_physics
2378.1,23.25,0.5233,0.23353,26.209,0.62029,0.10801,0.5615,153.53,23.315,1301.92,REJECT,synthetic_physics
2345.9,40.5,0.9486,0.4071,40.34,0.49765,0.06895,0.4712,52.54,40.569,2199.62,REJECT,synthetic_physics
2296.7,36.375,0.5888,0.2371,30.51,0.53876,0.10163,0.4793,149.95,36.306,1333.75,MARGINAL,synthetic_physics
2489.3,34.8125,0.9786,0.47696,39.597,0.32311,0.0235,0.354,45.76,34.647,2259.93,MARGINAL,synthetic_physics
2374.1,34.8125,0.5789,0.24902,30.465,0.55818,0.09994,0.4285,133.81,35.009,1477.23,MARGINAL,synthetic_physics
2239.5,31.625,0.539,0.17651,30.151,0.72241,0.11434,0.6184,145.22,31.921,1375.85,REJECT,synthetic_physics
2263.7,27.875,0.4748,0.18426,28.861,0.72998,0.14777,0.6221,178.44,27.889,1080.53,REJECT,synthetic_physics
2454.7,32.9375,0.6837,0.32165,38.294,0.57779,0.06237,0.4189,114.41,32.756,1649.66,GOOD,synthetic_physics
2415.2,31.125,1.0398,0.44552,42.631,0.47697,0.08905,0.4474,29.07,31.7,2408.29,MARGINAL,synthetic_physics
2370.0,26.25,0.5591,0.2141,23.612,0.52985,0.11696,0.5385,189.48,26.4,982.4,REJECT,synthetic_physics
2257.2,28.3125,0.9624,0.40998,37.864,0.49849,0.07087,0.5048,35.16,28.651,2354.11,MARGINAL,synthetic_physics
2313.6,26.125,0.4602,0.18349,30.905,0.69538,0.1097,0.5543,168.82,26.272,1166.02,REJECT,synthetic_physics
2316.8,36.0625,0.8247,0.34635,38.002,0.60876,0.09742,0.5561,72.43,35.957,2022.85,REJECT,synthetic_physics
2566.7,19.625,0.8195,0.40301,39.634,0.46982,0.06333,0.4138,69.82,19.743,2046.05,GOOD,synthetic_physics
2424.8,23.9375,0.9993,0.47148,38.566,0.43647,0.0851,0.4419,51.77,23.978,2206.53,GOOD,synthetic_physics
2394.2,29.9375,0.7363,0.30701,34.644,0.57182,0.09137,0.4913,116.87,29.849,1627.86,GOOD,synthetic_physics
2446.6,25.4375,0.6183,0.33034,35.902,0.40652,0.06766,0.4007,118.81,25.356,1610.62,GOOD,synthetic_physics
2391.0,26.25,0.7895,0.26997,36.726,0.47054,0.08061,0.4519,91.54,25.971,1852.98,GOOD,synthetic_physics
2421.6,30.5,0.7284,0.40181,44.0,0.45856,0.07118,0.399,87.16,30.296,1891.95,MARGINAL,synthetic_physics
2421.6,29.3125,0.9943,0.4953,44.0,0.40516,0.05817,0.4111,23.95,29.254,2453.76,MARGINAL,synthetic_physics
2499.0,21.625,0.979,0.48067,41.258,0.36051,0.05332,0.3026,38.82,21.626,2321.6,REJECT,synthetic_physics
2405.5,21.0625,0.9561,0.46144,42.001,0.44201,0.04495,0.3905,44.66,21.041,2269.68,MARGINAL,synthetic_physics
2420.8,30.25,0.8157,0.43242,36.191,0.42448,0.05029,0.412,64.49,30.724,2093.4,GOOD,synthetic_physics
2573.9,31.875,0.3355,0.30241,29.253,0.45381,0.05505,0.3284,215.46,31.901,751.5,REJECT,synthetic_physics
2445.0,28.3125,0.791,0.39065,38.974,0.45773,0.07788,0.4696,76.2,28.224,1989.31,GOOD,synthetic_physics
2413.6,31.5625,0.8062,0.42165,40.525,0.48176,0.11598,0.4807,72.28,31.799,2024.2,GOOD,synthetic_physics
2445.8,35.5625,0.5101,0.2427,38.122,0.4255,0.05595,0.3733,159.07,35.462,1252.74,REJECT,synthetic_physics
2409.5,31.5625,0.6946,0.28416,32.843,0.4983,0.08174,0.4434,122.15,31.198,1580.84,GOOD,synthetic_physics
2422.4,29.5,0.8345,0.32804,40.128,0.53576,0.06985,0.4657,68.22,29.285,2060.29,GOOD,synthetic_physics
2461.1,23.25,0.8877,0.47607,43.987,0.33348,0.03868,0.4196,45.74,23.078,2260.08,MARGINAL,synthetic_physics
2250.0,30.1875,0.3571,0.17531,29.597,0.59844,0.1093,0.5507,202.19,30.255,869.42,REJECT,synthetic_physics
2432.9,22.5,0.5631,0.22085,32.468,0.4324,0.08014,0.4416,138.22,22.639,1438.02,MARGINAL,synthetic_physics
2561.0,21.125,0.9137,0.45143,42.539,0.30454,0.03657,0.3353,50.52,20.98,2217.61,REJECT,synthetic_physics
2374.9,25.0,0.8885,0.44187,36.829,0.45228,0.08177,0.4345,74.17,24.963,2007.41,GOOD,synthetic_physics
2107.3,35.6875,0.7791,0.33133,36.261,0.65507,0.14072,0.647,94.11,35.853,1830.12,REJECT,synthetic_physics
2357.1,32.4375,0.4502,0.21584,33.173,0.55308,0.09548,0.4129,164.24,32.869,1206.78,REJECT,synthetic_physics
2279.8,27.6875,0.8454,0.41879,43.066,0.62748,0.09679,0.5451,55.35,28.131,2174.71,MARGINAL,synthetic_physics
2357.9,30.375,0.8756,0.44565,41.076,0.46739,0.07585,0.4402,57.95,30.274,2151.6,GOOD,synthetic_physics
2412.7,20.6875,0.7768,0.36538,37.389,0.45845,0.06077,0.4137,83.74,20.809,1922.35,GOOD,synthetic_physics
2307.2,29.4375,1.0556,0.39507,38.514,0.4581,0.07542,0.4985,52.04,29.224,2204.05,GOOD,synthetic_physics
2535.2,36.4375,0.8585,0.45374,41.369,0.33194,0.04034,0.3262,76.09,36.243,1990.31,REJECT,synthetic_physics
2209.7,38.3125,0.9452,0.394,43.831,0.55895,0.0886,0.4967,24.87,38.301,2445.58,MARGINAL,synthetic_physics
2395.8,18.0,0.7641,0.39124,34.816,0.5641,0.08845,0.4383,88.14,17.738,1883.2,GOOD,synthetic_physics
2359.6,28.375,0.6634,0.25679,31.773,0.47559,0.09867,0.4913,120.49,28.691,1595.63,GOOD,synthetic_physics
2281.4,26.375,0.4836,0.21278,31.263,0.64744,0.12316,0.5498,141.39,26.393,1409.9,MARGINAL,synthetic_physics
2580.4,23.5,0.6194,0.2503,37.085,0.41677,0.04186,0.3165,132.01,23.805,1493.2,REJECT,synthetic_physics
2254.8,24.9375,0.37,0.14072,28.407,0.74393,0.14228,0.6125,195.14,25.144,932.09,REJECT,synthetic_physics
2481.2,19.75,0.9314,0.33907,32.758,0.53334,0.07219,0.4772,92.27,19.771,1846.5,GOOD,synthetic_physics
2420.8,32.0625,0.7705,0.26473,37.661,0.54919,0.07158,0.4629,99.53,32.154,1781.94,GOOD,synthetic_physics
2317.7,29.75,0.4349,0.19326,29.953,0.75902,0.1378,0.6087,182.82,29.522,1041.63,REJECT,synthetic_physics
2272.5,27.75,0.315,0.14953,28.241,0.68932,0.13452,0.6231,203.68,27.849,856.14,REJECT,synthetic_physics
2353.9,33.6875,0.8774,0.37393,39.708,0.5421,0.11562,0.5478,58.23,33.675,2149.06,MARGINAL,synthetic_physics
2379.7,34.1875,0.9251,0.49096,40.234,0.45967,0.04652,0.4444,36.82,34.208,2339.38,MARGINAL,synthetic_physics
2428.1,31.8125,0.2625,0.2707,29.189,0.39821,0.04288,0.3412,217.11,31.829,736.8,REJECT,synthetic_physics
2436.1,26.5,0.6779,0.28646,41.494,0.37009,0.06129,0.4194,112.67,26.258,1665.18,GOOD,synthetic_physics
2376.5,30.3125,0.8176,0.40901,39.392,0.52592,0.0931,0.4691,65.73,30.275,2082.38,GOOD,synthetic_physics
2413.6,26.9375,0.9096,0.4092,38.496,0.5461,0.10261,0.4963,35.3,26.726,2352.88,MARGINAL,synthetic_physics
2340.2,21.6875,1.0864,0.44042,41.095,0.54593,0.08292,0.5195,13.48,21.769,2546.87,MARGINAL,synthetic_physics
2381.3,34.9375,0.7079,0.31237,38.024,0.5452,0.10562,0.536,86.92,34.296,1894.04,MARGINAL,synthetic_physics
2424.8,28.5625,0.6143,0.3666,32.867,0.3934,0.06306,0.4168,115.7,28.454,1638.21,GOOD,synthetic_physics
2418.4,27.125,0.7871,0.37262,34.292,0.46101,0.07805,0.4467,79.9,26.87,1956.43,GOOD,synthetic_physics
2431.3,34.1875,0.7189,0.35421,42.135,0.40103,0.0631,0.4189,89.11,34.115,1874.55,GOOD,synthetic_physics
2465.1,26.9375,0.8704,0.42531,38.463,0.51939,0.06354,0.4703,60.1,27.181,2132.49,GOOD,synthetic_physics
2249.2,28.6875,0.9965,0.45941,39.331,0.60701,0.12968,0.5945,24.87,28.537,2445.63,REJECT,synthetic_physics
2385.3,26.25,0.3289,0.20685,28.318,0.57038,0.10062,0.5011,208.58,26.323,812.63,REJECT,synthetic_physics
2291.1,21.8125,0.9844,0.47021,38.874,0.5581,0.07323,0.5463,26.43,21.903,2431.72,MARGINAL,synthetic_physics
2420.0,33.5,0.5107,0.2493,30.896,0.5888,0.09583,0.4691,143.99,33.497,1386.8,MARGINAL,synthetic_physics
2497.4,31.75,0.7387,0.42572,39.46,0.42814,0.07571,0.3713,90.54,32.033,1861.89,MARGINAL,synthetic_physics
2460.3,24.3125,0.5399,0.18002,34.017,0.50199,0.08312,0.4271,142.9,24.066,1396.41,MARGINAL,synthetic_physics
2345.1,27.0,0.6734,0.26336,35.234,0.54788,0.08258,0.45,117.67,26.813,1620.75,GOOD,synthetic_physics
2392.6,30.0,0.5854,0.22614,32.234,0.61519,0.08851,0.4711,137.72,30.367,1442.49,MARGINAL,synthetic_physics
2304.0,28.875,0.9792,0.49142,38.868,0.47106,0.06742,0.445,33.94,28.925,2365.01,MARGINAL,synthetic_physics
2242.7,47.25,0.493,0.18842,28.229,0.62123,0.14126,0.5768,172.14,47.386,1136.49,REJECT,synthetic_physics
2274.1,23.1875,0.9922,0.35694,37.945,0.60858,0.11528,0.6461,42.33,23.105,2290.43,REJECT,synthetic_physics
2277.4,32.6875,0.8174,0.27829,38.99,0.46403,0.08908,0.4719,92.86,32.509,1841.27,GOOD,synthetic_physics
2312.8,26.5,0.6916,0.27752,34.13,0.56537,0.10387,0.4944,107.66,26.463,1709.72,GOOD,synthetic_physics
2525.6,29.8125,0.9146,0.43819,41.74,0.26583,0.03185,0.3418,42.59,29.72,2288.12,REJECT,synthetic_physics
2457.9,28.5,0.3677,0.30335,34.917,0.50357,0.06971,0.3821,180.07,28.789,1066.0,REJECT,synthetic_physics
2411.9,31.0,0.7406,0.32043,33.709,0.51572,0.09827,0.4537,90.86,31.148,1859.04,GOOD,synthetic_physics
2317.7,34.6875,1.0032,0.42357,41.09,0.63778,0.1131,0.5932,25.23,34.499,2442.41,REJECT,synthetic_physics
2452.2,21.6875,0.682,0.32382,35.969,0.38125,0.05315,0.31,119.24,21.447,1606.74,REJECT,synthetic_physics
2395.8,31.375,0.8045,0.39823,33.322,0.54249,0.10372,0.4558,70.99,31.16,2035.61,GOOD,synthetic_physics
2450.6,27.5625,0.6057,0.27824,32.048,0.43145,0.05781,0.4071,137.54,27.781,1444.11,MARGINAL,synthetic_physics
2501.4,29.4375,0.2911,0.3393,34.823,0.45788,0.05789,0.3141,204.92,29.604,845.12,REJECT,synthetic_physics
2387.8,25.75,0.8371,0.34321,34.135,0.59799,0.0841,0.5,94.09,26.32,1830.32,GOOD,synthetic_physics
2474.0,34.5,0.7002,0.45687,37.213,0.52187,0.04969,0.3996,88.14,34.106,1883.17,MARGINAL,synthetic_physics
2354.7,31.3125,0.8089,0.33438,38.314,0.48617,0.06269,0.4022,98.47,31.364,1791.38,GOOD,synthetic_physics
2175.0,32.9375,0.532,0.21486,28.612,0.67679,0.14668,0.6285,154.12,32.712,1296.72,REJECT,synthetic_physics
2511.9,32.875,0.8939,0.54399,41.047,0.46072,0.03281,0.3966,24.7,33.019,2447.07,MARGINAL,synthetic_physics
2378.9,36.0625,0.8907,0.44272,40.724,0.4374,0.07932,0.4536,59.85,36.184,2134.68,MARGINAL,synthetic_physics
2268.5,30.5,0.85,0.38028,33.321,0.45096,0.0903,0.4847,65.32,30.275,2086.01,GOOD,synthetic_physics
2442.6,28.8125,0.8479,0.4706,43.062,0.40077,0.06964,0.4127,57.71,28.749,2153.71,GOOD,synthetic_physics
2321.7,29.3125,0.9311,0.43491,43.221,0.44513,0.05629,0.4447,62.4,29.593,2112.02,GOOD,synthetic_physics
2367.6,33.75,0.8661,0.39514,39.714,0.42267,0.07964,0.4425,69.89,34.14,2045.42,GOOD,synthetic_physics
2419.2,21.9375,1.1309,0.53643,43.755,0.3548,0.0569,0.3881,15.23,21.943,2531.27,MARGINAL,synthetic_physics
2339.4,32.625,0.8595,0.3503,37.368,0.53129,0.103,0.5291,50.7,32.789,2215.96,MARGINAL,synthetic_physics
2340.2,32.625,0.4416,0.24105,27.245,0.67156,0.11482,0.5712,201.75,32.66,873.29,REJECT,synthetic_physics
2487.7,33.875,0.624,0.28734,33.598,0.55542,0.05987,0.4197,132.65,34.011,1487.52,MARGINAL,synthetic_physics
2442.6,18.75,0.5456,0.2146,31.41,0.51674,0.10062,0.4972,143.22,18.725,1393.59,MARGINAL,synthetic_physics
2391.0,28.5,0.6311,0.31102,34.402,0.50667,0.09146,0.4725,131.47,28.684,1498.06,MARGINAL,synthetic_physics
2428.9,33.0625,0.8994,0.41629,39.112,0.44159,0.08454,0.4666,46.4,33.286,2254.26,MARGINAL,synthetic_physics
2266.9,26.375,0.8318,0.33139,35.723,0.64427,0.12862,0.6275,55.24,26.503,2175.68,REJECT,synthetic_physics
2470.8,29.5,0.6622,0.29853,32.612,0.53137,0.09368,0.438,133.75,29.733,1477.82,MARGINAL,synthetic_physics
2325.7,35.0625,0.8978,0.39991,44.0,0.40899,0.04795,0.4152,49.39,34.473,2227.68,MARGINAL,synthetic_physics
2401.5,25.0,0.921,0.39228,44.0,0.49983,0.10597,0.4998,37.55,25.159,2332.91,MARGINAL,synthetic_physics
2411.9,23.875,0.7459,0.34372,39.548,0.47678,0.06879,0.469,78.8,23.483,1966.18,GOOD,synthetic_physics
2335.4,26.25,0.5391,0.11412,28.633,0.68143,0.14454,0.6478,169.02,26.3,1164.23,REJECT,synthetic_physics
2391.0,25.3125,0.879,0.4287,42.358,0.39985,0.07118,0.4873,37.31,25.753,2335.03,MARGINAL,synthetic_physics
2506.2,35.6875,1.2759,0.43313,41.806,0.33253,0.06208,0.4052,71.16,35.91,2034.11,MARGINAL,synthetic_physics
2202.4,28.1875,1.0116,0.43605,39.663,0.60201,0.1318,0.6423,14.99,28.295,2533.47,REJECT,synthetic_physics
2441.8,17.9375,0.6473,0.32102,36.973,0.55113,0.0536,0.4446,112.61,18.04,1665.72,GOOD,synthetic_physics
2429.7,25.375,0.6366,0.3116,30.49,0.55568,0.09408,0.528,113.27,25.369,1659.79,MARGINAL,synthetic_physics
2400.7,33.3125,0.5913,0.26052,30.417,0.60155,0.09424,0.5137,133.42,33.574,1480.7,MARGINAL,synthetic_physics
2487.7,25.375,0.5897,0.27612,33.309,0.44606,0.06805,0.4175,125.66,25.518,1549.71,MARGINAL,synthetic_physics
2316.8,36.5625,0.571,0.20335,32.024,0.61842,0.08482,0.5192,136.08,36.458,1457.09,MARGINAL,synthetic_physics
2231.4,38.5625,0.8081,0.29312,32.736,0.66713,0.10636,0.6043,94.65,38.649,1825.29,REJECT,synthetic_physics
2525.6,26.4375,1.1658,0.49192,44.0,0.43309,0.02989,0.3104,20.26,26.678,2486.6,REJECT,synthetic_physics
2440.1,32.25,0.3249,0.30102,35.017,0.49299,0.08966,0.4096,210.04,32.45,799.63,REJECT,synthetic_physics
2553.8,30.8125,0.956,0.51757,44.0,0.41726,0.04908,0.3087,39.44,30.372,2316.12,REJECT,synthetic_physics
2373.3,25.875,0.4037,0.21638,33.579,0.51125,0.05141,0.4254,190.29,26.151,975.21,REJECT,synthetic_physics
2256.4,23.25,0.9699,0.36417,34.572,0.60798,0.10191,0.6298,41.02,23.224,2302.07,REJECT,synthetic_physics
2390.2,31.6875,0.519,0.2465,33.136,0.54154,0.07454,0.4305,152.02,31.944,1315.36,REJECT,synthetic_physics
2422.4,25.6875,1.0491,0.43264,39.49,0.55407,0.06745,0.4456,35.3,25.317,2352.87,MARGINAL,synthetic_physics
2308.0,28.6875,0.934,0.41515,43.199,0.52997,0.09393,0.5118,45.72,28.59,2260.23,MARGINAL,synthetic_physics
2440.1,22.6875,0.3125,0.25495,33.45,0.48847,0.05938,0.4018,212.1,22.645,781.29,REJECT,synthetic_physics
2362.8,30.25,0.6646,0.34687,32.918,0.52151,0.06038,0.4061,109.53,29.9,1693.1,GOOD,synthetic_physics
2326.5,21.125,1.0682,0.4282,41.794,0.3973,0.08106,0.4948,24.0,21.276,2453.33,MARGINAL,synthetic_physics
2496.6,33.6875,0.8367,0.46438,39.964,0.46318,0.06604,0.4222,38.96,33.567,2320.35,MARGINAL,synthetic_physics
2374.1,26.1875,0.6217,0.25722,32.024,0.51962,0.08408,0.4953,119.45,26.4,1604.85,GOOD,synthetic_physics
2501.4,33.25,0.5141,0.30102,28.653,0.54047,0.06655,0.3802,157.25,33.05,1268.9,REJECT,synthetic_physics
2253.2,31.25,0.3295,0.17192,26.684,0.66586,0.12026,0.6011,213.77,31.064,766.49,REJECT,synthetic_physics
2346.7,26.6875,0.3563,0.19262,32.163,0.60123,0.10582,0.5295,183.83,26.708,1032.62,REJECT,synthetic_physics
2466.7,23.3125,0.9562,0.47072,39.202,0.31784,0.05911,0.4216,75.95,23.389,1991.52,GOOD,synthetic_physics
2432.9,29.375,0.6378,0.37378,39.68,0.40224,0.06377,0.3927,106.89,29.599,1716.5,MARGINAL,synthetic_physics
2428.9,29.125,0.7963,0.37959,42.125,0.43196,0.04386,0.4021,59.83,29.036,2134.85,GOOD,synthetic_physics
2494.9,18.875,0.9718,0.50674,41.728,0.29328,0.0552,0.3308,55.56,18.812,2172.83,REJECT,synthetic_physics
2345.1,21.6875,1.0398,0.49446,43.185,0.58456,0.10066,0.5698,12.91,21.774,2551.95,REJECT,synthetic_physics
2303.2,27.6875,1.0549,0.56766,43.353,0.43358,0.09809,0.5478,18.01,27.458,2506.54,MARGINAL,synthetic_physics
2333.0,16.6875,0.495,0.20376,28.374,0.62147,0.11033,0.5758,168.51,16.664,1168.82,REJECT,synthetic_physics
2295.9,32.1875,0.8157,0.32966,33.727,0.57385,0.1024,0.6049,79.12,32.014,1963.34,REJECT,synthetic_physics
2387.8,21.8125,0.8522,0.36887,36.287,0.40702,0.07495,0.4153,94.96,21.695,1822.6,GOOD,synthetic_physics
2466.7,26.6875,0.6215,0.32501,40.362,0.40241,0.06484,0.4002,122.43,27.011,1578.39,GOOD,synthetic_physics
2512.7,32.0625,0.8233,0.37645,38.777,0.32537,0.05227,0.364,97.61,31.998,1798.98,MARGINAL,synthetic_physics
2399.0,32.1875,0.8456,0.41632,41.034,0.41714,0.06493,0.4356,51.78,32.139,2206.38,GOOD,synthetic_physics
2345.9,38.25,1.0525,0.48995,42.381,0.38332,0.06495,0.4393,19.1,38.175,2496.85,MARGINAL,synthetic_physics
2462.7,35.375,0.4641,0.23976,35.975,0.4898,0.04272,0.3898,186.82,35.783,1006.0,REJECT,synthetic_physics
2329.7,32.4375,0.7593,0.36311,36.604,0.54632,0.10357,0.5613,80.79,32.434,1948.5,REJECT,synthetic_physics
2311.2,24.9375,0.6133,0.20377,26.883,0.7167,0.11028,0.6284,130.19,24.721,1509.47,REJECT,synthetic_physics
2409.5,30.25,0.7821,0.37379,35.671,0.52395,0.08657,0.4807,83.34,30.396,1925.83,GOOD,synthetic_physics
2428.1,33.5,0.6779,0.31656,30.221,0.49945,0.09587,0.4756,119.75,33.704,1602.22,GOOD,synthetic_physics
2481.2,21.6875,0.4954,0.28721,32.475,0.47038,0.07237,0.3807,158.01,21.599,1262.15,REJECT,synthetic_physics
2506.2,33.25,0.8988,0.51665,44.0,0.35099,0.05596,0.3272,49.38,33.398,2227.72,REJECT,synthetic_physics
2436.1,31.0,1.018,0.53705,44.0,0.46699,0.05938,0.4292,14.57,31.104,2537.13,MARGINAL,synthetic_physics
2401.5,41.0,0.9127,0.42859,38.18,0.44348,0.06537,0.428,57.22,40.898,2158.06,REJECT,synthetic_physics
2279.8,31.25,1.0265,0.46157,42.892,0.46713,0.07507,0.4984,24.44,31.061,2449.45,MARGINAL,synthetic_physics
2418.4,34.875,0.7349,0.24585,31.539,0.4531,0.06971,0.3938,120.84,34.406,1592.52,MARGINAL,synthetic_physics
2457.1,21.875,0.9045,0.44763,41.261,0.32469,0.04287,0.4092,54.03,21.967,2186.38,GOOD,synthetic_physics
2266.9,35.125,0.9273,0.45105,41.581,0.67544,0.11918,0.5766,23.56,35.119,2457.25,REJECT,synthetic_physics
2569.1,34.0625,0.8256,0.46046,35.006,0.32357,0.0727,0.3767,71.34,34.419,2032.52,MARGINAL,synthetic_physics
2395.0,27.875,0.6927,0.34219,38.148,0.49958,0.08015,0.4289,116.17,27.866,1634.01,GOOD,synthetic_physics
2453.8,17.625,0.3808,0.26766,28.477,0.46092,0.06352,0.4195,189.71,17.446,980.4,REJECT,synthetic_physics
2287.8,32.375,0.7122,0.2714,32.305,0.58732,0.08086,0.4908,105.91,32.567,1725.21,GOOD,synthetic_physics
2357.1,34.6875,0.8014,0.44156,41.808,0.47383,0.09386,0.4728,50.32,34.848,2219.41,GOOD,synthetic_physics
2558.6,23.5625,0.9717,0.36165,41.59,0.38448,0.04164,0.3822,63.97,23.483,2098.02,MARGINAL,synthetic_physics
2299.9,28.9375,0.4685,0.23156,27.803,0.63783,0.10066,0.5727,172.74,29.005,1131.24,REJECT,synthetic_physics
2509.5,31.625,0.9712,0.58111,42.551,0.35846,0.02999,0.3272,28.32,31.525,2414.97,REJECT,synthetic_physics
2405.5,17.9375,0.4974,0.29006,32.02,0.65589,0.09641,0.4962,171.51,18.108,1142.14,REJECT,synthetic_physics
2469.2,27.125,0.791,0.32983,33.355,0.49046,0.08048,0.445,93.81,27.126,1832.79,GOOD,synthetic_physics
2370.8,29.25,0.7654,0.36168,35.029,0.48859,0.07197,0.4796,90.37,29.325,1863.34,GOOD,synthetic_physics
2474.0,30.0625,0.6969,0.28786,33.019,0.46431,0.04828,0.3984,135.14,30.057,1465.4,MARGINAL,synthetic_physics
2440.1,27.5625,0.8304,0.36959,44.0,0.45596,0.0921,0.4353,73.4,27.63,2014.23,GOOD,synthetic_physics
2528.8,22.25,0.8621,0.5598,44.0,0.28318,0.05025,0.3609,33.72,22.192,2366.92,MARGINAL,synthetic_physics
2262.1,34.125,0.8326,0.31774,38.043,0.6717,0.10095,0.5439,75.64,34.024,1994.28,MARGINAL,synthetic_physics
2397.4,40.0625,0.7176,0.35541,32.643,0.39543,0.08783,0.4158,118.76,39.998,1611.03,MARGINAL,synthetic_physics
2382.9,21.625,0.6169,0.32083,36.451,0.50078,0.06183,0.4651,122.54,21.681,1577.42,GOOD,synthetic_physics
2296.7,30.625,0.6128,0.24002,32.247,0.59335,0.09703,0.52,132.06,30.963,1492.8,MARGINAL,synthetic_physics
2347.5,32.375,0.3397,0.26174,30.206,0.57465,0.13338,0.5463,218.72,32.236,722.45,REJECT,synthetic_physics
2371.6,30.75,1.1313,0.45607,43.623,0.38043,0.04061,0.4301,11.08,30.428,2568.18,MARGINAL,synthetic_physics
2280.6,31.1875,0.8291,0.40825,37.87,0.53005,0.06682,0.5237,47.01,30.977,2248.8,MARGINAL,synthetic_physics
2387.8,33.9375,0.8157,0.36892,37.311,0.48934,0.08202,0.4758,66.28,34.475,2077.47,GOOD,synthetic_physics
2421.6,35.625,0.4865,0.20798,32.265,0.5717,0.07516,0.4197,167.06,35.103,1181.67,REJECT,synthetic_physics
2370.8,34.0,0.9224,0.44716,41.328,0.4491,0.05689,0.4385,57.09,33.429,2159.24,GOOD,synthetic_physics
2434.5,27.875,0.8786,0.36114,40.144,0.44167,0.09137,0.4833,77.41,28.308,1978.55,GOOD,synthetic_physics
2385.3,36.875,0.4527,0.15078,29.688,0.55569,0.11913,0.5463,183.85,36.618,1032.44,REJECT,synthetic_physics
2468.4,28.4375,0.8362,0.39145,40.262,0.48595,0.05952,0.405,85.37,28.377,1907.85,GOOD,synthetic_physics
2446.6,41.25,0.994,0.48932,43.531,0.4069,0.05033,0.3796,46.29,41.591,2255.16,REJECT,synthetic_physics
2439.3,28.3125,0.5317,0.29459,32.556,0.42653,0.06663,0.3822,136.89,28.336,1449.85,MARGINAL,synthetic_physics
2494.1,33.4375,0.551,0.25534,30.388,0.58573,0.09598,0.4697,140.51,33.54,1417.67,MARGINAL,synthetic_physics
2462.7,24.5,0.8563,0.4073,42.445,0.45507,0.04845,0.3758,67.94,24.559,2062.75,MARGINAL,synthetic_physics
2377.3,20.6875,0.507,0.27073,28.365,0.59597,0.09724,0.5039,138.55,20.696,1435.11,MARGINAL,synthetic_physics
2426.4,28.4375,0.6897,0.39905,40.107,0.45396,0.06011,0.4003,100.63,28.246,1772.16,GOOD,synthetic_physics
2320.9,27.75,0.8374,0.35201,33.847,0.62756,0.09492,0.5637,68.45,27.73,2058.19,REJECT,synthetic_physics
2189.5,33.625,0.9735,0.37434,37.895,0.64554,0.1281,0.6461,30.81,33.554,2392.77,REJECT,synthetic_physics
2254.0,24.4375,0.4735,0.17337,29.479,0.60497,0.12522,0.5392,173.68,24.57,1122.86,REJECT,synthetic_physics
2463.5,27.6875,0.9183,0.51125,44.0,0.24968,0.06678,0.3628,40.01,27.735,2311.02,MARGINAL,synthetic_physics
2166.2,31.0625,1.0195,0.46185,39.525,0.55289,0.11853,0.62,10.66,31.531,2571.94,REJECT,synthetic_physics
2508.6,33.25,0.7277,0.34915,43.465,0.49727,0.06445,0.4551,99.08,33.36,1785.91,GOOD,synthetic_physics
2561.0,36.5625,0.397,0.26412,31.437,0.55212,0.07365,0.3414,199.56,36.685,892.82,REJECT,synthetic_physics
2309.6,32.9375,0.6603,0.32527,29.488,0.65965,0.14097,0.5759,104.5,32.872,1737.74,REJECT,synthetic_physics
2342.6,33.0,0.632,0.29287,39.881,0.54435,0.08497,0.4422,119.4,33.113,1605.33,GOOD,synthetic_physics
2455.5,28.25,0.7146,0.28827,34.391,0.58717,0.10095,0.4607,123.26,27.983,1571.02,GOOD,synthetic_physics
2272.5,32.5625,1.0071,0.48063,41.465,0.44533,0.08451,0.5197,16.02,32.566,2524.23,MARGINAL,synthetic_physics
2420.8,30.0,0.7899,0.3122,38.988,0.40253,0.04835,0.4388,84.53,29.803,1915.28,GOOD,synthetic_physics
2336.2,29.0,0.8223,0.40157,41.807,0.46314,0.07688,0.4702,50.07,29.002,2221.56,GOOD,synthetic_physics
2421.6,28.375,0.5528,0.22741,37.809,0.46248,0.07332,0.437,128.31,28.044,1526.1,MARGINAL,synthetic_physics
2419.2,26.0625,0.7334,0.33626,35.873,0.54203,0.07733,0.4377,109.8,25.93,1690.67,GOOD,synthetic_physics
2458.7,14.875,1.0539,0.53424,44.0,0.36977,0.05335,0.3703,10.15,14.718,2576.44,MARGINAL,synthetic_physics
2382.1,28.625,0.3911,0.2728,29.586,0.52844,0.08298,0.4696,185.29,28.904,1019.68,REJECT,synthetic_physics
2291.9,38.9375,0.4563,0.21547,29.181,0.60691,0.11219,0.5166,178.41,38.767,1080.81,REJECT,synthetic_physics
2332.2,31.375,0.9218,0.42763,39.253,0.44395,0.06169,0.451,53.87,31.429,2187.83,GOOD,synthetic_physics
2246.7,33.6875,0.9482,0.38457,33.556,0.5504,0.09298,0.4939,82.15,33.822,1936.41,GOOD,synthetic_physics
2316.0,27.375,0.9718,0.52551,40.039,0.4245,0.07109,0.4613,29.21,27.428,2406.99,MARGINAL,synthetic_physics
2259.6,31.25,0.7094,0.28835,34.098,0.5162,0.06116,0.4769,107.41,31.638,1711.89,GOOD,synthetic_physics
2189.5,30.625,0.4962,0.17685,27.331,0.71394,0.14411,0.6256,161.23,30.791,1233.53,REJECT,synthetic_physics
2370.8,21.75,0.3172,0.2683,32.765,0.55167,0.11795,0.4527,207.5,21.499,822.21,REJECT,synthetic_physics
2401.5,28.8125,0.7801,0.35718,32.757,0.50255,0.08708,0.5047,96.35,28.867,1810.24,MARGINAL,synthetic_physics
2384.5,31.3125,0.9668,0.47931,41.184,0.48854,0.07627,0.4998,11.94,31.513,2560.54,MARGINAL,synthetic_physics
2418.4,34.625,0.6661,0.35528,34.335,0.56633,0.06129,0.4097,118.21,34.676,1615.93,GOOD,synthetic_physics
2482.9,36.875,1.0131,0.51943,44.0,0.28631,0.02741,0.3522,18.66,36.665,2500.77,MARGINAL,synthetic_physics
2386.2,30.25,0.4575,0.21782,26.032,0.64071,0.1212,0.5465,178.35,30.116,1081.31,REJECT,synthetic_physics
2450.6,21.125,1.002,0.50135,43.057,0.44963,0.02546,0.3837,34.49,20.998,2360.05,MARGINAL,synthetic_physics
2382.1,28.875,0.9439,0.41335,37.586,0.37931,0.06106,0.4237,62.98,28.584,2106.87,GOOD,synthetic_physics
2300.7,34.3125,0.7253,0.35769,40.019,0.3994,0.09892,0.4742,88.87,33.954,1876.69,GOOD,synthetic_physics
2357.9,32.125,0.6787,0.38908,39.382,0.45432,0.0673,0.4369,111.58,32.107,1674.89,GOOD,synthetic_physics
2573.1,19.9375,0.4392,0.2461,34.003,0.46495,0.06956,0.4011,166.01,20.245,1190.98,REJECT,synthetic_physics
2391.8,18.5625,0.655,0.38673,35.038,0.46365,0.08317,0.4261,118.85,18.835,1610.21,GOOD,synthetic_physics
2491.7,27.6875,0.668,0.29601,36.17,0.47727,0.0697,0.4313,119.26,27.66,1606.58,GOOD,synthetic_physics
2527.2,23.75,0.9757,0.48143,41.223,0.39239,0.02472,0.3314,39.75,23.762,2313.3,REJECT,synthetic_physics
2279.8,24.0625,0.9442,0.47176,42.901,0.52477,0.07829,0.5466,14.03,24.192,2541.92,MARGINAL,synthetic_physics
2323.3,27.3125,0.5565,0.18285,31.825,0.65542,0.0993,0.5141,153.94,27.252,1298.31,REJECT,synthetic_physics
2357.9,37.5625,0.4339,0.25314,35.848,0.49078,0.06,0.4092,184.69,37.868,1024.95,REJECT,synthetic_physics
2509.5,23.1875,0.3958,0.25593,36.659,0.46425,0.04679,0.3525,166.79,23.336,1184.11,REJECT,synthetic_physics
2455.5,30.6875,0.9293,0.49602,43.353,0.37907,0.05862,0.4214,28.97,30.831,2409.12,MARGINAL,synthetic_physics
2358.8,34.4375,0.6214,0.27919,34.422,0.49407,0.07451,0.4493,122.74,34.116,1575.66,GOOD,synthetic_physics
2317.7,37.0625,0.6785,0.31177,37.628,0.64843,0.12295,0.5625,97.11,36.818,1803.5,REJECT,synthetic_physics
2383.7,15.75,0.6528,0.31631,36.898,0.51208,0.08737,0.5064,102.51,15.658,1755.47,MARGINAL,synthetic_physics
2187.9,35.4375,0.6931,0.28644,33.239,0.65558,0.11919,0.5952,114.57,35.339,1648.29,REJECT,synthetic_physics
2486.9,33.125,0.6496,0.29689,36.444,0.40739,0.05408,0.3743,112.85,33.255,1663.57,MARGINAL,synthetic_physics
2417.6,27.875,0.7007,0.32176,32.602,0.47981,0.07292,0.4515,109.11,27.714,1696.83,GOOD,synthetic_physics
2202.4,36.9375,0.5377,0.17738,29.522,0.65439,0.12659,0.5951,160.41,36.56,1240.84,REJECT,synthetic_physics
2328.1,26.75,0.9854,0.49791,40.127,0.42931,0.09897,0.4982,50.86,26.824,2214.6,GOOD,synthetic_physics
2374.9,32.0625,0.8407,0.37636,39.618,0.53864,0.07888,0.5066,68.78,32.097,2055.32,MARGINAL,synthetic_physics
2342.6,24.0,0.5789,0.24773,33.44,0.53224,0.07797,0.4392,136.44,24.204,1453.87,MARGINAL,synthetic_physics
2299.1,36.125,0.383,0.18822,28.954,0.59273,0.12162,0.5591,197.94,36.2,907.21,REJECT,synthetic_physics
2415.2,32.0625,0.6484,0.30424,34.651,0.61344,0.11225,0.4454,109.17,31.839,1696.23,GOOD,synthetic_physics
2306.4,40.0,0.5532,0.30709,35.21,0.46304,0.08834,0.4458,125.46,39.98,1551.47,MARGINAL,synthetic_physics
2536.8,26.0,0.712,0.38819,38.284,0.51085,0.06045,0.4037,92.91,25.942,1840.79,GOOD,synthetic_physics
2371.6,28.125,0.9792,0.41958,43.015,0.53484,0.10373,0.5511,39.13,28.071,2318.8,REJECT,synthetic_physics
2414.4,39.3125,0.7079,0.36562,36.65,0.3416,0.0632,0.3269,103.36,39.032,1747.9,REJECT,synthetic_physics
2453.0,38.1875,0.7727,0.39708,35.311,0.4579,0.05452,0.3192,88.27,37.851,1882.05,REJECT,synthetic_physics
2364.4,35.6875,0.9739,0.5344,40.019,0.41683,0.05886,0.4204,37.79,35.75,2330.78,MARGINAL,synthetic_physics
2331.4,30.6875,0.6773,0.25278,28.444,0.49409,0.08847,0.4867,119.68,31.072,1602.82,GOOD,synthetic_physics
2300.7,34.625,0.9003,0.35089,40.216,0.42066,0.03481,0.4279,74.73,34.789,2002.43,GOOD,synthetic_physics
2378.1,31.8125,0.798,0.36263,34.171,0.55205,0.07675,0.4542,89.11,31.745,1874.61,GOOD,synthetic_physics
2414.4,27.75,0.8496,0.38742,41.243,0.54149,0.05258,0.4582,64.6,27.914,2092.48,GOOD,synthetic_physics
2380.5,27.875,0.9495,0.47766,43.455,0.45595,0.07793,0.4472,53.44,27.847,2191.68,GOOD,synthetic_physics
2455.5,26.0625,1.0152,0.45971,43.212,0.56323,0.05887,0.4325,53.72,25.702,2189.15,GOOD,synthetic_physics
2419.2,21.0,0.849,0.41667,41.562,0.52663,0.08334,0.462,67.51,20.679,2066.54,GOOD,synthetic_physics
2510.3,28.375,0.5096,0.27882,31.301,0.52127,0.07605,0.41,157.7,28.533,1264.87,REJECT,synthetic_physics
2308.8,30.625,0.8559,0.35912,34.909,0.5221,0.08689,0.5469,84.27,30.764,1917.59,MARGINAL,synthetic_physics
2343.4,30.8125,0.7696,0.42099,34.915,0.48528,0.06814,0.4762,64.68,30.907,2091.75,GOOD,synthetic_physics
2394.2,31.625,0.4422,0.2113,32.185,0.54028,0.09343,0.5001,178.68,31.432,1078.4,REJECT,synthetic_physics
2519.1,26.3125,1.0135,0.47627,44.0,0.28201,0.03713,0.3154,23.57,26.555,2457.13,REJECT,synthetic_physics
2208.1,31.5625,0.755,0.25514,31.483,0.72261,0.11921,0.6149,107.93,31.558,1707.33,REJECT,synthetic_physics
2415.2,23.8125,0.491,0.26181,30.949,0.48464,0.0778,0.4082,160.13,23.555,1243.28,REJECT,synthetic_physics
2241.9,33.25,0.5601,0.16188,26.709,0.65065,0.12522,0.5647,151.67,33.177,1318.49,REJECT,synthetic_physics
2370.0,38.0,0.8101,0.32095,36.923,0.45364,0.10932,0.5307,83.98,37.988,1920.16,MARGINAL,synthetic_physics
2420.8,26.25,0.7076,0.32015,26.872,0.51221,0.06585,0.4402,118.11,26.048,1616.8,GOOD,synthetic_physics
2473.2,38.0625,0.5871,0.26889,32.202,0.50461,0.06863,0.4248,129.48,38.084,1515.76,MARGINAL,synthetic_physics
2368.4,31.0625,0.7396,0.28509,31.287,0.44558,0.06556,0.4103,117.48,31.004,1622.44,GOOD,synthetic_physics
2360.4,33.3125,0.6203,0.29344,35.658,0.4677,0.04716,0.4026,122.01,33.507,1582.14,GOOD,synthetic_physics
2403.1,26.75,0.6447,0.15982,30.474,0.64426,0.08704,0.5215,133.01,26.704,1484.34,MARGINAL,synthetic_physics
2329.7,26.9375,0.7167,0.36719,33.401,0.51049,0.05925,0.447,103.2,27.131,1749.32,GOOD,synthetic_physics
2308.8,28.875,0.9491,0.48606,41.283,0.50582,0.07787,0.4545,26.21,28.525,2433.7,MARGINAL,synthetic_physics
2285.4,28.75,0.6509,0.1598,31.107,0.61063,0.10775,0.5611,126.57,28.689,1541.63,REJECT,synthetic_physics
2256.4,30.0,0.7027,0.22501,36.592,0.56169,0.08305,0.4784,126.37,29.91,1543.4,MARGINAL,synthetic_physics
2386.2,32.375,0.6365,0.25937,35.625,0.46071,0.05982,0.4252,139.71,32.136,1424.84,MARGINAL,synthetic_physics
2230.6,29.125,0.3906,0.11346,28.691,0.63931,0.13946,0.6378,189.16,29.441,985.22,REJECT,synthetic_physics
2291.1,23.375,0.7129,0.34756,37.932,0.61395,0.10412,0.5408,82.77,23.35,1930.97,MARGINAL,synthetic_physics
2368.4,34.625,0.4633,0.20464,38.879,0.50746,0.06142,0.431,168.57,34.968,1168.28,REJECT,synthetic_physics
2506.2,21.375,0.8892,0.3897,38.588,0.42878,0.05308,0.4102,69.21,21.331,2051.45,GOOD,synthetic_physics
2494.1,29.25,0.5408,0.32935,34.669,0.35593,0.04602,0.3415,140.0,29.286,1422.26,REJECT,synthetic_physics
2363.6,28.0625,0.5697,0.24171,26.086,0.50567,0.06202,0.4222,160.19,27.968,1242.79,REJECT,synthetic_physics
2449.0,31.5625,0.6135,0.33947,38.847,0.41561,0.0649,0.36,129.3,31.749,1517.34,MARGINAL,synthetic_physics
2309.6,27.0625,0.8302,0.35588,40.622,0.59488,0.09642,0.5453,81.4,26.98,1943.1,MARGINAL,synthetic_physics
2345.1,37.625,0.8623,0.4711,44.0,0.34551,0.05273,0.3727,55.03,37.265,2177.52,MARGINAL,synthetic_physics
2495.8,33.0625,0.8304,0.36819,42.465,0.36332,0.05622,0.3826,76.36,32.864,1987.9,MARGINAL,synthetic_physics
2432.1,27.375,0.7135,0.37109,41.574,0.36677,0.06057,0.3221,96.8,27.532,1806.22,REJECT,synthetic_physics
2380.5,31.4375,0.8176,0.43851,36.222,0.41741,0.07736,0.4454,67.37,31.428,2067.84,GOOD,synthetic_physics
2279.0,33.375,0.4064,0.19838,27.245,0.84039,0.10971,0.5869,183.38,32.983,1036.58,REJECT,synthetic_physics
2482.1,28.4375,0.7395,0.35379,36.563,0.37468,0.06902,0.3651,108.44,28.366,1702.75,MARGINAL,synthetic_physics
2385.3,36.25,0.8686,0.45207,43.61,0.43265,0.08996,0.4657,31.59,36.323,2385.87,MARGINAL,synthetic_physics
2296.7,31.8125,0.4138,0.15051,26.832,0.69931,0.12336,0.6129,191.28,31.982,966.39,REJECT,synthetic_physics
2259.6,27.5,0.6562,0.25068,31.676,0.56765,0.13219,0.555,138.12,27.264,1438.94,REJECT,synthetic_physics
2375.7,33.5,0.513,0.23546,36.253,0.46427,0.07595,0.4239,146.59,34.091,1363.64,MARGINAL,synthetic_physics
2311.2,34.9375,0.8162,0.37119,35.884,0.64773,0.1127,0.5452,92.01,35.099,1848.8,MARGINAL,synthetic_physics
2303.2,26.0625,0.8784,0.47048,40.49,0.50627,0.09867,0.5762,32.98,25.625,2373.5,REJECT,synthetic_physics
2521.5,28.875,0.8274,0.43827,40.818,0.22943,0.06229,0.3636,75.65,29.061,1994.22,MARGINAL,synthetic_physics
2486.9,33.875,0.6993,0.34949,39.48,0.42657,0.03496,0.3563,114.06,33.789,1652.82,MARGINAL,synthetic_physics
2370.8,31.4375,0.8166,0.36318,34.929,0.39255,0.05652,0.3889,85.28,31.209,1908.66,MARGINAL,synthetic_physics
2316.8,25.375,0.5624,0.21226,33.3,0.45163,0.07735,0.4366,139.49,25.276,1426.77,MARGINAL,synthetic_physics
2401.5,36.3125,0.8548,0.45707,41.914,0.42593,0.06729,0.3962,57.61,36.074,2154.58,MARGINAL,synthetic_physics
2353.9,31.8125,0.7109,0.45733,43.925,0.46874,0.05403,0.4731,78.84,31.896,1965.91,GOOD,synthetic_physics
2308.0,33.9375,0.8409,0.40425,38.829,0.50555,0.07371,0.4914,77.13,34.011,1981.07,GOOD,synthetic_physics
2305.6,32.5625,0.7478,0.41245,38.225,0.6534,0.09083,0.5043,53.86,32.215,2187.89,MARGINAL,synthetic_physics
2353.9,23.75,1.214,0.4985,44.0,0.51802,0.07296,0.4973,10.26,23.699,2575.49,MARGINAL,synthetic_physics
2416.8,23.875,1.0196,0.45252,39.47,0.44417,0.06937,0.4899,21.33,24.355,2477.11,MARGINAL,synthetic_physics
2474.8,29.8125,1.0911,0.47553,41.885,0.36411,0.0659,0.4453,18.14,29.824,2505.42,MARGINAL,synthetic_physics
2245.1,40.3125,0.652,0.28546,31.543,0.6999,0.12339,0.6239,96.79,40.702,1806.34,REJECT,synthetic_physics
2241.9,28.5625,0.7127,0.29876,28.853,0.58148,0.12642,0.6,120.29,28.227,1597.46,REJECT,synthetic_physics
2233.0,32.375,0.9347,0.3939,36.824,0.55286,0.11684,0.6238,21.37,32.188,2476.75,REJECT,synthetic_physics
2324.9,31.0,0.8686,0.35135,35.744,0.55867,0.07603,0.4958,55.43,31.294,2173.92,GOOD,synthetic_physics
2386.2,22.25,0.6289,0.28176,32.862,0.45816,0.09702,0.4912,119.59,22.176,1603.66,GOOD,synthetic_physics
2427.3,25.75,0.6788,0.33667,29.601,0.44332,0.04645,0.4112,122.3,25.472,1579.56,GOOD,synthetic_physics
2470.0,32.75,1.1246,0.55535,44.0,0.43154,0.06457,0.3881,12.67,33.057,2554.04,MARGINAL,synthetic_physics
2444.2,40.8125,0.376,0.2156,32.877,0.5753,0.09592,0.4499,196.26,40.887,922.11,REJECT,synthetic_physics
2376.5,18.8125,0.8328,0.3295,36.373,0.54784,0.0742,0.4786,80.23,18.565,1953.49,GOOD,synthetic_physics
2337.0,33.0,0.8756,0.40804,43.179,0.4843,0.08699,0.4643,55.66,32.909,2171.88,GOOD,synthetic_physics
2374.9,20.5,0.6906,0.2884,36.248,0.5158,0.09146,0.4898,116.43,20.593,1631.75,GOOD,synthetic_physics
2229.8,30.8125,0.9699,0.39967,40.115,0.57249,0.11208,0.564,37.66,30.904,2331.88,REJECT,synthetic_physics
2422.4,23.25,0.8459,0.39201,42.962,0.4968,0.08349,0.4665,56.96,23.206,2160.34,GOOD,synthetic_physics
2446.6,30.0,0.5386,0.21377,33.719,0.45284,0.06916,0.3503,142.19,29.986,1402.73,MARGINAL,synthetic_physics
2532.8,36.4375,0.9801,0.47661,41.965,0.31222,0.03907,0.3109,34.32,36.702,2361.59,REJECT,synthetic_physics
2391.0,24.3125,0.3313,0.19015,28.138,0.58144,0.06477,0.4666,204.05,24.347,852.91,REJECT,synthetic_physics
2237.9,33.3125,0.3338,0.1629,29.445,0.61867,0.15561,0.6214,197.47,33.119,911.35,REJECT,synthetic_physics
2416.0,24.6875,0.6668,0.44999,37.892,0.40817,0.06623,0.4475,90.23,25.04,1864.59,GOOD,synthetic_physics
2474.0,33.125,0.641,0.35326,37.112,0.48348,0.05696,0.4016,124.65,33.418,1558.66,GOOD,synthetic_physics
2487.7,33.6875,0.9033,0.43454,42.345,0.35261,0.02793,0.3333,67.6,33.813,2065.81,REJECT,synthetic_physics
2519.1,29.8125,0.8596,0.45104,40.562,0.28063,0.06249,0.4078,52.21,29.945,2202.6,GOOD,synthetic_physics
2348.3,33.125,0.8859,0.48965,40.21,0.44078,0.08143,0.4784,55.98,33.103,2169.08,GOOD,synthetic_physics
2428.9,31.125,0.7048,0.30599,34.106,0.50698,0.04015,0.3776,134.07,31.168,1474.94,MARGINAL,synthetic_physics
2323.3,34.9375,0.6965,0.29979,36.491,0.47276,0.0776,0.4338,98.67,34.726,1789.59,GOOD,synthetic_physics
2281.4,38.6875,0.4624,0.19946,25.761,0.65856,0.12518,0.5584,183.21,38.972,1038.16,REJECT,synthetic_physics
2319.3,27.625,0.895,0.50298,44.0,0.40598,0.09965,0.508,42.17,27.508,2291.85,MARGINAL,synthetic_physics
2327.3,32.75,0.7738,0.34906,36.78,0.43363,0.08423,0.4688,79.34,32.543,1961.39,GOOD,synthetic_physics
2470.0,28.3125,0.9677,0.41999,39.169,0.40896,0.06538,0.403,48.05,28.542,2239.56,MARGINAL,synthetic_physics
2350.7,29.0625,0.8857,0.39464,35.548,0.47571,0.0662,0.4629,57.89,28.569,2152.06,GOOD,synthetic_physics
2412.7,20.0625,0.6274,0.265,35.044,0.55308,0.06437,0.4322,128.15,19.971,1527.6,MARGINAL,synthetic_physics
2227.4,28.8125,0.4536,0.21995,29.762,0.66771,0.11988,0.5694,177.72,28.863,1086.97,REJECT,synthetic_physics
2325.7,30.125,0.3754,0.30492,28.776,0.62498,0.10428,0.5518,199.71,30.006,891.47,REJECT,synthetic_physics
2372.5,28.0,0.7176,0.26457,31.733,0.6087,0.10302,0.492,124.51,28.151,1559.93,GOOD,synthetic_physics
2375.7,19.6875,0.9403,0.53025,44.0,0.39667,0.06122,0.3953,30.41,19.579,2396.35,MARGINAL,synthetic_physics
2434.5,30.9375,0.8989,0.33871,35.036,0.53936,0.0841,0.495,67.54,30.479,2066.27,GOOD,synthetic_physics
2387.0,33.6875,0.8828,0.38082,33.98,0.54357,0.08293,0.4704,63.79,33.538,2099.66,GOOD,synthetic_physics
2367.6,31.0,0.8813,0.44288,37.041,0.52346,0.082,0.4932,51.52,31.348,2208.72,GOOD,synthetic_physics
2429.7,20.6875,0.7501,0.42917,37.611,0.38381,0.06697,0.407,81.27,20.684,1944.27,GOOD,synthetic_physics
2461.9,34.9375,0.6926,0.33558,39.955,0.52388,0.08831,0.47,104.7,34.761,1736.02,GOOD,synthetic_physics
2228.2,23.75,0.7216,0.29316,31.396,0.69353,0.11292,0.6083,103.52,23.984,1746.5,REJECT,synthetic_physics
2375.7,29.0625,0.8979,0.46421,44.0,0.40233,0.05149,0.3875,54.38,29.247,2183.28,MARGINAL,synthetic_physics
2353.1,25.5625,0.8865,0.45128,44.0,0.43525,0.05288,0.412,68.08,25.569,2061.53,GOOD,synthetic_physics
2262.1,34.875,0.5088,0.18456,26.662,0.63195,0.13371,0.5717,155.13,35.021,1287.75,REJECT,synthetic_physics
2312.8,29.5,0.5676,0.17542,28.967,0.6045,0.12382,0.6061,161.19,29.484,1233.9,REJECT,synthetic_physics
2406.3,32.25,0.8195,0.38164,42.282,0.35762,0.06532,0.404,72.75,32.303,2020.0,GOOD,synthetic_physics
2352.3,27.0,0.4086,0.19242,28.838,0.70553,0.10616,0.5236,186.82,27.164,1006.01,REJECT,synthetic_physics
2350.7,30.4375,1.1088,0.48588,41.43,0.43957,0.07653,0.4828,19.08,30.564,2497.1,MARGINAL,synthetic_physics
2403.9,34.6875,0.7435,0.27839,40.046,0.44646,0.06898,0.4414,108.58,34.899,1701.53,GOOD,synthetic_physics
2481.2,27.8125,0.5438,0.3266,30.419,0.41961,0.05401,0.3328,181.39,27.894,1054.28,REJECT,synthetic_physics
2380.5,26.625,0.2885,0.24412,30.751,0.53985,0.0961,0.4921,216.56,26.374,741.7,REJECT,synthetic_physics
2461.1,30.875,0.8909,0.52216,44.0,0.3877,0.05551,0.3242,35.9,30.892,2347.52,REJECT,synthetic_physics
2482.9,30.0,0.541,0.29004,34.237,0.43426,0.08598,0.3778,137.43,29.811,1445.08,MARGINAL,synthetic_physics
2198.4,32.3125,0.761,0.26054,32.632,0.63076,0.12858,0.6277,96.96,32.334,1804.84,REJECT,synthetic_physics
2432.1,29.0625,0.8591,0.33916,38.602,0.54396,0.08432,0.481,72.7,28.886,2020.42,GOOD,synthetic_physics
2454.7,30.8125,0.6229,0.30255,34.091,0.4799,0.1032,0.4281,119.86,30.573,1601.22,GOOD,synthetic_physics
2285.4,28.375,0.5414,0.19938,31.005,0.7551,0.15831,0.6451,141.23,28.156,1411.31,REJECT,synthetic_physics
2520.7,25.375,1.1773,0.55119,42.321,0.45526,0.0567,0.3982,10.45,25.049,2573.77,MARGINAL,synthetic_physics
2366.0,31.4375,0.4036,0.19403,35.726,0.58731,0.09521,0.4815,195.7,31.158,927.08,REJECT,synthetic_physics
2392.6,29.5,0.5648,0.22033,28.367,0.58583,0.09226,0.5226,147.48,29.623,1355.75,MARGINAL,synthetic_physics
2403.9,35.0,0.7658,0.35448,34.748,0.51451,0.06728,0.4342,94.09,34.801,1830.28,GOOD,synthetic_physics
2494.1,25.8125,0.5329,0.27722,31.31,0.41611,0.06193,0.3718,133.55,25.579,1479.56,MARGINAL,synthetic_physics
2371.6,30.75,0.6775,0.36745,36.947,0.49537,0.0649,0.4428,98.22,30.397,1793.64,GOOD,synthetic_physics
2394.2,20.5,0.8352,0.30385,35.117,0.48964,0.09262,0.4773,83.63,20.299,1923.33,GOOD,synthetic_physics
2395.8,25.375,0.6735,0.29895,33.341,0.40109,0.07566,0.4701,124.28,25.38,1561.97,GOOD,synthetic_physics
2339.4,29.25,1.0149,0.44867,40.051,0.47798,0.0538,0.4914,30.99,28.941,2391.17,MARGINAL,synthetic_physics
2565.9,30.5,0.2814,0.22477,37.671,0.46447,0.05406,0.3224,209.92,30.189,800.74,REJECT,synthetic_physics
2441.8,26.125,1.0085,0.50628,44.0,0.47691,0.07029,0.4789,15.14,26.124,2532.11,MARGINAL,synthetic_physics
2221.8,30.8125,0.3107,0.13766,27.787,0.75628,0.1406,0.6494,200.42,30.455,885.14,REJECT,synthetic_physics
2374.9,23.0625,0.4301,0.17927,30.711,0.64754,0.09937,0.5486,168.37,23.251,1170.05,REJECT,synthetic_physics
2421.6,18.0,0.9834,0.41533,42.168,0.48275,0.06009,0.4287,42.6,18.241,2287.99,MARGINAL,synthetic_physics
2337.8,24.375,0.6864,0.31067,34.232,0.57116,0.10014,0.4714,98.62,24.276,1790.03,GOOD,synthetic_physics
2372.5,31.6875,0.7372,0.29719,36.009,0.45433,0.09013,0.4473,100.98,31.85,1769.04,GOOD,synthetic_physics
2348.3,31.25,0.9845,0.50474,41.95,0.57779,0.06853,0.5097,12.02,31.004,2559.82,MARGINAL,synthetic_physics
2365.2,35.25,0.5119,0.17929,31.773,0.63814,0.11636,0.5385,161.5,35.356,1231.07,REJECT,synthetic_physics
2409.5,33.8125,0.341,0.27221,33.408,0.51466,0.06998,0.4236,186.41,33.909,1009.73,REJECT,synthetic_physics
2339.4,32.625,0.8807,0.45013,40.154,0.47184,0.08248,0.4661,55.14,32.507,2176.55,GOOD,synthetic_physics
2319.3,34.5625,0.9316,0.41833,38.711,0.57448,0.09037,0.5412,33.48,34.534,2369.11,MARGINAL,synthetic_physics
2468.4,39.0,0.787,0.32714,38.324,0.35182,0.03835,0.3811,106.26,39.131,1722.13,MARGINAL,synthetic_physics
2340.2,31.5,0.8719,0.35182,35.897,0.59014,0.08491,0.4939,92.16,31.441,1847.43,GOOD,synthetic_physics
2394.2,25.0,1.0255,0.50987,44.0,0.37852,0.07562,0.4398,28.51,25.004,2413.22,MARGINAL,synthetic_physics
2436.9,24.1875,0.7537,0.33148,41.305,0.49744,0.08988,0.4454,75.26,23.844,1997.7,GOOD,synthetic_physics
2329.7,34.3125,1.0241,0.47447,44.0,0.40714,0.05259,0.4077,11.8,34.313,2561.79,MARGINAL,synthetic_physics
2510.3,28.875,0.604,0.33353,39.124,0.34278,0.04785,0.3041,126.27,28.67,1544.27,REJECT,synthetic_physics
2464.3,28.8125,0.6524,0.3312,32.033,0.43592,0.06966,0.4272,116.38,28.975,1632.22,GOOD,synthetic_physics
2420.0,34.375,0.6789,0.29998,36.697,0.48252,0.06184,0.4581,112.83,34.587,1663.73,GOOD,synthetic_physics
2363.6,34.5625,0.6792,0.39943,39.649,0.44577,0.02327,0.3915,91.78,34.7,1850.88,MARGINAL,synthetic_physics
2363.6,26.5,0.9894,0.42182,41.982,0.61754,0.11596,0.5336,16.94,26.631,2516.05,MARGINAL,synthetic_physics
2396.6,32.125,0.7069,0.32215,35.748,0.50906,0.04051,0.3506,108.69,32.177,1700.51,MARGINAL,synthetic_physics
2524.8,21.5625,0.8738,0.24315,34.479,0.53114,0.06186,0.4459,161.73,21.326,1229.08,REJECT,synthetic_physics
2342.6,31.9375,0.6964,0.32003,35.688,0.62235,0.10053,0.4789,102.18,31.83,1758.38,GOOD,synthetic_physics
2357.9,21.625,0.3826,0.20888,33.372,0.52668,0.13177,0.5169,207.43,21.634,822.8,REJECT,synthetic_physics
2440.1,31.8125,1.0504,0.52657,44.0,0.4737,0.05582,0.4072,24.88,31.957,2445.47,MARGINAL,synthetic_physics
2388.6,22.25,0.7341,0.28593,35.274,0.52837,0.09094,0.4622,109.23,22.505,1695.75,GOOD,synthetic_physics
2275.8,42.0625,0.5296,0.20801,32.855,0.60003,0.10982,0.5559,149.95,42.068,1333.81,REJECT,synthetic_physics
2382.1,28.1875,0.86,0.41095,33.655,0.40877,0.08113,0.4739,61.13,28.356,2123.25,GOOD,synthetic_physics
2537.7,26.3125,0.7017,0.33714,36.143,0.52356,0.08316,0.4541,114.76,26.684,1646.6,GOOD,synthetic_physics
2380.5,26.8125,0.9127,0.45562,39.641,0.38705,0.06293,0.4345,47.88,26.679,2241.11,MARGINAL,synthetic_physics
2200.8,33.0,0.4795,0.13866,28.668,0.73769,0.14897,0.5989,168.53,32.984,1168.62,REJECT,synthetic_physics
2445.0,27.75,0.9097,0.45083,44.0,0.46479,0.0523,0.4184,44.32,27.984,2272.75,MARGINAL,synthetic_physics
2367.6,37.375,1.1434,0.46597,44.0,0.43125,0.07573,0.4851,10.01,37.571,2577.73,MARGINAL,synthetic_physics
2415.2,32.4375,0.775,0.38063,35.746,0.50667,0.07399,0.4548,82.24,32.761,1935.64,GOOD,synthetic_physics
2218.5,42.375,0.3954,0.1844,24.506,0.71219,0.13162,0.643,193.46,42.599,946.99,REJECT,synthetic_physics
2445.8,33.6875,0.7374,0.35231,31.667,0.52583,0.08331,0.4571,105.9,33.694,1725.34,GOOD,synthetic_physics
2439.3,26.5,0.9162,0.4402,38.301,0.39798,0.0522,0.4451,50.48,26.365,2217.98,GOOD,synthetic_physics
2465.1,29.875,0.6954,0.24269,34.796,0.45968,0.06588,0.4071,133.72,29.729,1478.04,MARGINAL,synthetic_physics
2407.9,37.25,0.5922,0.20875,34.903,0.33146,0.04011,0.3524,146.17,37.337,1367.38,MARGINAL,synthetic_physics
2241.9,27.9375,0.6788,0.29615,32.22,0.64626,0.12778,0.5982,101.94,27.865,1760.51,REJECT,synthetic_physics
2490.1,31.125,0.8677,0.45438,41.341,0.32495,0.03297,0.3674,58.9,31.038,2143.08,MARGINAL,synthetic_physics
2482.1,29.8125,0.6181,0.32259,36.325,0.43066,0.06939,0.3972,131.15,29.931,1500.93,MARGINAL,synthetic_physics
2519.1,22.9375,0.9955,0.51335,44.0,0.27567,0.05327,0.3162,21.22,23.091,2478.02,REJECT,synthetic_physics
2387.8,26.625,0.9312,0.40971,41.085,0.41312,0.06591,0.4769,37.68,26.841,2331.75,MARGINAL,synthetic_physics
2490.9,33.5625,0.5639,0.28226,34.632,0.391,0.03286,0.3486,153.53,33.514,1302.0,REJECT,synthetic_physics
2413.6,24.875,0.3214,0.21522,29.534,0.45022,0.07261,0.4247,211.07,25.215,790.45,REJECT,synthetic_physics
2408.7,27.0625,0.875,0.46587,40.168,0.42007,0.07421,0.4528,37.83,27.276,2330.41,MARGINAL,synthetic_physics
2526.4,35.4375,0.5277,0.21083,33.037,0.48991,0.0748,0.3965,167.8,35.225,1175.12,REJECT,synthetic_physics
2515.9,21.125,0.9263,0.37795,41.018,0.43284,0.06032,0.4258,57.01,21.256,2159.9,GOOD,synthetic_physics
2344.2,34.3125,0.3791,0.26583,32.331,0.59413,0.08824,0.4617,191.15,34.026,967.55,REJECT,synthetic_physics
2510.3,35.9375,0.4755,0.2878,38.288,0.43681,0.05833,0.3202,182.8,36.002,1041.77,REJECT,synthetic_physics
2395.8,27.6875,0.3245,0.27211,28.608,0.48629,0.0875,0.4592,212.04,27.652,781.89,REJECT,synthetic_physics
2462.7,22.4375,0.6035,0.33541,34.463,0.48816,0.08656,0.4475,133.92,22.497,1476.31,MARGINAL,synthetic_physics
2457.1,27.875,0.8944,0.35453,38.33,0.55212,0.08195,0.4938,80.04,27.756,1955.24,GOOD,synthetic_physics
2362.0,32.8125,0.4396,0.26037,30.913,0.56435,0.1076,0.4551,171.37,32.4,1143.42,REJECT,synthetic_physics
2318.5,31.1875,0.8228,0.3552,42.627,0.52138,0.0855,0.4697,74.35,31.109,2005.75,GOOD,synthetic_physics
2441.0,28.5625,0.5512,0.20826,30.169,0.41525,0.07604,0.3986,151.57,28.559,1319.35,REJECT,synthetic_physics
2385.3,30.3125,0.7456,0.28455,36.31,0.52978,0.08119,0.4845,110.83,30.652,1681.52,GOOD,synthetic_physics
2367.6,37.125,1.7513,0.46168,43.798,0.44166,0.05891,0.3976,46.72,37.072,2251.42,MARGINAL,synthetic_physics
2391.0,35.1875,0.676,0.27078,37.619,0.46136,0.09219,0.4869,108.58,34.858,1701.48,GOOD,synthetic_physics
2349.9,34.5625,0.8132,0.40508,36.849,0.55254,0.06933,0.4856,83.23,34.406,1926.86,GOOD,synthetic_physics
2574.7,33.875,0.2606,0.29074,34.85,0.59045,0.05617,0.3537,218.82,33.652,721.59,REJECT,synthetic_physics
2261.2,27.5,0.5168,0.186,24.584,0.55848,0.11497,0.573,171.72,27.501,1140.31,REJECT,synthetic_physics
2413.6,34.6875,0.6688,0.34745,37.88,0.32654,0.07798,0.4274,122.19,34.761,1580.51,GOOD,synthetic_physics
2324.1,31.5625,0.9142,0.3904,40.769,0.49942,0.07372,0.4337,72.1,31.418,2025.73,GOOD,synthetic_physics
2258.8,33.3125,0.6462,0.33558,32.864,0.66328,0.13162,0.5767,115.87,33.067,1636.71,REJECT,synthetic_physics
2511.1,26.75,0.8149,0.37163,36.039,0.60384,0.07263,0.4328,92.73,26.819,1842.42,GOOD,synthetic_physics
2346.7,32.5625,1.0148,0.43376,39.849,0.505,0.07194,0.4802,37.53,32.746,2333.03,MARGINAL,synthetic_physics
2474.8,28.5625,0.9638,0.52692,42.577,0.35289,0.05718,0.4038,26.06,28.454,2435.07,MARGINAL,synthetic_physics
2404.7,31.375,0.8089,0.31245,38.317,0.45927,0.08936,0.4406,88.2,31.266,1882.7,GOOD,synthetic_physics
2392.6,23.875,0.712,0.3526,34.238,0.46367,0.08797,0.4518,107.76,23.684,1708.77,GOOD,synthetic_physics
2394.2,29.1875,0.678,0.31072,33.94,0.51522,0.08993,0.461,117.13,29.061,1625.48,GOOD,synthetic_physics
2421.6,39.0625,0.7929,0.38756,39.044,0.48206,0.0635,0.4201,80.07,38.833,1954.93,MARGINAL,synthetic_physics
2536.0,23.5,0.8999,0.53749,44.0,0.30234,0.03445,0.3603,26.54,23.271,2430.75,MARGINAL,synthetic_physics
2493.3,21.8125,0.6237,0.31274,33.884,0.41436,0.07887,0.31,125.85,21.563,1548.04,REJECT,synthetic_physics
2468.4,33.875,0.6768,0.3554,35.309,0.44736,0.05698,0.4023,97.81,33.628,1797.24,GOOD,synthetic_physics
2398.2,32.8125,0.7787,0.38819,37.111,0.49755,0.07016,0.4599,62.88,32.993,2107.69,GOOD,synthetic_physics
2216.1,30.3125,0.3446,0.1851,32.367,0.65046,0.14127,0.6245,219.91,30.156,711.9,REJECT,synthetic_physics
2382.9,23.8125,0.6672,0.30987,38.618,0.57884,0.08138,0.4696,107.69,23.389,1709.44,GOOD,synthetic_physics
2336.2,34.875,0.9272,0.34544,36.348,0.68714,0.11105,0.6082,58.78,34.711,2144.14,REJECT,synthetic_physics
2427.3,31.125,0.7379,0.29377,34.132,0.53293,0.11336,0.4982,104.78,31.246,1735.27,GOOD,synthetic_physics
2482.9,30.125,0.4761,0.23113,34.658,0.45824,0.07561,0.4204,174.61,30.165,1114.6,REJECT,synthetic_physics
2361.2,25.75,0.5518,0.30366,32.798,0.51206,0.06488,0.4534,133.17,25.794,1482.93,MARGINAL,synthetic_physics
2329.7,32.625,0.5863,0.26005,32.377,0.64415,0.07809,0.4867,122.01,32.638,1582.16,GOOD,synthetic_physics
2326.5,34.0625,0.699,0.33616,35.546,0.42625,0.07757,0.4551,101.39,33.886,1765.39,GOOD,synthetic_physics
2301.5,29.3125,1.0839,0.39404,41.76,0.41822,0.07464,0.5293,12.22,29.003,2558.05,MARGINAL,synthetic_physics
2390.2,26.4375,0.7136,0.40874,36.863,0.53251,0.07428,0.4685,74.8,26.007,2001.74,GOOD,synthetic_physics
2360.4,22.1875,0.4848,0.25019,27.292,0.64447,0.09818,0.4918,129.3,21.979,1517.37,MARGINAL,synthetic_physics
2315.2,35.875,0.7574,0.31826,35.539,0.53442,0.09966,0.4971,100.84,35.798,1770.29,MARGINAL,synthetic_physics
2549.7,22.875,0.7705,0.27865,34.61,0.4678,0.05329,0.402,116.51,22.393,1631.02,GOOD,synthetic_physics
2475.6,38.0,0.5594,0.28901,33.727,0.54811,0.06895,0.3331,140.48,37.979,1417.98,REJECT,synthetic_physics
2302.3,35.9375,0.7746,0.28104,33.944,0.65223,0.10936,0.5792,87.12,35.964,1892.31,REJECT,synthetic_physics
2290.3,30.9375,0.4702,0.16538,31.32,0.59295,0.10935,0.5397,147.81,30.879,1352.84,MARGINAL,synthetic_physics
2196.0,36.0,0.834,0.37883,36.081,0.67035,0.12398,0.6109,53.37,35.593,2192.3,REJECT,synthetic_physics
2353.9,22.5625,0.604,0.3033,29.928,0.5414,0.12876,0.5482,122.06,22.508,1581.7,MARGINAL,synthetic_physics
2412.7,33.8125,0.54,0.25146,33.194,0.4957,0.07014,0.4402,150.71,33.722,1327.01,REJECT,synthetic_physics
2465.1,39.4375,0.407,0.26358,35.416,0.47496,0.04966,0.3742,177.42,39.714,1089.63,REJECT,synthetic_physics
2368.4,35.375,0.7537,0.371,35.861,0.48201,0.04565,0.4594,88.81,34.796,1877.25,GOOD,synthetic_physics
2590.8,15.9375,1.0267,0.58423,40.965,0.4096,0.06122,0.3412,19.36,15.515,2494.61,REJECT,synthetic_physics
2305.6,39.0625,0.738,0.3199,39.228,0.60594,0.11449,0.5106,91.11,38.707,1856.84,MARGINAL,synthetic_physics
2492.5,25.6875,0.7331,0.41748,41.903,0.55488,0.0831,0.4416,79.6,25.744,1959.14,GOOD,synthetic_physics
2481.2,32.625,0.3263,0.31555,33.316,0.33649,0.05511,0.3327,201.85,32.616,872.42,REJECT,synthetic_physics
2445.8,28.375,0.636,0.31491,34.226,0.57262,0.06547,0.4152,140.93,28.319,1413.95,MARGINAL,synthetic_physics
2419.2,32.375,0.5387,0.18646,34.575,0.51359,0.10507,0.5085,147.11,32.356,1359.05,MARGINAL,synthetic_physics
2259.6,23.625,0.3266,0.22185,25.41,0.77281,0.12123,0.6475,204.69,23.22,847.16,REJECT,synthetic_physics
2461.1,33.5,0.8402,0.45797,39.392,0.42107,0.078,0.3716,53.43,33.564,2191.71,MARGINAL,synthetic_physics
2304.8,21.0,0.8728,0.40055,42.171,0.53369,0.07413,0.4724,63.84,20.659,2099.21,GOOD,synthetic_physics
2399.0,33.125,0.3866,0.30614,35.344,0.44268,0.07974,0.3871,192.12,33.068,958.97,REJECT,synthetic_physics
2460.3,33.375,0.9025,0.51345,43.441,0.46138,0.05807,0.4007,55.85,33.18,2170.19,GOOD,synthetic_physics
2346.7,35.625,0.9785,0.49913,43.925,0.39827,0.05746,0.4235,25.47,34.978,2440.23,MARGINAL,synthetic_physics
2414.4,17.5,1.2187,0.29504,34.191,0.49649,0.0866,0.4798,122.38,17.59,1578.85,GOOD,synthetic_physics
2304.8,34.9375,0.7774,0.3337,29.928,0.6222,0.08709,0.5351,87.91,34.817,1885.21,MARGINAL,synthetic_physics
2394.2,24.25,0.8866,0.38972,39.645,0.60382,0.11221,0.5663,42.47,24.112,2289.14,REJECT,synthetic_physics
2415.2,31.75,0.6854,0.29376,36.229,0.39453,0.06514,0.4032,111.17,31.38,1678.51,GOOD,synthetic_physics
2272.5,28.75,0.6511,0.25437,34.985,0.68274,0.13433,0.6399,115.13,28.79,1643.28,REJECT,synthetic_physics
2364.4,30.6875,0.5877,0.13578,29.681,0.55294,0.09121,0.4981,154.52,30.546,1293.19,REJECT,synthetic_physics
2382.9,25.6875,0.7451,0.36612,30.069,0.45454,0.0675,0.4694,112.46,25.508,1667.01,GOOD,synthetic_physics
2454.7,30.5,0.6795,0.30507,36.28,0.46657,0.07684,0.4473,108.91,30.861,1698.6,GOOD,synthetic_physics
2217.7,35.1875,0.579,0.19259,29.521,0.80803,0.13469,0.6343,141.48,35.083,1409.03,REJECT,synthetic_physics
2288.6,33.0,0.6962,0.26855,29.04,0.65986,0.11891,0.564,124.89,33.032,1556.55,REJECT,synthetic_physics
2449.8,34.8125,0.7422,0.38236,36.82,0.437,0.07705,0.4117,91.13,34.81,1856.65,GOOD,synthetic_physics
2426.4,33.6875,0.7216,0.40746,40.095,0.30722,0.05915,0.4074,60.51,33.804,2128.77,GOOD,synthetic_physics
2442.6,34.0,0.7362,0.38827,40.434,0.44995,0.06054,0.3937,82.22,33.917,1935.78,MARGINAL,synthetic_physics
2290.3,31.5,0.4712,0.21918,28.453,0.48133,0.10619,0.4942,164.29,31.638,1206.28,REJECT,synthetic_physics
2369.2,37.1875,0.5687,0.19783,35.547,0.51178,0.09073,0.4625,145.67,37.396,1371.86,MARGINAL,synthetic_physics
2367.6,29.5625,0.9007,0.45785,39.766,0.47316,0.04929,0.4143,52.64,29.384,2198.74,GOOD,synthetic_physics
2352.3,32.75,0.8378,0.35595,37.718,0.52641,0.07922,0.5321,51.18,32.931,2211.73,MARGINAL,synthetic_physics
2477.2,30.3125,0.3198,0.25919,35.845,0.367,0.06158,0.366,206.01,30.559,835.43,REJECT,synthetic_physics
2286.2,28.125,0.9149,0.48556,43.525,0.56396,0.09672,0.539,51.56,27.952,2208.33,MARGINAL,synthetic_physics
2518.3,26.4375,0.9093,0.45283,41.057,0.37346,0.06902,0.3027,49.93,26.479,2222.81,REJECT,synthetic_physics
2383.7,33.375,0.7592,0.3046,34.042,0.58895,0.09667,0.4939,113.76,33.576,1655.48,GOOD,synthetic_physics
2424.8,36.125,0.3511,0.26693,31.396,0.41331,0.07506,0.3385,211.4,36.115,787.52,REJECT,synthetic_physics
2216.9,27.375,0.6842,0.32498,34.912,0.62277,0.14639,0.5934,101.81,27.121,1761.69,REJECT,synthetic_physics
2399.0,38.125,0.6884,0.33201,31.346,0.44293,0.10129,0.4444,108.45,38.034,1702.71,MARGINAL,synthetic_physics
2448.2,33.3125,1.0342,0.46543,41.873,0.38463,0.06456,0.4054,42.76,33.171,2286.53,MARGINAL,synthetic_physics
2480.4,30.625,0.8252,0.3612,38.911,0.40372,0.09581,0.4313,68.88,30.864,2054.42,GOOD,synthetic_physics
2367.6,33.5625,0.901,0.41633,43.1,0.54358,0.06953,0.4841,59.51,33.225,2137.66,GOOD,synthetic_physics
2431.3,26.75,0.8477,0.33918,37.892,0.53557,0.09637,0.4951,71.1,26.602,2034.67,GOOD,synthetic_physics
2319.3,22.25,0.8375,0.3195,35.068,0.55351,0.0857,0.4846,98.12,22.22,1794.46,GOOD,synthetic_physics
2424.0,27.75,0.9931,0.37978,40.937,0.4272,0.06853,0.4578,42.06,27.937,2292.84,MARGINAL,synthetic_physics
2358.8,37.4375,1.1265,0.49755,42.89,0.54387,0.09381,0.5311,15.12,37.454,2532.23,MARGINAL,synthetic_physics
2356.3,31.6875,0.49,0.26506,33.797,0.41101,0.04322,0.3258,168.22,31.845,1171.41,REJECT,synthetic_physics
2453.0,36.75,0.7607,0.48955,36.871,0.47006,0.06401,0.3808,86.87,36.382,1894.49,MARGINAL,synthetic_physics
2429.7,21.75,0.6756,0.341,33.889,0.63443,0.10246,0.4928,103.4,22.099,1747.52,GOOD,synthetic_physics
2397.4,36.75,0.7544,0.41505,38.597,0.44774,0.05354,0.4056,96.78,36.775,1806.4,MARGINAL,synthetic_physics
2391.8,40.0625,0.6249,0.25522,37.665,0.48098,0.06233,0.3906,147.53,39.843,1355.31,MARGINAL,synthetic_physics
2200.8,27.875,0.3564,0.14499,30.56,0.65848,0.11636,0.6354,206.0,27.833,835.52,REJECT,synthetic_physics
2432.1,33.3125,0.9344,0.4288,43.593,0.38562,0.09875,0.4542,52.83,33.197,2197.06,GOOD,synthetic_physics
2522.3,26.25,0.3945,0.30627,30.334,0.48541,0.05269,0.3472,194.51,26.181,937.71,REJECT,synthetic_physics
2390.2,37.4375,0.971,0.55109,44.0,0.45666,0.04152,0.3769,28.71,37.649,2411.44,MARGINAL,synthetic_physics
2507.8,20.25,0.7755,0.44155,42.128,0.38908,0.05471,0.3854,79.28,20.463,1961.97,MARGINAL,synthetic_physics
2330.5,35.8125,0.911,0.5029,40.194,0.57657,0.08215,0.5173,25.03,35.907,2444.15,MARGINAL,synthetic_physics
2390.2,25.0625,0.6977,0.32852,32.439,0.52495,0.10739,0.4971,104.06,24.745,1741.7,GOOD,synthetic_physics
2464.3,35.125,0.5294,0.33123,33.599,0.34139,0.0499,0.3509,139.46,35.497,1427.01,MARGINAL,synthetic_physics
2251.6,34.6875,0.4451,0.20198,25.489,0.71622,0.12728,0.6385,176.52,34.77,1097.61,REJECT,synthetic_physics
2417.6,22.875,0.8483,0.43316,39.95,0.45173,0.07027,0.4647,52.05,22.696,2204.04,GOOD,synthetic_physics
2425.6,27.0,1.0335,0.63234,44.0,0.43609,0.0237,0.3522,20.72,26.882,2482.47,MARGINAL,synthetic_physics
2245.9,30.5,0.74,0.31712,35.592,0.55142,0.09603,0.5331,100.74,30.673,1771.21,MARGINAL,synthetic_physics
2303.2,25.875,0.8549,0.43115,39.774,0.51964,0.1017,0.5196,64.1,25.869,2096.88,MARGINAL,synthetic_physics
2361.2,29.3125,0.6537,0.2748,34.074,0.49707,0.08527,0.4752,114.31,29.201,1650.58,GOOD,synthetic_physics
2474.0,32.75,0.7963,0.36526,37.577,0.42351,0.07207,0.4325,84.8,32.683,1912.9,GOOD,synthetic_physics
2394.2,24.0,0.8122,0.41494,39.072,0.49476,0.06486,0.4357,66.27,24.041,2077.57,GOOD,synthetic_physics
2317.7,22.0625,0.4186,0.13251,30.527,0.49527,0.10399,0.5174,191.86,22.006,961.24,REJECT,synthetic_physics
2463.5,19.3125,0.8414,0.37591,44.0,0.53377,0.05728,0.4083,76.63,19.347,1985.55,GOOD,synthetic_physics
2354.7,30.3125,0.829,0.33574,42.203,0.54398,0.1143,0.4925,72.55,30.409,2021.79,GOOD,synthetic_physics
2436.1,29.8125,0.8892,0.41252,38.489,0.45447,0.0677,0.4256,79.21,29.99,1962.61,GOOD,synthetic_physics
2366.8,35.375,0.3636,0.28582,28.515,0.54242,0.08326,0.4658,202.51,35.307,866.58,REJECT,synthetic_physics
2406.3,28.25,0.7236,0.39618,39.418,0.5006,0.08572,0.5146,76.52,27.793,1986.49,MARGINAL,synthetic_physics
2375.7,30.625,1.0585,0.4586,43.745,0.48515,0.04626,0.4209,20.5,30.739,2484.42,MARGINAL,synthetic_physics
2478.8,27.125,0.9651,0.4277,42.666,0.48393,0.07989,0.4658,43.53,27.281,2279.76,MARGINAL,synthetic_physics
2424.0,31.875,0.8913,0.31013,42.678,0.3264,0.05498,0.419,69.44,32.167,2049.38,GOOD,synthetic_physics
2302.3,38.25,0.6445,0.22979,31.209,0.80061,0.13007,0.6498,130.73,38.454,1504.59,REJECT,synthetic_physics
2407.1,31.5,0.9536,0.48225,41.079,0.37045,0.05392,0.3819,63.56,31.268,2101.68,MARGINAL,synthetic_physics
2222.6,26.625,0.404,0.20141,31.129,0.72092,0.12375,0.6163,189.65,26.36,980.85,REJECT,synthetic_physics
2274.9,22.9375,0.4041,0.15421,24.972,0.74488,0.12428,0.6251,183.28,22.628,1037.52,REJECT,synthetic_physics
2300.7,33.0,0.4321,0.17082,30.486,0.69733,0.1083,0.5503,188.66,32.793,989.67,REJECT,synthetic_physics
2477.2,30.0625,0.7275,0.39138,40.056,0.3801,0.06701,0.4215,73.16,30.034,2016.36,GOOD,synthetic_physics
2413.6,28.875,0.2906,0.15225,30.859,0.53192,0.08807,0.4737,218.19,29.142,727.2,REJECT,synthetic_physics
2476.4,26.75,0.621,0.34296,29.841,0.5247,0.08123,0.4323,125.63,26.513,1549.92,MARGINAL,synthetic_physics
2434.5,36.875,0.8943,0.42635,43.582,0.40982,0.04477,0.3678,43.45,36.739,2280.46,MARGINAL,synthetic_physics
2498.2,24.0625,0.8787,0.43974,40.684,0.4248,0.06728,0.4052,54.87,24.169,2178.92,GOOD,synthetic_physics
2485.3,28.125,0.6327,0.29947,32.384,0.37721,0.07015,0.4353,124.58,27.77,1559.33,GOOD,synthetic_physics
2341.0,29.0625,0.6795,0.27248,33.639,0.59256,0.07405,0.4756,112.4,28.663,1667.59,GOOD,synthetic_physics
2320.1,28.3125,0.602,0.27659,31.63,0.61123,0.12874,0.5294,127.69,28.586,1531.61,MARGINAL,synthetic_physics
2238.7,22.1875,0.6259,0.23881,33.153,0.66138,0.10055,0.6072,124.24,22.315,1562.32,REJECT,synthetic_physics
2436.1,26.3125,0.6323,0.33017,39.339,0.42369,0.06746,0.4278,114.8,26.353,1646.23,GOOD,synthetic_physics
2378.9,18.9375,0.7608,0.32289,38.372,0.48391,0.09403,0.5165,84.77,18.779,1913.14,MARGINAL,synthetic_physics
2420.0,28.0625,0.592,0.30205,35.031,0.39067,0.08066,0.4009,131.46,27.967,1498.14,MARGINAL,synthetic_physics
2431.3,26.625,1.2207,0.30481,38.273,0.51597,0.0628,0.4386,84.96,26.549,1911.45,GOOD,synthetic_physics
2406.3,21.5,0.8511,0.45931,37.374,0.50058,0.06576,0.4224,73.29,21.584,2015.21,GOOD,synthetic_physics
2472.4,31.3125,0.741,0.35554,37.076,0.41372,0.09468,0.4293,89.12,31.449,1874.48,GOOD,synthetic_physics
2506.2,33.0,0.3495,0.28666,33.03,0.37063,0.05094,0.3012,209.49,33.559,804.49,REJECT,synthetic_physics
2443.4,28.0625,0.9581,0.4905,44.0,0.32991,0.04581,0.4025,28.65,27.915,2411.98,MARGINAL,synthetic_physics
2384.5,29.1875,0.3397,0.19217,30.688,0.52389,0.08342,0.4338,202.96,29.224,862.58,REJECT,synthetic_physics
2277.4,31.5625,0.5174,0.11869,21.561,0.74209,0.14339,0.6351,158.14,31.506,1260.97,REJECT,synthetic_physics
2256.4,26.5625,0.2812,0.18722,26.331,0.6082,0.10702,0.5324,216.83,26.731,739.25,REJECT,synthetic_physics
2366.8,31.4375,1.0968,0.52373,44.0,0.39897,0.07026,0.4287,12.09,31.786,2559.18,MARGINAL,synthetic_physics
2345.1,32.6875,0.4383,0.25367,31.633,0.55434,0.10222,0.4909,172.23,32.561,1135.77,REJECT,synthetic_physics
2395.8,37.875,0.7481,0.34332,37.547,0.41091,0.05212,0.4191,95.54,37.953,1817.44,MARGINAL,synthetic_physics
2463.5,19.4375,0.9463,0.46541,38.91,0.46748,0.05197,0.4089,50.13,19.638,2221.04,GOOD,synthetic_physics
2291.1,31.9375,0.976,0.45825,39.389,0.45105,0.11467,0.5632,19.18,31.684,2496.19,REJECT,synthetic_physics
2516.7,33.3125,0.766,0.39178,42.062,0.3886,0.04178,0.3671,78.6,33.391,1967.98,MARGINAL,synthetic_physics
2394.2,38.9375,0.966,0.45467,40.384,0.38259,0.06887,0.4891,28.86,39.044,2410.17,MARGINAL,synthetic_physics
2434.5,26.3125,0.3218,0.16927,31.465,0.53581,0.06652,0.4927,211.94,26.356,782.71,REJECT,synthetic_physics
2491.7,31.75,1.049,0.48886,44.0,0.23485,0.03017,0.36,35.69,31.655,2349.4,MARGINAL,synthetic_physics
2416.0,28.25,1.0223,0.43591,43.265,0.44425,0.06999,0.4431,45.72,28.131,2260.25,MARGINAL,synthetic_physics
2301.5,19.5,0.9129,0.38589,38.652,0.56414,0.09137,0.522,54.92,19.848,2178.46,MARGINAL,synthetic_physics
2475.6,23.875,1.0311,0.53871,44.0,0.44207,0.08026,0.4622,28.17,24.43,2416.24,MARGINAL,synthetic_physics
2334.6,30.1875,0.7352,0.38118,36.349,0.42781,0.08599,0.4779,94.78,29.853,1824.17,GOOD,synthetic_physics
2504.6,32.8125,0.884,0.44225,43.24,0.48774,0.06824,0.4049,56.67,32.774,2162.95,GOOD,synthetic_physics
2428.9,31.0,0.4816,0.2846,30.004,0.54627,0.0978,0.4349,162.1,31.113,1225.73,REJECT,synthetic_physics
2554.6,28.3125,0.4726,0.30237,36.754,0.45443,0.05589,0.3215,173.43,28.31,1125.07,REJECT,synthetic_physics
2424.8,36.75,0.8328,0.41359,37.003,0.48809,0.07004,0.4524,85.88,36.709,1903.29,MARGINAL,synthetic_physics
2366.8,33.25,0.9265,0.40406,36.502,0.39248,0.06302,0.4604,55.37,33.49,2174.5,GOOD,synthetic_physics
2399.0,28.625,0.8357,0.38715,40.02,0.41644,0.05938,0.4544,50.57,28.45,2217.14,GOOD,synthetic_physics
2333.8,32.4375,0.9074,0.382,39.367,0.46473,0.07287,0.4765,47.26,32.423,2246.55,MARGINAL,synthetic_physics
2449.8,34.0,0.4294,0.1987,33.707,0.52846,0.07905,0.4596,170.24,34.102,1153.47,REJECT,synthetic_physics
2360.4,24.5,0.7843,0.35451,44.0,0.41079,0.04658,0.4006,75.05,24.812,1999.59,GOOD,synthetic_physics
2489.3,29.5,0.6373,0.29348,34.748,0.35674,0.07739,0.3515,125.85,29.678,1548.03,MARGINAL,synthetic_physics
2439.3,24.375,1.0161,0.60221,44.0,0.32638,0.0322,0.3571,22.52,24.467,2466.49,MARGINAL,synthetic_physics
2434.5,31.625,0.4006,0.23532,29.295,0.45031,0.08601,0.4366,192.45,31.473,956.04,REJECT,synthetic_physics
2362.8,28.0625,0.8692,0.45834,36.572,0.52539,0.07187,0.5006,46.35,27.814,2254.7,MARGINAL,synthetic_physics
2410.3,28.6875,0.6675,0.35419,40.897,0.45523,0.05538,0.4277,100.53,28.84,1773.05,GOOD,synthetic_physics
2342.6,22.5,0.5605,0.2115,32.218,0.6198,0.09505,0.5226,159.21,22.437,1251.51,REJECT,synthetic_physics
2466.7,21.0625,0.8011,0.38747,39.759,0.44541,0.07475,0.3935,79.05,21.3,1964.04,MARGINAL,synthetic_physics
2559.4,26.625,0.8839,0.52382,44.0,0.33196,0.0485,0.3077,43.19,26.445,2282.8,REJECT,synthetic_physics
2375.7,35.5625,0.6915,0.20439,32.247,0.57017,0.09439,0.4904,116.9,35.255,1627.59,MARGINAL,synthetic_physics
2269.3,28.0,0.8138,0.39594,38.165,0.60795,0.09244,0.5109,59.87,28.102,2134.51,MARGINAL,synthetic_physics
2426.4,31.5,1.1083,0.54668,44.0,0.35929,0.03553,0.349,18.43,31.397,2502.82,REJECT,synthetic_physics
2153.3,39.875,0.3796,0.15623,29.718,0.66936,0.14589,0.6355,192.14,40.042,958.73,REJECT,synthetic_physics
2524.8,40.875,0.5549,0.23407,32.276,0.393,0.06128,0.307,144.32,40.761,1383.85,REJECT,synthetic_physics
2497.4,18.875,0.8768,0.45464,40.65,0.45612,0.04089,0.3894,42.06,19.095,2292.84,MARGINAL,synthetic_physics
2452.2,33.5625,0.6506,0.25669,34.953,0.52076,0.09338,0.4715,115.83,33.757,1637.08,GOOD,synthetic_physics
2366.8,36.6875,1.0805,0.4766,44.0,0.416,0.05671,0.4851,11.47,36.776,2564.71,MARGINAL,synthetic_physics
2349.9,26.5625,0.7815,0.3624,33.2,0.5477,0.09545,0.4841,102.87,26.826,1752.23,GOOD,synthetic_physics
2492.5,23.875,0.8218,0.38297,38.861,0.46677,0.07318,0.4335,79.21,23.518,1962.56,GOOD,synthetic_physics
2429.7,26.625,0.6139,0.28883,32.861,0.49934,0.0885,0.4656,133.84,26.791,1476.99,MARGINAL,synthetic_physics
2426.4,29.0,0.2793,0.18679,30.919,0.39481,0.08434,0.3964,218.91,29.303,720.77,REJECT,synthetic_physics
2420.0,24.1875,0.9697,0.45215,42.151,0.42385,0.0889,0.4311,46.68,23.991,2251.77,MARGINAL,synthetic_physics
2376.5,24.4375,0.9409,0.45678,41.771,0.40588,0.0646,0.427,57.71,24.266,2153.65,GOOD,synthetic_physics
2148.4,30.9375,0.4295,0.17035,30.979,0.67873,0.13626,0.5987,159.09,30.785,1252.5,REJECT,synthetic_physics
2369.2,30.8125,0.662,0.37592,33.003,0.47342,0.07769,0.4405,111.99,30.885,1671.16,GOOD,synthetic_physics
2255.6,21.3125,0.942,0.35584,36.774,0.70069,0.13992,0.6166,41.25,21.46,2299.97,REJECT,synthetic_physics
2300.7,23.3125,0.6753,0.35244,36.28,0.57391,0.08769,0.4896,115.2,23.289,1642.7,GOOD,synthetic_physics
2486.1,30.0,0.9991,0.59783,42.614,0.40489,0.06848,0.3867,19.26,29.801,2495.49,MARGINAL,synthetic_physics
2274.9,34.9375,0.8788,0.41323,38.343,0.47115,0.06815,0.453,62.6,34.786,2110.21,GOOD,synthetic_physics
2426.4,21.9375,0.7554,0.40452,39.343,0.42806,0.05786,0.3798,85.11,21.957,1910.15,MARGINAL,synthetic_physics
2432.1,29.125,0.8008,0.40861,38.457,0.42532,0.05586,0.4048,84.11,29.467,1918.99,GOOD,synthetic_physics
2399.0,36.125,0.9306,0.47384,41.089,0.29649,0.04541,0.3942,37.58,36.458,2332.67,MARGINAL,synthetic_physics
2412.7,33.25,0.8623,0.35429,43.884,0.38616,0.09176,0.4274,73.11,33.223,2016.77,GOOD,synthetic_physics
2326.5,24.75,0.5028,0.25312,31.044,0.60097,0.10313,0.527,155.49,24.492,1284.52,REJECT,synthetic_physics
2326.5,26.5,0.9398,0.48761,36.791,0.46792,0.05824,0.4569,56.45,26.5,2164.91,GOOD,synthetic_physics
2375.7,30.3125,0.3268,0.26054,29.468,0.48794,0.07768,0.3969,206.75,30.448,828.91,REJECT,synthetic_physics
2406.3,28.3125,0.8144,0.32506,39.171,0.50609,0.09262,0.4428,91.64,27.776,1852.06,GOOD,synthetic_physics
2478.0,27.625,0.9594,0.52076,39.441,0.37384,0.02561,0.3568,42.3,27.491,2290.62,MARGINAL,synthetic_physics
2198.4,29.5625,0.8342,0.38705,37.751,0.66002,0.1269,0.6193,61.59,29.896,2119.24,REJECT,synthetic_physics
2172.6,48.1875,0.5617,0.20282,31.117,0.65575,0.11974,0.594,153.53,48.0,1302.0,REJECT,synthetic_physics
2219.3,34.6875,1.0888,0.44051,37.206,0.5728,0.11121,0.5777,23.9,34.81,2454.21,REJECT,synthetic_physics
2302.3,47.3125,0.4689,0.20558,31.693,0.51481,0.10622,0.4716,180.97,47.219,1058.02,REJECT,synthetic_physics
2561.0,28.4375,0.8006,0.44426,44.0,0.40445,0.05077,0.3551,63.83,28.602,2099.27,MARGINAL,synthetic_physics
2526.4,31.625,1.0184,0.54443,44.0,0.30549,0.04067,0.3574,27.77,31.644,2419.8,MARGINAL,synthetic_physics
2457.1,33.125,0.6424,0.33965,34.65,0.50818,0.07881,0.4122,98.91,33.578,1787.48,GOOD,synthetic_physics
2398.2,26.3125,0.6271,0.33734,37.719,0.50199,0.08092,0.4035,114.18,26.069,1651.72,GOOD,synthetic_physics
2341.8,27.9375,0.8606,0.40926,34.601,0.49709,0.09487,0.4937,71.11,27.799,2034.57,GOOD,synthetic_physics
2354.7,30.1875,0.7021,0.31313,33.714,0.56211,0.07452,0.4757,104.05,30.243,1741.79,GOOD,synthetic_physics
2431.3,22.25,0.7164,0.37898,36.922,0.52812,0.06913,0.4419,103.54,22.392,1746.33,GOOD,synthetic_physics
2263.7,36.8125,0.3837,0.19817,31.121,0.61974,0.10523,0.5309,178.81,37.208,1077.27,REJECT,synthetic_physics
2432.9,30.375,0.6068,0.23036,32.611,0.41307,0.07652,0.4107,129.74,30.468,1513.4,MARGINAL,synthetic_physics
2499.8,28.5625,0.861,0.41903,40.616,0.31336,0.06338,0.4143,63.49,28.526,2102.32,GOOD,synthetic_physics
2370.0,33.0,0.8277,0.33336,39.06,0.49368,0.05745,0.4672,69.23,32.964,2051.32,GOOD,synthetic_physics
2248.4,33.5625,0.5619,0.14649,24.125,0.68172,0.13093,0.6408,157.34,33.373,1268.09,REJECT,synthetic_physics
2521.5,19.75,0.7701,0.3249,40.001,0.38883,0.06371,0.3131,93.36,19.947,1836.77,REJECT,synthetic_physics
2281.4,39.5625,0.9195,0.48683,41.246,0.55093,0.07573,0.513,38.47,39.691,2324.71,MARGINAL,synthetic_physics
2274.1,29.3125,0.7447,0.30075,38.047,0.61152,0.10379,0.489,100.06,29.133,1777.2,GOOD,synthetic_physics
2379.7,31.25,0.9821,0.47891,41.442,0.43188,0.06116,0.4432,29.92,31.115,2400.68,MARGINAL,synthetic_physics
2428.1,28.0,0.6223,0.36406,34.19,0.42506,0.09141,0.469,99.11,27.871,1785.67,GOOD,synthetic_physics
2421.6,26.3125,0.6557,0.27235,33.607,0.58646,0.0927,0.4626,116.69,26.253,1629.43,GOOD,synthetic_physics
2330.5,30.3125,1.0927,0.48945,39.034,0.50484,0.07193,0.4636,15.24,30.162,2531.18,MARGINAL,synthetic_physics
2421.6,34.0625,0.9005,0.43115,38.398,0.40876,0.04674,0.4105,54.05,34.247,2186.19,GOOD,synthetic_physics
2302.3,32.5,0.9649,0.38516,38.678,0.59986,0.08578,0.4784,70.79,32.212,2037.38,GOOD,synthetic_physics
2469.2,30.4375,0.7578,0.43151,40.928,0.35255,0.0254,0.3697,78.19,30.577,1971.69,MARGINAL,synthetic_physics
2298.3,16.125,0.8153,0.31488,37.288,0.66228,0.11804,0.6064,60.63,16.169,2127.77,REJECT,synthetic_physics
2298.3,26.25,1.0281,0.38157,40.36,0.69039,0.10449,0.6436,31.63,25.979,2385.49,REJECT,synthetic_physics
2486.9,26.8125,0.7293,0.44459,37.356,0.41599,0.06718,0.4003,90.59,26.695,1861.39,GOOD,synthetic_physics
2382.9,31.6875,0.8235,0.39494,42.667,0.41983,0.04699,0.4175,79.93,31.726,1956.16,GOOD,synthetic_physics
2336.2,26.375,0.6993,0.31339,34.393,0.45195,0.06842,0.48,94.66,26.2,1825.2,GOOD,synthetic_physics
2462.7,31.0,0.5392,0.27701,28.139,0.45647,0.06068,0.3759,149.82,31.078,1334.91,MARGINAL,synthetic_physics
2432.9,28.5625,0.9395,0.4224,39.34,0.5105,0.0772,0.4852,50.55,28.182,2217.3,GOOD,synthetic_physics
2510.3,26.875,0.6557,0.30308,31.107,0.46535,0.06812,0.442,128.82,26.464,1521.6,MARGINAL,synthetic_physics
2241.9,26.375,0.9016,0.34583,39.243,0.65348,0.10342,0.606,44.96,26.202,2267.04,REJECT,synthetic_physics
2270.9,33.625,0.7003,0.22978,32.58,0.69288,0.10934,0.5584,119.72,33.486,1602.47,REJECT,synthetic_physics
2302.3,25.625,0.5775,0.18393,31.758,0.69594,0.13281,0.6324,160.61,25.373,1238.99,REJECT,synthetic_physics
2344.2,31.0625,0.6004,0.24712,35.702,0.65819,0.09996,0.5169,134.17,30.766,1474.05,MARGINAL,synthetic_physics
2422.4,35.75,0.767,0.3637,36.141,0.47106,0.06396,0.4119,92.14,35.758,1847.68,MARGINAL,synthetic_physics
2444.2,23.6875,0.771,0.28717,33.595,0.43819,0.07528,0.5347,96.18,23.624,1811.71,MARGINAL,synthetic_physics
2245.1,24.75,0.7951,0.3951,35.017,0.64408,0.10267,0.6056,63.54,24.805,2101.91,REJECT,synthetic_physics
2297.5,33.9375,0.4355,0.25602,29.279,0.6515,0.11754,0.5695,183.36,34.329,1036.84,REJECT,synthetic_physics
2424.8,29.25,0.5232,0.22978,31.602,0.44139,0.05818,0.4308,176.89,28.703,1094.34,REJECT,synthetic_physics
2445.0,17.6875,0.7269,0.34988,37.548,0.48103,0.05664,0.4332,117.08,17.808,1625.97,GOOD,synthetic_physics
2503.0,21.875,0.7159,0.37355,38.088,0.4437,0.05195,0.4072,86.35,21.795,1899.12,GOOD,synthetic_physics
2399.0,31.125,0.6497,0.3291,33.666,0.59011,0.07145,0.4785,118.66,30.681,1611.95,GOOD,synthetic_physics
2309.6,34.75,1.0428,0.41971,43.082,0.45736,0.10508,0.5514,18.98,34.093,2497.92,REJECT,synthetic_physics
2504.6,38.6875,0.9429,0.50312,44.0,0.40085,0.0129,0.3225,42.62,38.717,2287.8,REJECT,synthetic_physics
2416.0,22.3125,0.361,0.21588,30.175,0.57108,0.06615,0.4611,199.74,22.177,891.21,REJECT,synthetic_physics
2487.7,29.0625,0.3186,0.30051,28.271,0.41588,0.06343,0.3447,210.93,28.838,791.73,REJECT,synthetic_physics
2445.8,29.25,0.4521,0.33784,34.205,0.41069,0.08059,0.3538,192.37,29.798,956.76,REJECT,synthetic_physics
2374.9,32.5,0.9639,0.48974,44.0,0.44883,0.06707,0.4008,39.31,32.681,2317.2,MARGINAL,synthetic_physics
2507.8,18.5625,0.5735,0.31225,35.112,0.39261,0.05172,0.3177,134.96,18.809,1467.04,REJECT,synthetic_physics
2188.7,34.0,0.446,0.1719,29.7,0.73713,0.12437,0.6201,165.96,34.223,1191.43,REJECT,synthetic_physics
2307.2,23.0625,0.6957,0.33914,36.371,0.6456,0.08233,0.5053,94.07,22.943,1830.46,MARGINAL,synthetic_physics
2263.7,24.0,0.3697,0.15733,26.476,0.66609,0.11204,0.5864,194.51,24.206,937.66,REJECT,synthetic_physics
2356.3,23.5625,0.8706,0.4673,37.667,0.58834,0.09197,0.4843,58.31,23.22,2148.37,GOOD,synthetic_physics
2304.8,27.1875,0.9295,0.39639,36.785,0.52891,0.07906,0.4749,80.79,26.956,1948.57,GOOD,synthetic_physics
2308.0,29.9375,1.0211,0.42876,43.847,0.51738,0.08534,0.5388,12.65,29.972,2554.19,MARGINAL,synthetic_physics
2273.3,30.125,0.8789,0.46621,38.728,0.4885,0.10554,0.5295,26.72,29.948,2429.18,MARGINAL,synthetic_physics
2279.0,33.3125,0.5094,0.15355,28.265,0.72329,0.11851,0.5825,149.61,33.219,1336.81,REJECT,synthetic_physics
2291.9,32.375,0.815,0.324,37.539,0.53197,0.08499,0.5278,75.15,32.215,1998.66,MARGINAL,synthetic_physics
2468.4,34.4375,0.8284,0.46043,41.418,0.5211,0.07406,0.4566,79.49,33.924,1960.12,GOOD,synthetic_physics
2444.2,24.4375,0.6182,0.24038,35.576,0.54545,0.05272,0.3896,137.21,24.432,1447.01,MARGINAL,synthetic_physics
2450.6,32.5,0.6739,0.35223,38.208,0.44247,0.04835,0.3703,93.96,32.262,1831.48,MARGINAL,synthetic_physics
2416.8,25.3125,0.6435,0.32456,39.358,0.4581,0.07129,0.4199,98.02,25.093,1795.41,GOOD,synthetic_physics
2393.4,29.0625,0.7712,0.4418,40.36,0.48078,0.0668,0.4829,69.55,29.087,2048.44,GOOD,synthetic_physics
2420.8,27.375,1.0213,0.48979,42.976,0.38613,0.07449,0.4202,22.39,27.368,2467.64,MARGINAL,synthetic_physics
2108.1,28.0625,0.5456,0.1588,26.717,0.76689,0.11463,0.6412,160.63,28.351,1238.81,REJECT,synthetic_physics
2494.9,29.1875,0.5475,0.32337,34.148,0.39037,0.08733,0.4047,132.59,28.926,1488.06,MARGINAL,synthetic_physics
2308.0,29.375,0.7733,0.37757,40.028,0.48501,0.08378,0.4413,80.91,29.692,1947.43,GOOD,synthetic_physics
2413.6,36.5625,0.9095,0.46061,42.921,0.3549,0.04935,0.3983,49.92,36.299,2222.97,MARGINAL,synthetic_physics
2422.4,38.0625,0.5793,0.23484,30.965,0.41141,0.07398,0.4109,142.13,37.966,1403.28,MARGINAL,synthetic_physics
2317.7,32.5625,0.9589,0.48131,44.0,0.4711,0.06568,0.4621,38.62,32.618,2323.38,MARGINAL,synthetic_physics
2413.6,30.875,0.9304,0.39755,40.452,0.45418,0.06958,0.4371,51.6,30.957,2207.98,GOOD,synthetic_physics
2362.8,22.3125,0.4027,0.2853,31.635,0.41467,0.03983,0.3364,173.29,22.638,1126.33,REJECT,synthetic_physics
2384.5,32.375,0.3065,0.28331,33.357,0.51434,0.07534,0.4437,208.31,32.534,815.03,REJECT,synthetic_physics
2341.8,30.5,0.5696,0.27885,34.832,0.41502,0.06385,0.3907,143.06,30.889,1395.05,MARGINAL,synthetic_physics
2503.8,27.875,0.7521,0.34199,39.358,0.50033,0.02319,0.3439,104.67,27.814,1736.29,REJECT,synthetic_physics
2315.2,30.9375,0.5742,0.19627,29.752,0.62078,0.11794,0.5636,138.39,31.216,1436.57,REJECT,synthetic_physics
2399.9,37.0625,0.8882,0.35988,37.044,0.4035,0.05773,0.4238,72.18,37.21,2025.03,MARGINAL,synthetic_physics
2339.4,25.3125,0.798,0.38868,33.723,0.56699,0.10148,0.4973,83.89,25.291,1920.98,GOOD,synthetic_physics
2342.6,33.75,0.8165,0.44388,36.8,0.54807,0.07635,0.4934,60.88,33.535,2125.51,GOOD,synthetic_physics
2395.0,31.3125,0.8008,0.43758,35.531,0.3629,0.06394,0.4176,64.42,31.146,2094.08,GOOD,synthetic_physics
2381.3,39.375,0.7909,0.38371,39.433,0.5602,0.10957,0.5261,59.6,39.537,2136.86,MARGINAL,synthetic_physics
2207.3,38.625,0.6493,0.21402,34.167,0.79389,0.12336,0.6171,122.83,38.851,1574.84,REJECT,synthetic_physics
2504.6,34.4375,0.4156,0.24688,33.472,0.37465,0.07344,0.3127,194.04,34.634,941.89,REJECT,synthetic_physics
2282.2,32.4375,0.7811,0.30148,34.672,0.54165,0.09625,0.4849,95.36,32.435,1819.06,GOOD,synthetic_physics
2305.6,22.0625,0.5805,0.26726,28.172,0.63014,0.11996,0.5798,140.18,22.278,1420.61,REJECT,synthetic_physics
2411.1,24.625,0.9103,0.39374,44.0,0.42109,0.06645,0.4206,51.5,25.028,2208.89,GOOD,synthetic_physics
2257.2,27.625,0.3033,0.14656,28.596,0.63811,0.09399,0.5342,213.62,27.55,767.84,REJECT,synthetic_physics
2312.8,31.8125,0.7307,0.3185,38.585,0.48683,0.08865,0.4783,91.19,31.808,1856.11,GOOD,synthetic_physics
2489.3,29.9375,0.6448,0.33169,35.744,0.46951,0.04709,0.3291,130.8,29.686,1504.03,REJECT,synthetic_physics
2472.4,34.0,0.7697,0.39968,43.654,0.50095,0.04775,0.4134,73.95,33.775,2009.36,GOOD,synthetic_physics
2333.8,27.375,0.9701,0.5351,40.02,0.56405,0.10451,0.4694,33.19,27.304,2371.61,MARGINAL,synthetic_physics
2441.8,29.8125,0.5524,0.26273,37.576,0.50119,0.05915,0.3997,144.94,29.848,1378.27,MARGINAL,synthetic_physics
2489.3,32.0625,0.4964,0.21384,32.984,0.38081,0.06238,0.3447,168.77,32.36,1166.5,REJECT,synthetic_physics
2352.3,33.375,1.0513,0.47167,42.451,0.46084,0.08354,0.5225,15.78,33.243,2526.43,MARGINAL,synthetic_physics
2494.1,32.8125,0.5495,0.24766,31.315,0.43623,0.05819,0.374,152.61,33.251,1310.12,REJECT,synthetic_physics
2465.9,36.5,0.9615,0.42817,39.352,0.45207,0.06216,0.4147,50.14,36.968,2221.01,MARGINAL,synthetic_physics
2426.4,33.1875,0.7833,0.41415,35.689,0.46957,0.09472,0.4785,74.56,33.033,2003.91,GOOD,synthetic_physics
2216.9,32.9375,0.5203,0.2433,25.993,0.63613,0.12427,0.6148,161.31,32.709,1232.8,REJECT,synthetic_physics
2267.7,35.4375,0.4304,0.21801,33.299,0.67179,0.11313,0.5445,190.16,35.261,976.36,REJECT,synthetic_physics
2397.4,23.875,0.7875,0.3305,36.373,0.48287,0.05987,0.4636,81.39,24.039,1943.2,GOOD,synthetic_physics
2573.9,30.5,0.5572,0.26629,35.702,0.4105,0.05619,0.3194,123.56,30.431,1568.38,REJECT,synthetic_physics
2350.7,40.875,0.8067,0.392,38.118,0.45826,0.081,0.4645,84.64,40.817,1914.31,REJECT,synthetic_physics
2384.5,16.25,0.7718,0.34351,38.432,0.37566,0.08749,0.4608,100.87,16.39,1770.03,GOOD,synthetic_physics
2386.2,30.625,0.6279,0.26773,34.788,0.39486,0.07929,0.4175,124.98,30.958,1555.73,GOOD,synthetic_physics
2459.5,29.625,0.7697,0.43115,37.097,0.31819,0.06035,0.3828,71.49,29.661,2031.19,MARGINAL,synthetic_physics
2284.6,41.5,0.9854,0.49792,41.238,0.44282,0.07883,0.4553,33.86,41.244,2365.68,REJECT,synthetic_physics
2318.5,29.5,0.5709,0.29404,33.18,0.54956,0.07818,0.481,109.38,29.411,1694.4,GOOD,synthetic_physics
2358.8,36.25,0.879,0.37035,42.796,0.51963,0.07986,0.5013,48.69,36.183,2233.9,MARGINAL,synthetic_physics
2522.3,31.0625,0.5697,0.29499,31.544,0.46783,0.07032,0.3012,165.82,30.888,1192.71,REJECT,synthetic_physics
2236.3,25.75,0.6451,0.18519,28.191,0.76726,0.13001,0.6315,122.33,25.73,1579.25,REJECT,synthetic_physics
2331.4,32.5,1.0755,0.42653,43.804,0.50769,0.08501,0.5352,24.16,32.263,2451.87,MARGINAL,synthetic_physics
2429.7,31.1875,0.7939,0.38503,39.71,0.36331,0.07045,0.3808,95.11,31.503,1821.21,MARGINAL,synthetic_physics
2262.1,31.1875,0.8912,0.37355,37.842,0.49799,0.10311,0.5355,66.9,30.611,2072.03,MARGINAL,synthetic_physics
2465.9,23.75,0.9248,0.46138,37.154,0.39079,0.06219,0.4469,48.1,23.778,2239.08,MARGINAL,synthetic_physics
2384.5,41.3125,0.4903,0.28161,39.77,0.52178,0.09655,0.4269,142.78,41.287,1397.48,REJECT,synthetic_physics
2544.1,24.3125,0.8334,0.45693,44.0,0.32191,0.04466,0.352,62.45,24.438,2111.56,MARGINAL,synthetic_physics
2483.7,27.5,0.8499,0.4535,39.813,0.38902,0.0456,0.3825,50.06,27.48,2221.66,MARGINAL,synthetic_physics
2401.5,35.6875,0.8731,0.39925,42.843,0.53798,0.07698,0.4501,61.38,35.924,2121.05,MARGINAL,synthetic_physics
2361.2,18.3125,0.8579,0.40248,37.92,0.6275,0.09448,0.5306,52.36,18.18,2201.21,MARGINAL,synthetic_physics
2443.4,27.1875,0.7765,0.37695,36.04,0.60844,0.06928,0.4523,81.95,27.078,1938.24,GOOD,synthetic_physics
2467.5,28.625,0.7951,0.42001,37.848,0.4623,0.06631,0.3826,68.33,28.612,2059.33,MARGINAL,synthetic_physics
2350.7,30.5625,0.6645,0.32651,33.837,0.47839,0.04219,0.4287,114.47,30.373,1649.17,GOOD,synthetic_physics
2253.2,34.0,0.8618,0.36949,40.475,0.4919,0.10327,0.5592,46.56,34.035,2252.84,REJECT,synthetic_physics
2548.1,39.4375,0.6599,0.33644,39.567,0.38401,0.03265,0.313,103.73,39.325,1744.6,REJECT,synthetic_physics
2300.7,36.875,0.8631,0.4325,39.37,0.56719,0.11233,0.527,58.6,36.951,2145.75,MARGINAL,synthetic_physics
2254.8,32.75,0.9534,0.44127,36.797,0.58696,0.11185,0.5625,33.45,32.834,2369.32,REJECT,synthetic_physics
2461.1,24.9375,0.8849,0.40419,41.256,0.43359,0.04986,0.3678,72.68,25.136,2020.6,MARGINAL,synthetic_physics
2345.1,29.0625,0.6062,0.27287,30.527,0.50301,0.08816,0.4856,135.12,29.01,1465.63,MARGINAL,synthetic_physics
2558.6,32.125,0.4119,0.2378,29.309,0.38666,0.04821,0.3491,185.49,32.17,1017.87,REJECT,synthetic_physics
2412.7,33.4375,0.9963,0.51565,37.785,0.36643,0.04138,0.3763,41.52,33.688,2297.62,MARGINAL,synthetic_physics
2360.4,32.0,0.7206,0.38344,35.778,0.36606,0.06198,0.4351,103.51,32.441,1746.55,GOOD,synthetic_physics
2229.8,26.75,0.593,0.24828,28.783,0.60766,0.12051,0.5927,121.59,26.586,1585.83,REJECT,synthetic_physics
2323.3,31.8125,0.9746,0.48434,41.132,0.52851,0.09066,0.5205,26.71,31.252,2429.23,MARGINAL,synthetic_physics
2370.0,32.0,0.8519,0.42776,35.822,0.48107,0.07806,0.4444,56.18,31.62,2167.3,GOOD,synthetic_physics
2540.9,29.9375,0.5478,0.28774,32.128,0.55348,0.07624,0.3012,149.75,29.956,1335.52,REJECT,synthetic_physics
2510.3,26.0625,0.9173,0.51045,40.478,0.32292,0.03475,0.3192,37.64,25.927,2332.1,REJECT,synthetic_physics
2431.3,28.125,0.6513,0.31064,33.781,0.44393,0.05375,0.4294,115.59,28.228,1639.22,GOOD,synthetic_physics
2354.7,31.3125,0.7611,0.31956,34.716,0.58112,0.08515,0.4875,80.54,31.496,1950.77,GOOD,synthetic_physics
2502.2,38.875,0.7878,0.40917,40.362,0.39803,0.04787,0.3519,66.63,38.813,2074.39,MARGINAL,synthetic_physics
2404.7,28.1875,0.9602,0.50954,44.0,0.3582,0.03482,0.386,19.11,27.815,2496.76,MARGINAL,synthetic_physics
2532.0,27.625,0.7479,0.40026,41.116,0.31175,0.04606,0.3709,71.9,27.531,2027.53,MARGINAL,synthetic_physics
2489.3,28.1875,0.8063,0.40051,39.375,0.47489,0.07433,0.4519,59.2,28.328,2140.42,GOOD,synthetic_physics
2615.0,24.4375,0.7898,0.3933,39.884,0.4289,0.05142,0.3194,67.93,24.616,2062.85,REJECT,synthetic_physics
2416.8,31.125,1.5376,0.33248,43.112,0.44322,0.0703,0.4475,66.98,31.332,2071.25,GOOD,synthetic_physics
2487.7,18.0,0.3944,0.30055,34.309,0.42824,0.06674,0.3758,192.08,18.191,959.33,REJECT,synthetic_physics
2365.2,25.0,0.6778,0.43815,37.0,0.47914,0.06879,0.4045,90.21,25.256,1864.82,GOOD,synthetic_physics
2471.6,29.125,0.8504,0.36175,36.33,0.48879,0.06963,0.4923,70.98,29.366,2035.74,GOOD,synthetic_physics
2363.6,35.75,0.2877,0.27782,35.172,0.54238,0.10345,0.4704,217.31,35.785,735.06,REJECT,synthetic_physics
2373.3,27.625,0.7872,0.41242,37.149,0.57325,0.09847,0.5208,75.35,28.21,1996.87,MARGINAL,synthetic_physics
2313.6,31.1875,0.4496,0.20287,26.376,0.62904,0.11782,0.5861,184.53,31.427,1026.4,REJECT,synthetic_physics
2365.2,35.75,0.6905,0.30542,31.894,0.58935,0.09415,0.4982,117.62,35.431,1621.12,MARGINAL,synthetic_physics
2446.6,24.0625,0.9281,0.43567,43.252,0.4287,0.0577,0.45,42.65,24.048,2287.51,MARGINAL,synthetic_physics
2266.1,29.9375,0.4311,0.17045,27.504,0.63165,0.10534,0.5137,191.83,30.175,961.52,REJECT,synthetic_physics
2229.0,40.375,0.6127,0.22223,32.831,0.66293,0.12825,0.6149,128.06,39.942,1528.36,REJECT,synthetic_physics
2382.1,28.4375,0.6912,0.37807,32.493,0.50139,0.06162,0.4505,116.11,28.313,1634.62,GOOD,synthetic_physics
2357.1,27.375,1.1139,0.49901,42.743,0.43856,0.04547,0.4131,19.73,26.997,2491.3,MARGINAL,synthetic_physics
2465.1,24.6875,0.5313,0.33333,35.865,0.43855,0.05649,0.3758,157.69,24.635,1264.99,REJECT,synthetic_physics
2178.2,20.875,0.2695,0.12443,29.688,0.66611,0.14251,0.6312,215.02,20.515,755.42,REJECT,synthetic_physics
2411.9,36.875,0.6322,0.21757,35.223,0.48312,0.0728,0.4589,126.93,36.666,1538.41,MARGINAL,synthetic_physics
2300.7,34.3125,0.7063,0.29923,31.237,0.56168,0.1006,0.5115,99.97,34.492,1778.06,MARGINAL,synthetic_physics
2391.8,39.3125,1.0811,0.53846,44.0,0.3538,0.04915,0.4291,20.45,39.372,2484.85,MARGINAL,synthetic_physics
2453.0,31.0625,0.8303,0.39915,39.622,0.3554,0.06911,0.4119,62.54,30.875,2110.79,GOOD,synthetic_physics
2420.0,25.9375,0.3712,0.20235,26.404,0.50397,0.11223,0.4893,203.98,25.77,853.55,REJECT,synthetic_physics
2413.6,25.5625,0.67,0.28078,33.599,0.46042,0.08355,0.4107,135.63,25.612,1461.06,MARGINAL,synthetic_physics
2392.6,34.8125,0.7564,0.32109,41.583,0.55634,0.05673,0.4708,74.0,34.673,2008.88,GOOD,synthetic_physics
2251.6,26.5,0.5063,0.2213,30.35,0.62009,0.10902,0.5199,178.6,26.681,1079.13,REJECT,synthetic_physics
2382.9,18.5625,0.8313,0.36419,38.523,0.55316,0.07663,0.485,76.46,18.484,1987.06,GOOD,synthetic_physics
2411.1,33.1875,0.6479,0.30125,31.809,0.51467,0.08704,0.4548,117.76,33.083,1619.94,GOOD,synthetic_physics
2530.4,27.0,0.6648,0.2795,35.829,0.61911,0.07645,0.4532,130.31,27.026,1508.34,MARGINAL,synthetic_physics
2469.2,30.6875,1.0076,0.50034,41.427,0.37789,0.02745,0.3713,25.31,30.411,2441.66,MARGINAL,synthetic_physics
2484.5,32.75,0.6842,0.38422,38.21,0.39904,0.07291,0.3711,100.49,33.059,1773.42,MARGINAL,synthetic_physics
2448.2,29.4375,0.8457,0.48476,35.173,0.46166,0.04865,0.4452,65.66,29.446,2083.01,GOOD,synthetic_physics
2461.1,34.6875,0.6458,0.36573,35.01,0.50416,0.07294,0.406,105.97,34.483,1724.75,GOOD,synthetic_physics
2476.4,31.8125,0.8247,0.44095,32.841,0.47735,0.11614,0.5004,72.85,31.941,2019.11,MARGINAL,synthetic_physics
2291.9,33.9375,0.4067,0.18181,29.717,0.62231,0.10423,0.5633,188.7,34.746,989.35,REJECT,synthetic_physics
2530.4,37.1875,0.7832,0.40714,37.46,0.37677,0.04991,0.3259,96.98,37.281,1804.59,REJECT,synthetic_physics
2432.1,26.9375,1.0636,0.5154,44.0,0.49336,0.06234,0.437,13.91,26.794,2543.0,MARGINAL,synthetic_physics
2435.3,30.5625,0.6034,0.21839,35.04,0.56908,0.04851,0.3838,142.18,30.488,1402.87,MARGINAL,synthetic_physics
2336.2,38.6875,0.9096,0.39192,38.697,0.49778,0.10813,0.5348,53.63,38.725,2189.99,MARGINAL,synthetic_physics
2463.5,26.4375,0.7386,0.33404,38.515,0.44425,0.05508,0.4083,76.42,26.842,1987.42,GOOD,synthetic_physics
2364.4,28.5625,0.6381,0.26301,39.17,0.44082,0.09024,0.4719,121.39,28.349,1587.68,GOOD,synthetic_physics
2473.2,30.875,0.8777,0.4189,38.091,0.37316,0.04783,0.3816,69.22,30.905,2051.4,MARGINAL,synthetic_physics
2478.0,39.25,0.5208,0.26903,31.423,0.42469,0.04024,0.3157,159.27,39.42,1250.92,REJECT,synthetic_physics
2385.3,26.8125,0.859,0.34729,35.73,0.52058,0.10149,0.5008,72.97,26.583,2018.05,MARGINAL,synthetic_physics
2375.7,33.125,0.754,0.32531,32.663,0.6006,0.10748,0.5186,102.16,32.734,1758.54,MARGINAL,synthetic_physics
2387.8,30.4375,1.0982,0.48592,40.449,0.4163,0.05868,0.4674,16.56,30.085,2519.45,MARGINAL,synthetic_physics
2496.6,32.875,0.9006,0.4409,42.748,0.36377,0.0453,0.3914,38.44,32.977,2324.95,MARGINAL,synthetic_physics
2369.2,31.0,0.9646,0.54693,44.0,0.36543,0.05258,0.4473,14.25,30.999,2539.98,MARGINAL,synthetic_physics
2412.7,24.5,1.0721,0.48739,44.0,0.4716,0.05901,0.4442,10.67,24.001,2571.83,MARGINAL,synthetic_physics
2203.2,27.5,0.359,0.10604,28.588,0.73056,0.14597,0.6304,214.07,27.585,763.8,REJECT,synthetic_physics
2364.4,29.8125,0.7429,0.34658,37.721,0.63052,0.08342,0.4441,97.73,29.771,1797.92,GOOD,synthetic_physics
2387.8,29.0625,0.666,0.27766,33.928,0.52945,0.09752,0.4741,117.57,28.996,1621.62,GOOD,synthetic_physics
2457.1,12.3125,0.8358,0.38333,38.229,0.52257,0.06705,0.4225,97.8,12.0,1797.33,GOOD,synthetic_physics
2382.1,30.75,0.778,0.39908,38.354,0.52793,0.0976,0.4864,86.16,30.725,1900.84,GOOD,synthetic_physics
2443.4,29.8125,0.8702,0.44201,38.308,0.4218,0.06879,0.4428,67.48,29.975,2066.87,GOOD,synthetic_physics
2423.2,28.0625,0.6815,0.31263,29.921,0.51147,0.07854,0.4439,111.76,28.185,1673.26,GOOD,synthetic_physics
2437.7,22.6875,0.982,0.50222,43.599,0.4314,0.08574,0.4841,15.7,22.661,2527.09,MARGINAL,synthetic_physics
2280.6,34.4375,0.5299,0.20138,29.019,0.62037,0.10475,0.5367,140.69,34.672,1416.12,MARGINAL,synthetic_physics
2453.0,33.8125,0.7189,0.43802,41.327,0.39913,0.06237,0.3705,72.82,33.718,2019.4,MARGINAL,synthetic_physics
2355.5,30.5,0.7677,0.45562,38.741,0.56787,0.07963,0.4693,79.81,30.414,1957.23,GOOD,synthetic_physics
2287.8,30.9375,0.5755,0.23257,33.839,0.63908,0.12868,0.5892,133.38,31.154,1481.08,REJECT,synthetic_physics
2344.2,25.3125,0.602,0.23521,30.344,0.5572,0.11454,0.5,143.27,25.388,1393.14,MARGINAL,synthetic_physics
2353.9,21.4375,0.711,0.25527,36.151,0.59592,0.09821,0.4983,111.48,21.051,1675.71,GOOD,synthetic_physics
2258.8,29.625,0.7309,0.36925,36.95,0.57047,0.10489,0.5722,84.84,29.671,1912.49,REJECT,synthetic_physics
2255.6,33.8125,0.9894,0.37285,34.317,0.52715,0.11358,0.6196,35.29,34.319,2352.98,REJECT,synthetic_physics
2444.2,33.1875,0.78,0.26848,31.34,0.46498,0.07193,0.4019,96.29,33.015,1810.75,GOOD,synthetic_physics
2384.5,30.0625,0.8559,0.42007,40.507,0.51752,0.05687,0.426,57.19,29.801,2158.34,GOOD,synthetic_physics
2525.6,33.375,0.3799,0.31494,34.881,0.55651,0.05693,0.3033,199.3,33.59,895.1,REJECT,synthetic_physics
2362.8,28.8125,0.7392,0.34701,38.556,0.48102,0.08341,0.4363,108.1,28.951,1705.81,GOOD,synthetic_physics
2262.1,35.0625,0.9175,0.43222,39.666,0.53194,0.06797,0.4525,47.51,34.765,2244.31,MARGINAL,synthetic_physics
2428.9,35.125,0.9026,0.51274,42.175,0.33025,0.05444,0.3766,33.2,35.362,2371.53,MARGINAL,synthetic_physics
2485.3,26.8125,0.4548,0.27229,33.78,0.31566,0.03308,0.3221,179.21,26.756,1073.73,REJECT,synthetic_physics
2482.9,21.3125,0.7417,0.40197,41.659,0.41209,0.04361,0.3139,115.91,21.76,1636.37,REJECT,synthetic_physics
2287.8,22.5625,0.9271,0.39223,36.859,0.53837,0.09176,0.516,54.57,22.866,2181.62,MARGINAL,synthetic_physics
2533.6,29.8125,0.4564,0.29173,30.795,0.38946,0.05794,0.3045,163.7,29.964,1211.52,REJECT,synthetic_physics
2471.6,28.125,0.3947,0.27493,38.022,0.49197,0.06411,0.3824,185.7,27.894,1015.99,REJECT,synthetic_physics
2401.5,34.4375,0.6488,0.32861,35.343,0.49127,0.07071,0.3972,131.25,35.049,1499.97,MARGINAL,synthetic_physics
2291.1,24.5625,0.6129,0.13648,31.343,0.70082,0.11778,0.5782,141.87,24.383,1405.59,REJECT,synthetic_physics
2322.5,30.4375,0.9532,0.4457,40.215,0.47116,0.07932,0.5069,20.63,30.714,2483.3,MARGINAL,synthetic_physics
2396.6,31.5,0.7733,0.3743,38.75,0.39293,0.07633,0.4319,89.86,31.515,1867.91,GOOD,synthetic_physics
2386.2,30.5625,0.898,0.37918,41.736,0.5311,0.094,0.5549,62.23,30.616,2113.52,REJECT,synthetic_physics
2338.6,32.125,0.9706,0.45529,42.809,0.5364,0.08041,0.5059,31.25,32.522,2388.86,MARGINAL,synthetic_physics
2498.2,22.5,0.4671,0.29278,32.147,0.35702,0.08032,0.3308,157.27,22.559,1268.68,REJECT,synthetic_physics
2465.1,30.125,0.7994,0.50552,41.138,0.40562,0.05588,0.3628,57.44,30.431,2156.06,MARGINAL,synthetic_physics
2240.3,25.4375,0.9292,0.37593,39.587,0.66001,0.12634,0.566,45.85,25.391,2259.14,REJECT,synthetic_physics
2556.2,27.125,0.8646,0.50258,41.163,0.30517,0.05111,0.3222,52.05,27.103,2203.98,REJECT,synthetic_physics
2463.5,24.3125,0.5547,0.24661,36.973,0.38531,0.05415,0.3878,136.56,24.473,1452.76,MARGINAL,synthetic_physics
2418.4,19.75,0.5957,0.31749,32.597,0.38764,0.07225,0.4261,145.57,20.173,1372.68,MARGINAL,synthetic_physics
2402.3,28.9375,0.6394,0.31542,37.697,0.49817,0.06972,0.3837,115.25,29.123,1642.18,MARGINAL,synthetic_physics
2366.0,28.125,0.705,0.31819,34.054,0.5429,0.07835,0.4692,100.96,28.315,1769.21,GOOD,synthetic_physics
2222.6,29.9375,0.5247,0.20201,29.249,0.68312,0.13787,0.6253,165.94,29.654,1191.61,REJECT,synthetic_physics
2407.1,28.6875,0.7015,0.33757,39.635,0.52687,0.08113,0.4943,91.11,28.583,1856.8,GOOD,synthetic_physics
2245.1,34.0,0.6514,0.21346,29.657,0.59808,0.14103,0.6126,141.0,34.003,1413.29,REJECT,synthetic_physics
2337.0,19.5625,0.7248,0.25179,31.481,0.58259,0.093,0.5154,101.23,19.478,1766.85,MARGINAL,synthetic_physics
2424.8,33.375,0.4653,0.2592,37.098,0.51418,0.08775,0.44,162.62,33.613,1221.18,REJECT,synthetic_physics
2174.2,26.0625,0.6698,0.20754,31.99,0.62083,0.12205,0.6377,115.38,25.982,1641.02,REJECT,synthetic_physics
2324.9,28.0,0.2887,0.22019,28.226,0.60907,0.11251,0.5395,209.1,27.962,808.02,REJECT,synthetic_physics
2276.6,30.25,0.7042,0.23453,30.772,0.70366,0.13841,0.6416,104.43,30.245,1738.38,REJECT,synthetic_physics
2461.9,26.25,0.7593,0.35753,37.261,0.43779,0.06879,0.4515,72.88,26.336,2018.84,GOOD,synthetic_physics
2382.9,32.1875,0.5538,0.29112,36.89,0.57709,0.06723,0.4437,119.69,32.503,1602.71,GOOD,synthetic_physics
2399.9,34.6875,0.7206,0.32142,33.345,0.3883,0.05783,0.4339,101.3,34.953,1766.22,GOOD,synthetic_physics
2297.5,21.9375,0.8655,0.36221,35.919,0.50896,0.07997,0.482,52.96,21.811,2195.91,GOOD,synthetic_physics
2472.4,31.5,0.5552,0.27531,34.969,0.40137,0.04541,0.3032,162.65,31.148,1220.92,REJECT,synthetic_physics
2418.4,26.25,0.4929,0.25518,29.147,0.47642,0.10055,0.4066,158.16,26.331,1260.76,REJECT,synthetic_physics
2378.1,24.625,0.6175,0.21523,28.979,0.52794,0.10055,0.5154,123.2,24.631,1571.55,MARGINAL,synthetic_physics
2343.4,29.1875,0.8664,0.43585,37.534,0.40798,0.05887,0.4239,54.46,29.293,2182.57,GOOD,synthetic_physics
2384.5,21.1875,0.6647,0.26838,39.671,0.4086,0.06963,0.433,118.48,21.538,1613.54,GOOD,synthetic_physics
2424.0,30.75,1.0216,0.45793,42.706,0.43455,0.05795,0.421,30.7,30.616,2393.74,MARGINAL,synthetic_physics
2290.3,29.4375,0.7121,0.36181,35.331,0.70082,0.08982,0.5556,75.35,29.409,1996.9,REJECT,synthetic_physics
2487.7,18.375,0.812,0.40222,40.341,0.48659,0.0904,0.4448,67.28,18.633,2068.61,GOOD,synthetic_physics
2491.7,20.625,0.6532,0.3286,35.092,0.42982,0.05923,0.3999,126.65,20.553,1540.88,MARGINAL,synthetic_physics
2380.5,29.8125,0.7365,0.35803,35.885,0.43468,0.1104,0.4741,84.02,29.654,1919.85,GOOD,synthetic_physics
2475.6,23.0625,0.664,0.31934,32.227,0.48788,0.093,0.4776,118.98,23.297,1609.08,GOOD,synthetic_physics
2548.9,24.375,0.3303,0.31264,35.343,0.33993,0.0707,0.3584,209.03,24.094,808.64,REJECT,synthetic_physics
2447.4,29.4375,0.702,0.37297,38.075,0.46936,0.0385,0.345,96.16,29.552,1811.9,REJECT,synthetic_physics
2352.3,28.3125,0.7725,0.37151,34.138,0.47058,0.07049,0.4775,91.67,28.269,1851.8,GOOD,synthetic_physics
2195.2,34.25,0.3577,0.10242,29.841,0.67505,0.13203,0.6173,196.47,34.232,920.29,REJECT,synthetic_physics
2437.7,25.9375,0.6592,0.36908,34.113,0.40802,0.05283,0.4301,113.16,25.767,1660.79,GOOD,synthetic_physics
2408.7,32.25,0.5429,0.24519,34.309,0.55155,0.07608,0.4479,151.33,32.111,1321.48,REJECT,synthetic_physics
2404.7,34.0,0.8688,0.41044,37.874,0.47452,0.0845,0.5144,75.05,34.193,1999.52,MARGINAL,synthetic_physics
2357.1,31.75,0.627,0.25568,31.443,0.59102,0.10147,0.5314,132.47,32.199,1489.18,MARGINAL,synthetic_physics
2403.1,26.6875,0.7132,0.3239,36.021,0.50623,0.0936,0.4418,106.18,26.384,1722.89,GOOD,synthetic_physics
2265.3,29.5625,1.0283,0.42329,42.429,0.447,0.06203,0.4953,14.46,29.589,2538.14,MARGINAL,synthetic_physics
2105.7,44.25,0.7712,0.32939,34.42,0.6419,0.11862,0.6322,75.63,44.115,1994.38,REJECT,synthetic_physics
2400.7,35.9375,0.9612,0.41982,43.072,0.4573,0.05447,0.4524,25.31,36.034,2441.73,MARGINAL,synthetic_physics
2432.9,26.875,0.3924,0.30296,33.149,0.42043,0.05464,0.3618,186.6,27.034,1007.96,REJECT,synthetic_physics
2468.4,34.0,0.5035,0.30692,33.695,0.40526,0.0584,0.3293,141.2,34.152,1411.51,REJECT,synthetic_physics
2480.4,31.625,0.6449,0.29977,39.339,0.48294,0.05078,0.3811,115.68,31.495,1638.43,MARGINAL,synthetic_physics
2488.5,26.6875,0.9092,0.4539,43.225,0.47241,0.06368,0.3991,51.85,26.89,2205.74,MARGINAL,synthetic_physics
2251.6,25.9375,0.4253,0.16625,27.346,0.72987,0.12097,0.5923,186.21,26.238,1011.47,REJECT,synthetic_physics
2280.6,38.5,0.7422,0.32271,39.341,0.55882,0.10031,0.5156,78.2,38.529,1971.6,MARGINAL,synthetic_physics
2428.1,45.5625,0.3046,0.27049,37.122,0.5117,0.063,0.3909,214.71,45.59,758.13,REJECT,synthetic_physics
2445.8,30.4375,0.6376,0.38867,29.605,0.4136,0.02944,0.3662,119.67,30.969,1602.94,MARGINAL,synthetic_physics
2432.9,24.6875,0.7939,0.40216,34.538,0.4671,0.0877,0.4942,82.77,24.879,1930.98,GOOD,synthetic_physics
2280.6,30.5,0.3748,0.23736,25.493,0.6535,0.11972,0.5893,195.59,31.046,928.13,REJECT,synthetic_physics
2350.7,29.25,0.4857,0.28323,33.284,0.57537,0.09203,0.4072,146.87,29.165,1361.15,MARGINAL,synthetic_physics
2404.7,25.4375,0.9686,0.36865,35.648,0.45928,0.04456,0.401,73.24,25.337,2015.6,GOOD,synthetic_physics
2482.9,23.625,0.5431,0.27608,32.656,0.35149,0.06537,0.3636,142.54,23.301,1399.67,MARGINAL,synthetic_physics
2368.4,25.25,0.8723,0.40115,41.661,0.48671,0.0893,0.4396,55.73,25.263,2171.3,GOOD,synthetic_physics
2399.0,35.0,0.8153,0.43911,40.052,0.41124,0.0621,0.4267,83.24,34.821,1926.73,GOOD,synthetic_physics
2432.1,27.5,0.2941,0.21273,31.0,0.58706,0.07536,0.4732,218.6,27.855,723.59,REJECT,synthetic_physics
2525.6,26.6875,0.6955,0.36789,36.213,0.32776,0.04865,0.3472,106.3,27.147,1721.75,REJECT,synthetic_physics
2412.7,37.1875,0.8037,0.46686,40.789,0.48562,0.0721,0.3667,64.45,36.947,2093.82,MARGINAL,synthetic_physics
2428.9,27.0625,0.7527,0.38197,37.152,0.38256,0.07091,0.4141,99.16,27.008,1785.22,GOOD,synthetic_physics
2183.1,35.3125,0.6979,0.27339,32.215,0.75068,0.12252,0.6244,108.92,35.289,1698.49,REJECT,synthetic_physics
2411.9,29.625,0.9252,0.37928,39.826,0.40954,0.04974,0.4328,64.78,29.726,2090.87,GOOD,synthetic_physics
2310.4,37.4375,0.5098,0.22002,30.824,0.62919,0.09888,0.5442,141.46,37.188,1409.27,MARGINAL,synthetic_physics
2403.9,27.625,0.3625,0.25982,32.489,0.52651,0.05355,0.352,213.54,27.929,768.57,REJECT,synthetic_physics
2328.9,34.3125,0.5766,0.30446,33.939,0.57954,0.08276,0.4492,146.14,34.473,1367.66,MARGINAL,synthetic_physics
2297.5,34.875,0.8173,0.35856,35.25,0.48099,0.08124,0.5086,81.31,34.843,1943.88,MARGINAL,synthetic_physics
2284.6,35.6875,1.0168,0.42748,41.935,0.5588,0.09865,0.572,30.46,35.906,2395.91,REJECT,synthetic_physics
2323.3,26.75,0.7934,0.37302,40.164,0.45426,0.08243,0.4936,74.22,26.698,2006.97,GOOD,synthetic_physics
2311.2,23.125,0.9172,0.38046,41.317,0.50275,0.08491,0.4756,54.94,23.042,2178.29,GOOD,synthetic_physics
2370.8,20.4375,0.3273,0.21551,28.798,0.63421,0.13163,0.5513,216.0,20.623,746.68,REJECT,synthetic_physics
2330.5,29.5625,0.6451,0.23391,36.189,0.50829,0.06556,0.4279,112.33,29.269,1668.16,GOOD,synthetic_physics
2457.9,28.6875,0.7831,0.36466,39.43,0.35181,0.0567,0.3778,106.53,28.838,1719.71,MARGINAL,synthetic_physics
2280.6,32.8125,0.6447,0.26118,26.655,0.5961,0.14636,0.5809,124.32,32.948,1561.62,REJECT,synthetic_physics
2427.3,31.125,0.7588,0.38275,39.271,0.3862,0.04969,0.401,88.0,31.212,1884.47,GOOD,synthetic_physics
2439.3,29.5625,0.5928,0.23142,28.05,0.37514,0.04585,0.3415,148.49,29.464,1346.76,REJECT,synthetic_physics
2167.0,28.75,0.8853,0.36427,36.319,0.59452,0.12317,0.6454,46.04,28.783,2257.41,REJECT,synthetic_physics
2430.5,32.4375,0.9597,0.49414,40.615,0.35485,0.0681,0.4095,51.4,32.612,2209.8,GOOD,synthetic_physics
2253.2,23.125,0.9159,0.41173,41.835,0.81798,0.10984,0.6464,20.55,22.881,2483.97,REJECT,synthetic_physics
2330.5,30.3125,0.642,0.30698,37.334,0.47568,0.07598,0.4694,96.22,30.515,1811.35,GOOD,synthetic_physics
2259.6,32.25,0.749,0.39848,34.849,0.53829,0.11631,0.5299,69.95,32.069,2044.92,MARGINAL,synthetic_physics
2412.7,33.9375,0.7612,0.31017,31.574,0.50157,0.07448,0.4739,104.71,33.769,1735.88,GOOD,synthetic_physics
2249.2,30.6875,0.9205,0.41051,36.051,0.69903,0.13303,0.6287,51.1,30.704,2212.47,REJECT,synthetic_physics
2168.6,34.125,0.4574,0.21402,27.287,0.75562,0.11108,0.6364,183.57,34.399,1034.9,REJECT,synthetic_physics
2386.2,29.125,0.7878,0.35745,39.248,0.52712,0.05658,0.4482,98.51,29.164,1790.99,GOOD,synthetic_physics
2286.2,31.9375,0.8247,0.41261,38.462,0.5596,0.10199,0.5749,46.47,32.163,2253.62,REJECT,synthetic_physics
2325.7,37.25,0.8553,0.42262,36.225,0.59576,0.09938,0.5411,59.49,37.304,2137.86,MARGINAL,synthetic_physics
2312.0,33.25,0.2727,0.23116,27.875,0.6221,0.06652,0.5093,217.54,33.496,732.95,REJECT,synthetic_physics
2456.3,23.5,0.847,0.38818,39.681,0.52559,0.07163,0.4762,65.19,23.553,2087.22,GOOD,synthetic_physics
2253.2,21.6875,0.3626,0.20509,30.391,0.5728,0.07876,0.5075,195.94,21.631,924.95,REJECT,synthetic_physics
2338.6,37.25,0.7746,0.37334,35.217,0.47972,0.06656,0.4546,88.88,36.948,1876.61,MARGINAL,synthetic_physics
2465.9,19.9375,0.9528,0.42186,39.754,0.52333,0.09347,0.5346,48.24,19.749,2237.89,MARGINAL,synthetic_physics
2308.0,25.5,0.9834,0.43189,42.969,0.62961,0.1144,0.6054,18.59,25.344,2501.38,REJECT,synthetic_physics
2442.6,24.6875,0.7326,0.33783,37.194,0.45853,0.08143,0.4438,96.33,24.73,1810.43,GOOD,synthetic_physics
2349.1,31.9375,0.7992,0.34101,43.334,0.47093,0.09127,0.4624,75.98,31.821,1991.31,GOOD,synthetic_physics
2320.9,31.625,0.3705,0.22634,27.195,0.48747,0.08231,0.4777,209.85,31.412,801.34,REJECT,synthetic_physics
2283.8,32.125,0.5307,0.18943,27.594,0.6126,0.14717,0.5947,162.63,32.052,1221.04,REJECT,synthetic_physics
2399.0,28.3125,0.821,0.40526,40.384,0.39671,0.06903,0.4457,67.19,28.077,2069.45,GOOD,synthetic_physics
2217.7,31.5,0.9822,0.42884,41.097,0.65355,0.11458,0.6108,31.27,31.325,2388.69,REJECT,synthetic_physics
2445.0,29.625,0.7242,0.34134,33.681,0.46182,0.0775,0.4705,98.14,29.664,1794.31,GOOD,synthetic_physics
2382.9,32.625,0.7612,0.3487,34.729,0.55513,0.07941,0.461,104.84,32.717,1734.79,GOOD,synthetic_physics
2364.4,29.6875,0.745,0.33113,34.959,0.44081,0.09896,0.4371,88.81,30.039,1877.21,GOOD,synthetic_physics
2462.7,36.4375,0.5703,0.26834,37.491,0.45866,0.02907,0.317,151.04,36.151,1324.06,REJECT,synthetic_physics
2372.5,29.9375,0.8978,0.39642,44.0,0.46157,0.09339,0.4749,44.42,30.018,2271.81,MARGINAL,synthetic_physics
2254.0,30.125,0.3649,0.24133,27.232,0.78058,0.12125,0.6407,209.98,30.359,800.22,REJECT,synthetic_physics
2432.1,21.25,0.6792,0.27644,37.552,0.43607,0.04939,0.4041,123.64,21.041,1567.66,GOOD,synthetic_physics
2435.3,27.4375,0.8683,0.43188,40.327,0.31658,0.08204,0.4162,61.13,27.615,2123.31,GOOD,synthetic_physics
2204.8,36.75,0.7165,0.28527,34.61,0.65849,0.13529,0.6324,98.15,36.828,1794.27,REJECT,synthetic_physics
2443.4,40.3125,0.6615,0.25426,36.875,0.49171,0.07424,0.3961,118.78,40.501,1610.81,REJECT,synthetic_physics
2546.5,32.8125,0.4257,0.22729,36.558,0.4127,0.04434,0.3389,180.85,32.778,1059.09,REJECT,synthetic_physics
2433.7,32.25,0.8438,0.38299,38.308,0.50256,0.06864,0.48,68.19,32.231,2060.52,GOOD,synthetic_physics
2221.8,32.4375,0.9321,0.44114,37.068,0.57872,0.124,0.5976,37.92,32.527,2329.64,REJECT,synthetic_physics
2367.6,34.875,0.696,0.31219,36.42,0.34276,0.0458,0.3936,106.06,34.826,1723.9,MARGINAL,synthetic_physics
2436.9,29.5,0.7217,0.34211,34.998,0.45193,0.08384,0.4715,88.85,29.602,1876.92,GOOD,synthetic_physics
2267.7,38.3125,0.8458,0.39444,38.067,0.49303,0.06533,0.5005,49.14,38.019,2229.85,MARGINAL,synthetic_physics
2259.6,28.375,0.6461,0.35464,35.426,0.68253,0.09186,0.5383,103.15,28.176,1749.77,MARGINAL,synthetic_physics
2458.7,31.9375,0.6649,0.28804,34.29,0.48028,0.06651,0.3607,137.12,32.287,1447.79,MARGINAL,synthetic_physics
2381.3,34.1875,0.9476,0.50201,43.38,0.38868,0.0712,0.4186,17.26,34.292,2513.29,MARGINAL,synthetic_physics
2339.4,32.25,0.8681,0.36364,40.87,0.5366,0.08493,0.5021,43.98,32.216,2275.73,MARGINAL,synthetic_physics
2320.9,29.75,0.5199,0.22048,30.552,0.60702,0.07463,0.4664,142.96,29.89,1395.91,MARGINAL,synthetic_physics
2220.1,24.0,0.89,0.42053,34.87,0.51488,0.13373,0.6176,55.15,23.895,2176.4,REJECT,synthetic_physics
2395.8,31.3125,0.7228,0.36782,40.447,0.4272,0.05988,0.4647,80.8,31.347,1948.41,GOOD,synthetic_physics
2309.6,30.5625,0.6705,0.19365,28.214,0.74058,0.13665,0.6114,129.84,30.425,1512.57,REJECT,synthetic_physics
2457.1,33.875,0.7826,0.42429,37.694,0.42305,0.08113,0.4341,76.07,34.006,1990.45,GOOD,synthetic_physics
2360.4,38.8125,0.6327,0.33518,35.689,0.52552,0.05336,0.4188,114.22,38.576,1651.38,MARGINAL,synthetic_physics
2450.6,25.4375,0.7521,0.44869,42.44,0.46744,0.06912,0.4171,89.41,25.353,1871.91,GOOD,synthetic_physics
2416.8,26.1875,0.6683,0.35902,31.906,0.38361,0.09129,0.4257,112.82,26.031,1663.84,GOOD,synthetic_physics
2255.6,38.75,1.0403,0.40923,36.325,0.65088,0.08976,0.6224,20.3,38.903,2486.2,REJECT,synthetic_physics
2506.2,28.6875,0.6482,0.39194,37.313,0.31752,0.06038,0.3383,112.33,28.722,1668.22,REJECT,synthetic_physics
2449.0,38.0,0.7243,0.34613,38.464,0.20703,0.04657,0.3576,97.26,37.946,1802.12,MARGINAL,synthetic_physics
2284.6,29.75,0.5947,0.27943,32.259,0.55196,0.10959,0.5042,133.36,29.784,1481.22,MARGINAL,synthetic_physics
2373.3,20.25,0.8102,0.39944,43.832,0.46815,0.08375,0.4839,59.6,20.482,2136.92,GOOD,synthetic_physics
2449.0,32.125,0.5574,0.2698,31.647,0.52869,0.07375,0.4046,155.05,32.044,1288.46,REJECT,synthetic_physics
2354.7,31.875,0.8484,0.36141,38.63,0.63462,0.08371,0.4971,80.9,31.895,1947.52,GOOD,synthetic_physics
2445.8,20.3125,0.4902,0.21259,31.7,0.49749,0.07551,0.4303,162.59,20.239,1221.42,REJECT,synthetic_physics
2288.6,40.625,0.8877,0.34713,37.312,0.57483,0.10473,0.5681,72.89,40.387,2018.76,REJECT,synthetic_physics
2382.9,29.4375,0.6825,0.28257,30.423,0.55584,0.0739,0.4517,108.37,29.233,1703.38,GOOD,synthetic_physics
2429.7,34.6875,0.6616,0.35476,38.855,0.44897,0.04977,0.3771,109.02,34.708,1697.63,MARGINAL,synthetic_physics
2391.0,34.0,0.5479,0.26227,33.979,0.59296,0.07085,0.4748,136.07,34.166,1457.14,MARGINAL,synthetic_physics
2411.9,28.0625,0.8751,0.35932,40.559,0.44613,0.05774,0.4892,77.67,28.056,1976.25,GOOD,synthetic_physics
2410.3,27.875,0.8143,0.41893,38.864,0.51146,0.0931,0.4928,62.22,27.863,2113.64,GOOD,synthetic_physics
2254.0,27.625,0.4549,0.20903,25.504,0.69107,0.13274,0.5945,188.71,27.549,989.24,REJECT,synthetic_physics
2200.8,32.9375,0.6613,0.19456,29.104,0.7201,0.13896,0.6121,126.06,32.854,1546.14,REJECT,synthetic_physics
2392.6,33.125,0.3975,0.22894,34.15,0.69274,0.08371,0.5343,187.47,33.125,1000.25,REJECT,synthetic_physics
2225.8,30.625,0.4763,0.15707,29.147,0.54822,0.13774,0.6162,163.87,30.731,1210.04,REJECT,synthetic_physics
2379.7,24.4375,1.103,0.49168,43.807,0.50196,0.053,0.4554,25.48,24.324,2440.15,MARGINAL,synthetic_physics
2459.5,33.625,0.4358,0.23538,35.322,0.37536,0.04538,0.3087,177.2,33.488,1091.58,REJECT,synthetic_physics
2287.0,29.875,0.9584,0.4333,41.525,0.48777,0.10115,0.5319,28.81,30.017,2410.54,MARGINAL,synthetic_physics
2378.9,31.625,0.6415,0.3025,37.9,0.51981,0.09754,0.5221,103.2,31.483,1749.36,MARGINAL,synthetic_physics
2267.7,37.0625,0.8513,0.31797,38.562,0.5672,0.09015,0.507,94.26,37.001,1828.8,MARGINAL,synthetic_physics
2448.2,38.8125,0.9718,0.44366,39.189,0.39403,0.04642,0.4075,25.23,39.023,2442.4,MARGINAL,synthetic_physics
2420.8,30.9375,0.6943,0.45078,40.575,0.466,0.06389,0.48,92.6,30.797,1843.54,GOOD,synthetic_physics
2553.8,26.0,0.5161,0.30702,32.17,0.38651,0.0505,0.3218,165.42,25.528,1196.24,REJECT,synthetic_physics
2366.0,28.8125,0.6255,0.20678,31.601,0.64468,0.10791,0.57,129.12,28.505,1518.96,REJECT,synthetic_physics
2347.5,25.4375,0.8508,0.3446,41.731,0.47865,0.04973,0.4703,62.42,25.946,2111.86,GOOD,synthetic_physics
2355.5,35.9375,0.8514,0.33391,38.75,0.485,0.06908,0.4534,73.36,35.949,2014.58,MARGINAL,synthetic_physics
2394.2,20.9375,0.9599,0.51362,41.348,0.56633,0.09555,0.5264,17.77,21.152,2508.69,MARGINAL,synthetic_physics
2426.4,18.625,0.4659,0.14948,30.362,0.65256,0.11963,0.5392,169.99,18.652,1155.69,REJECT,synthetic_physics
2552.2,37.8125,0.3117,0.2277,29.583,0.41925,0.04095,0.332,218.14,37.389,727.6,REJECT,synthetic_physics
2481.2,31.25,0.777,0.37918,36.852,0.49476,0.0748,0.4261,89.25,31.415,1873.34,GOOD,synthetic_physics
2490.1,20.625,0.7145,0.37955,38.134,0.35939,0.05147,0.3996,84.1,20.86,1919.16,MARGINAL,synthetic_physics
2352.3,37.0,0.7843,0.40679,35.701,0.53169,0.09039,0.4964,103.72,36.568,1744.69,MARGINAL,synthetic_physics
2299.9,28.8125,0.5836,0.28077,28.425,0.53531,0.06593,0.4848,137.02,28.774,1448.74,MARGINAL,synthetic_physics
2233.8,28.8125,0.986,0.51274,43.095,0.54824,0.10401,0.5898,17.84,28.956,2508.09,REJECT,synthetic_physics
2518.3,33.1875,0.5042,0.22784,38.629,0.42857,0.0324,0.3045,163.58,33.195,1212.65,REJECT,synthetic_physics
2250.8,20.625,0.5629,0.25022,31.879,0.55515,0.11534,0.5308,136.26,20.515,1455.44,MARGINAL,synthetic_physics
2228.2,30.4375,0.5433,0.17522,32.532,0.58199,0.14257,0.5941,140.27,30.683,1419.81,REJECT,synthetic_physics
2404.7,26.8125,0.8497,0.47165,40.09,0.39296,0.04592,0.3735,42.32,26.715,2290.48,MARGINAL,synthetic_physics
2303.2,25.0,0.9855,0.48038,44.0,0.59854,0.10362,0.5536,24.39,24.654,2449.87,REJECT,synthetic_physics
2253.2,32.0,0.3245,0.09291,30.483,0.63937,0.1141,0.5848,212.63,31.912,776.6,REJECT,synthetic_physics
2221.0,22.5,0.807,0.31161,33.482,0.64866,0.13374,0.6256,77.64,22.723,1976.51,REJECT,synthetic_physics
2246.7,25.875,0.896,0.38195,37.648,0.55351,0.12731,0.595,57.28,25.699,2157.54,REJECT,synthetic_physics
2340.2,38.1875,0.6933,0.38103,36.691,0.57009,0.09154,0.4964,97.22,37.934,1802.46,MARGINAL,synthetic_physics
2308.0,35.0,0.4785,0.1404,29.45,0.73773,0.10511,0.6181,168.41,34.538,1169.72,REJECT,synthetic_physics
2270.1,27.5,0.9406,0.42087,39.354,0.63095,0.10339,0.6001,35.73,27.673,2349.05,REJECT,synthetic_physics
2243.5,31.3125,0.3747,0.16344,24.541,0.80755,0.14898,0.6472,211.05,31.012,790.66,REJECT,synthetic_physics
2418.4,24.125,0.8002,0.36707,38.768,0.50704,0.0874,0.4684,82.92,24.025,1929.59,GOOD,synthetic_physics
2399.0,21.4375,0.7929,0.38164,40.97,0.44956,0.07168,0.4795,55.95,21.225,2169.33,GOOD,synthetic_physics
2271.7,34.4375,0.3936,0.21129,27.044,0.62436,0.09951,0.5386,190.42,34.47,974.05,REJECT,synthetic_physics
2546.5,33.3125,0.2687,0.26501,32.034,0.50755,0.05403,0.3067,219.66,33.57,714.13,REJECT,synthetic_physics
2481.2,32.5625,0.5931,0.26611,34.359,0.46358,0.0566,0.3854,142.28,32.502,1401.94,MARGINAL,synthetic_physics
2287.0,27.1875,0.7206,0.24677,31.395,0.63925,0.12591,0.6182,102.68,27.276,1753.93,REJECT,synthetic_physics
2317.7,29.75,0.7748,0.291,31.244,0.55482,0.08493,0.5078,103.69,30.01,1744.99,MARGINAL,synthetic_physics
2396.6,30.1875,0.6093,0.30041,36.408,0.55105,0.06341,0.4779,115.04,29.806,1644.11,GOOD,synthetic_physics
2296.7,23.875,0.4923,0.26358,24.6,0.67284,0.1151,0.5786,164.05,23.945,1208.42,REJECT,synthetic_physics
2341.8,25.8125,0.8604,0.41623,42.166,0.40253,0.09632,0.4509,70.66,25.245,2038.57,GOOD,synthetic_physics
2356.3,26.6875,0.8044,0.36401,34.798,0.39518,0.05521,0.4015,93.86,26.718,1832.35,GOOD,synthetic_physics
2411.9,32.25,0.7201,0.29094,37.747,0.48659,0.08613,0.4048,124.27,32.554,1562.05,GOOD,synthetic_physics
2370.8,29.125,0.782,0.31029,35.348,0.47105,0.07214,0.4766,88.68,28.874,1878.44,GOOD,synthetic_physics
2367.6,28.0625,0.6231,0.2446,30.463,0.55912,0.1001,0.5041,123.48,28.11,1569.09,MARGINAL,synthetic_physics
2320.9,23.375,1.0264,0.38331,36.857,0.47846,0.07112,0.5381,34.2,23.358,2362.7,MARGINAL,synthetic_physics
2484.5,36.8125,0.9314,0.50415,37.098,0.38519,0.0531,0.3077,50.44,36.637,2218.28,REJECT,synthetic_physics
2407.1,24.8125,0.2407,0.25685,30.693,0.40156,0.06188,0.4295,218.55,24.951,723.98,REJECT,synthetic_physics
2470.8,26.6875,0.7371,0.32375,36.194,0.57744,0.06689,0.4766,97.14,26.49,1803.22,GOOD,synthetic_physics
2154.9,29.0625,0.8639,0.35258,34.67,0.63436,0.10423,0.6399,76.88,28.816,1983.28,REJECT,synthetic_physics
2408.7,30.8125,0.6621,0.33449,36.875,0.44669,0.09082,0.4723,98.49,30.915,1791.21,GOOD,synthetic_physics
2422.4,22.0,0.7812,0.39406,38.768,0.44912,0.07078,0.4319,65.1,21.95,2087.98,GOOD,synthetic_physics
2407.1,29.3125,0.7075,0.30122,32.672,0.5141,0.08941,0.476,99.92,29.238,1778.52,GOOD,synthetic_physics
2354.7,28.8125,0.8894,0.33958,32.036,0.55529,0.09119,0.4852,75.13,29.161,1998.82,GOOD,synthetic_physics
2285.4,24.4375,0.348,0.16328,29.179,0.63129,0.119,0.5044,187.3,24.37,1001.81,REJECT,synthetic_physics
2395.0,29.3125,0.5911,0.36305,34.825,0.39543,0.0797,0.4049,130.58,29.254,1505.93,MARGINAL,synthetic_physics
2445.0,22.625,0.7091,0.38435,40.089,0.41658,0.0589,0.4051,90.9,22.777,1858.66,GOOD,synthetic_physics
2507.0,29.9375,0.5828,0.31832,33.479,0.48171,0.05411,0.3823,135.96,29.933,1458.1,MARGINAL,synthetic_physics
2293.5,27.75,0.839,0.38909,36.363,0.48586,0.07711,0.5094,66.07,27.987,2079.36,MARGINAL,synthetic_physics
2406.3,27.625,0.5902,0.23671,32.099,0.53333,0.10375,0.4987,141.26,27.655,1411.06,MARGINAL,synthetic_physics
2385.3,34.3125,0.8795,0.42525,38.725,0.5453,0.10029,0.5323,36.26,34.653,2344.35,MARGINAL,synthetic_physics
2419.2,31.75,0.7784,0.40163,39.513,0.30446,0.041,0.3764,85.4,32.228,1907.54,MARGINAL,synthetic_physics
2315.2,33.9375,0.6241,0.27344,27.346,0.54811,0.10516,0.5426,135.87,33.623,1458.91,MARGINAL,synthetic_physics
2457.1,20.3125,0.7725,0.36047,37.524,0.369,0.09053,0.4042,110.68,20.494,1682.89,GOOD,synthetic_physics
2413.6,33.875,0.8951,0.42805,42.56,0.54211,0.0689,0.4327,71.37,34.097,2032.26,GOOD,synthetic_physics
2366.8,36.25,0.508,0.24531,34.496,0.45346,0.07071,0.4283,158.74,36.139,1255.62,REJECT,synthetic_physics
2243.5,35.9375,0.7274,0.27545,31.54,0.56675,0.11989,0.5636,82.96,36.154,1929.23,REJECT,synthetic_physics
2289.5,33.0,0.78,0.32657,36.546,0.55594,0.12629,0.5293,75.48,32.87,1995.74,MARGINAL,synthetic_physics
2300.7,34.5625,0.7251,0.34876,38.636,0.48809,0.09798,0.4759,97.89,34.544,1796.57,GOOD,synthetic_physics
2306.4,27.125,0.7817,0.22184,32.156,0.59264,0.0949,0.5719,99.5,27.198,1782.26,REJECT,synthetic_physics
2472.4,18.25,0.772,0.45804,40.916,0.4442,0.07301,0.4351,63.63,18.022,2101.07,GOOD,synthetic_physics
2318.5,33.375,0.7746,0.37455,38.383,0.60098,0.08372,0.5283,76.83,33.552,1983.75,MARGINAL,synthetic_physics
2306.4,28.8125,0.8256,0.36679,41.553,0.61003,0.12564,0.5737,43.37,28.703,2281.11,REJECT,synthetic_physics
2398.2,26.125,0.7836,0.41686,39.888,0.51364,0.09015,0.4359,87.35,26.496,1890.26,GOOD,synthetic_physics
2402.3,32.125,0.8639,0.43645,41.491,0.46533,0.07748,0.396,68.54,32.13,2057.43,MARGINAL,synthetic_physics
2250.8,39.5625,0.9259,0.46964,41.559,0.48858,0.06957,0.5221,20.23,39.666,2486.8,MARGINAL,synthetic_physics
2420.0,27.0625,0.7667,0.3537,39.938,0.47022,0.08318,0.4326,96.07,27.389,1812.74,GOOD,synthetic_physics
2459.5,26.25,0.4615,0.28167,29.389,0.47723,0.07486,0.3196,186.86,26.28,1005.67,REJECT,synthetic_physics
2528.0,25.4375,0.582,0.20483,33.016,0.44802,0.07991,0.3914,147.45,25.51,1356.01,MARGINAL,synthetic_physics
2266.1,30.5625,1.0383,0.42167,39.016,0.5374,0.1246,0.5948,10.77,30.45,2570.9,REJECT,synthetic_physics
2395.8,22.75,0.8787,0.39186,41.472,0.43357,0.06238,0.4556,29.14,22.772,2407.64,MARGINAL,synthetic_physics
2474.0,36.9375,0.8266,0.45842,43.464,0.33597,0.04003,0.3512,72.78,36.828,2019.77,MARGINAL,synthetic_physics
2570.7,16.9375,1.0332,0.53554,44.0,0.30368,0.0384,0.308,20.03,16.788,2488.66,REJECT,synthetic_physics
2407.9,35.0,0.326,0.26065,31.244,0.44087,0.0672,0.3747,202.24,34.329,868.95,REJECT,synthetic_physics
2366.0,33.3125,0.8925,0.46323,41.226,0.54642,0.08513,0.4964,47.39,33.036,2245.42,MARGINAL,synthetic_physics
2299.1,25.6875,0.498,0.20575,27.007,0.62718,0.10991,0.5451,153.94,25.633,1298.33,REJECT,synthetic_physics
2421.6,32.0625,0.9205,0.43565,39.884,0.47201,0.08423,0.4825,63.41,32.2,2103.06,GOOD,synthetic_physics
2237.1,35.125,0.8805,0.4148,39.967,0.53923,0.08899,0.5367,53.05,35.134,2195.13,MARGINAL,synthetic_physics
2253.2,32.9375,0.5644,0.22643,27.31,0.74744,0.10722,0.5508,146.79,33.136,1361.85,REJECT,synthetic_physics
2327.3,25.125,0.9061,0.4161,43.567,0.52486,0.08399,0.4885,47.96,25.216,2240.31,MARGINAL,synthetic_physics
2215.3,26.8125,0.4462,0.17594,29.454,0.67002,0.12283,0.6231,202.95,26.802,862.67,REJECT,synthetic_physics
2347.5,31.5625,0.6927,0.28338,33.136,0.52742,0.07945,0.4611,109.61,31.555,1692.33,GOOD,synthetic_physics
2454.7,31.0625,0.8384,0.36006,33.31,0.58713,0.07286,0.4907,50.18,31.291,2220.66,GOOD,synthetic_physics
2378.9,32.6875,0.5357,0.17276,25.377,0.62647,0.10219,0.5247,145.45,32.94,1373.78,MARGINAL,synthetic_physics
2410.3,26.625,0.9791,0.42213,39.113,0.53476,0.06633,0.4639,67.28,26.419,2068.61,GOOD,synthetic_physics
2357.1,33.3125,0.7026,0.27855,34.064,0.50853,0.09014,0.4769,111.12,32.963,1678.9,GOOD,synthetic_physics
2375.7,34.0,0.5756,0.31953,31.899,0.49396,0.0638,0.39,141.97,33.721,1404.73,MARGINAL,synthetic_physics
2305.6,20.875,0.9446,0.41586,39.432,0.40872,0.07625,0.4448,61.27,20.867,2122.06,GOOD,synthetic_physics
2528.0,35.75,0.4998,0.25197,37.82,0.50401,0.06724,0.3099,162.36,35.349,1223.48,REJECT,synthetic_physics
2504.6,31.4375,0.9907,0.47774,40.83,0.39609,0.01712,0.3801,26.29,31.643,2432.98,MARGINAL,synthetic_physics
2354.7,30.625,0.9154,0.398,35.297,0.55832,0.09512,0.5544,74.15,30.707,2007.57,REJECT,synthetic_physics
2311.2,21.375,0.5362,0.20186,31.584,0.68222,0.12564,0.5246,136.62,21.338,1452.3,MARGINAL,synthetic_physics
2235.5,32.1875,1.0191,0.39847,40.398,0.66959,0.10352,0.625,10.08,32.115,2577.04,REJECT,synthetic_physics
2520.7,18.875,1.0142,0.55567,42.712,0.38448,0.03771,0.3813,24.37,18.277,2450.05,MARGINAL,synthetic_physics
2479.6,23.9375,0.4208,0.27503,34.982,0.37514,0.06609,0.3373,189.12,23.909,985.6,REJECT,synthetic_physics
2497.4,25.25,0.8613,0.48055,38.603,0.23413,0.04511,0.3534,54.24,24.868,2184.57,MARGINAL,synthetic_physics
2382.1,26.875,0.8442,0.35832,35.848,0.54468,0.06501,0.4731,64.48,27.087,2093.48,GOOD,synthetic_physics
2220.1,32.5,0.9204,0.35672,34.845,0.5981,0.11312,0.5889,70.67,32.41,2038.51,REJECT,synthetic_physics
2515.9,33.0625,0.6452,0.27476,34.793,0.4003,0.06638,0.3598,119.5,33.071,1604.41,MARGINAL,synthetic_physics
2424.8,17.625,0.8697,0.43836,36.375,0.37333,0.06964,0.4242,63.53,17.429,2101.97,GOOD,synthetic_physics
2373.3,22.3125,0.9805,0.44073,39.585,0.41787,0.06144,0.5055,30.5,22.333,2395.52,MARGINAL,synthetic_physics
2522.3,21.75,0.3495,0.24773,32.159,0.41935,0.05236,0.3713,193.67,21.68,945.14,REJECT,synthetic_physics
2258.8,34.25,1.11,0.46185,41.925,0.5802,0.10561,0.5474,10.13,34.019,2576.6,MARGINAL,synthetic_physics
2343.4,29.25,0.9129,0.3497,34.749,0.53844,0.08647,0.5222,79.39,29.13,1960.98,MARGINAL,synthetic_physics
2441.0,28.4375,0.9079,0.42085,44.0,0.36255,0.06933,0.4025,58.04,28.269,2150.79,GOOD,synthetic_physics
2418.4,25.8125,0.6888,0.35166,33.725,0.39545,0.03933,0.3616,114.77,25.806,1646.53,MARGINAL,synthetic_physics
2379.7,31.4375,0.8013,0.38367,35.714,0.45899,0.07563,0.4309,87.31,31.318,1890.54,GOOD,synthetic_physics
2414.4,27.9375,0.7212,0.4408,37.892,0.3654,0.07477,0.4532,71.94,27.858,2027.18,GOOD,synthetic_physics
2357.9,17.875,0.4145,0.26295,27.065,0.68472,0.1129,0.5564,216.04,17.717,746.29,REJECT,synthetic_physics
2395.0,32.0625,1.018,0.57581,43.481,0.38677,0.04424,0.3664,11.46,31.924,2564.8,MARGINAL,synthetic_physics
2225.8,29.625,0.4181,0.12875,29.482,0.80533,0.14051,0.6173,179.35,29.898,1072.43,REJECT,synthetic_physics
2359.6,29.875,0.9958,0.38674,39.768,0.50983,0.08681,0.511,50.76,29.986,2215.43,MARGINAL,synthetic_physics
2258.8,26.625,0.8757,0.43857,40.237,0.57393,0.08963,0.5516,26.13,26.52,2434.37,REJECT,synthetic_physics
2484.5,23.375,0.4941,0.28249,33.958,0.53286,0.09385,0.4242,179.05,23.359,1075.13,REJECT,synthetic_physics
2362.0,25.625,0.7637,0.39707,38.901,0.40758,0.09728,0.4466,93.18,25.196,1838.39,GOOD,synthetic_physics
2361.2,29.5625,0.7102,0.324,37.01,0.56039,0.10456,0.5157,87.79,29.803,1886.33,MARGINAL,synthetic_physics
2384.5,38.1875,0.6483,0.32194,36.156,0.47468,0.07424,0.4396,113.63,37.924,1656.61,MARGINAL,synthetic_physics
2343.4,35.25,1.0127,0.42935,39.221,0.55234,0.09979,0.5247,22.51,35.337,2466.54,MARGINAL,synthetic_physics
2503.0,33.5,0.7254,0.29672,33.929,0.50814,0.07542,0.4527,110.23,33.241,1686.85,GOOD,synthetic_physics
2370.8,23.3125,0.6148,0.31689,33.083,0.61468,0.09287,0.5333,121.27,23.647,1588.73,MARGINAL,synthetic_physics
2224.2,30.4375,1.0922,0.47592,35.121,0.66338,0.11195,0.6313,10.16,30.446,2576.34,REJECT,synthetic_physics
2524.0,28.75,0.358,0.21702,34.391,0.43369,0.05428,0.3895,205.28,29.059,841.95,REJECT,synthetic_physics
2364.4,25.9375,0.9155,0.42554,40.26,0.39355,0.07235,0.4278,60.67,26.002,2127.42,GOOD,synthetic_physics
2403.1,25.5,0.3988,0.2362,28.932,0.55813,0.0973,0.5066,198.08,25.264,905.94,REJECT,synthetic_physics
2309.6,29.375,1.0567,0.50054,39.763,0.47973,0.09652,0.514,11.84,29.561,2561.4,MARGINAL,synthetic_physics
2237.9,34.6875,1.0216,0.42221,39.513,0.5736,0.09946,0.571,20.07,34.47,2488.29,REJECT,synthetic_physics
2461.1,14.25,0.888,0.40862,37.766,0.38232,0.04958,0.3992,75.77,14.377,1993.12,MARGINAL,synthetic_physics
2390.2,32.0625,0.8914,0.40735,39.881,0.40802,0.0513,0.4093,70.45,31.879,2040.48,GOOD,synthetic_physics
2312.0,34.875,1.001,0.44145,41.891,0.64104,0.08552,0.539,23.75,34.753,2455.53,MARGINAL,synthetic_physics
2277.4,21.375,0.4689,0.26034,27.527,0.63983,0.10752,0.5793,178.45,21.467,1080.48,REJECT,synthetic_physics
2417.6,29.5,0.7548,0.38265,41.625,0.43783,0.06433,0.4217,70.16,29.387,2043.0,GOOD,synthetic_physics
2337.0,30.0,0.7795,0.36891,38.882,0.6133,0.10802,0.5904,65.3,29.882,2086.21,REJECT,synthetic_physics
2450.6,28.3125,0.4632,0.25101,35.281,0.4443,0.07622,0.4221,167.0,28.274,1182.23,REJECT,synthetic_physics
2474.0,33.5625,0.3603,0.28569,33.16,0.31546,0.02782,0.3412,188.15,33.546,994.18,REJECT,synthetic_physics
2198.4,33.875,0.8553,0.38935,37.119,0.56054,0.09945,0.5718,72.5,33.815,2022.22,REJECT,synthetic_physics
2441.0,23.0625,0.9622,0.46472,40.517,0.40001,0.0531,0.4242,29.98,22.765,2400.17,MARGINAL,synthetic_physics
2301.5,31.25,0.5772,0.24252,31.876,0.48558,0.09314,0.4997,137.41,31.544,1445.27,MARGINAL,synthetic_physics
2244.3,33.5,0.4813,0.16901,30.585,0.58525,0.11023,0.5376,174.4,33.504,1116.4,REJECT,synthetic_physics
2268.5,32.625,0.7355,0.28935,39.88,0.57048,0.11296,0.5175,103.75,32.673,1744.42,MARGINAL,synthetic_physics
2473.2,26.75,1.0768,0.54609,44.0,0.33816,0.04606,0.4332,15.19,26.457,2531.68,MARGINAL,synthetic_physics
2214.5,33.75,0.9202,0.37383,37.599,0.5827,0.1115,0.6318,26.21,33.684,2433.66,REJECT,synthetic_physics
2418.4,31.6875,0.7958,0.34152,40.718,0.49772,0.07729,0.4089,97.28,31.462,1801.93,GOOD,synthetic_physics
2345.9,33.75,0.9105,0.46542,41.95,0.5198,0.07407,0.4524,50.6,33.88,2216.93,GOOD,synthetic_physics
2349.9,28.5625,0.3696,0.24026,28.17,0.55095,0.11114,0.4926,197.29,28.353,912.94,REJECT,synthetic_physics
2352.3,32.25,0.9419,0.39337,39.941,0.51301,0.071,0.4719,58.19,31.991,2149.41,GOOD,synthetic_physics
2369.2,29.3125,0.7258,0.24909,37.541,0.45648,0.08751,0.4915,114.76,29.568,1646.58,GOOD,synthetic_physics
2366.0,22.5,0.5897,0.27458,34.119,0.66858,0.10718,0.5444,127.37,22.381,1534.48,MARGINAL,synthetic_physics
2383.7,19.75,0.9576,0.45886,40.937,0.42133,0.09503,0.4772,30.89,19.748,2392.05,MARGINAL,synthetic_physics
2360.4,33.125,0.8269,0.41819,38.001,0.59385,0.08496,0.4868,72.97,33.084,2018.06,GOOD,synthetic_physics
2432.1,29.3125,0.7751,0.3534,33.511,0.49337,0.08781,0.4639,90.97,29.26,1858.03,GOOD,synthetic_physics
2270.1,32.3125,0.7202,0.27949,31.832,0.60012,0.11976,0.5464,100.62,32.287,1772.24,MARGINAL,synthetic_physics
2475.6,29.0,0.7446,0.31747,32.924,0.44245,0.06475,0.4035,91.73,28.977,1851.32,GOOD,synthetic_physics
2328.1,28.8125,0.813,0.3474,34.316,0.56598,0.12122,0.6178,74.64,28.939,2003.2,REJECT,synthetic_physics
2536.0,27.3125,0.9645,0.51919,44.0,0.33709,0.03485,0.3111,28.15,27.463,2416.43,REJECT,synthetic_physics
2450.6,28.4375,0.7205,0.43543,33.299,0.40079,0.05245,0.4281,76.8,28.562,1983.97,GOOD,synthetic_physics
2346.7,35.25,0.5952,0.30171,36.257,0.40702,0.08282,0.3796,130.07,34.692,1510.46,MARGINAL,synthetic_physics
2363.6,25.375,0.3187,0.23254,34.824,0.54229,0.07516,0.463,216.38,25.357,743.31,REJECT,synthetic_physics
2337.8,36.8125,0.894,0.4205,42.086,0.40145,0.08388,0.5008,29.37,36.623,2405.61,MARGINAL,synthetic_physics
2475.6,37.0,0.6147,0.30834,32.361,0.50001,0.0907,0.3996,136.98,36.918,1449.08,MARGINAL,synthetic_physics
2308.8,34.5,0.6805,0.26912,36.806,0.51371,0.10088,0.4776,120.47,34.776,1595.81,GOOD,synthetic_physics
2389.4,28.8125,0.6069,0.30881,29.162,0.5775,0.08954,0.4752,127.33,28.949,1534.83,MARGINAL,synthetic_physics
2348.3,21.8125,0.8151,0.33225,38.703,0.54527,0.08219,0.4928,80.53,21.587,1950.85,GOOD,synthetic_physics
2368.4,24.125,1.1806,0.36573,44.0,0.55818,0.08449,0.5885,15.37,24.194,2530.07,REJECT,synthetic_physics
2333.0,33.25,0.8473,0.34542,35.599,0.4949,0.06911,0.4644,75.1,33.122,1999.1,GOOD,synthetic_physics
2352.3,34.25,0.2868,0.24546,29.6,0.57353,0.08339,0.489,219.43,34.299,716.22,REJECT,synthetic_physics
2283.0,28.0625,0.54,0.24997,32.272,0.69957,0.1137,0.5804,136.66,28.093,1451.94,REJECT,synthetic_physics
2324.1,29.4375,0.7958,0.27785,37.33,0.5896,0.08457,0.4884,117.54,29.276,1621.89,GOOD,synthetic_physics
2307.2,30.25,0.5859,0.22503,30.032,0.51848,0.10883,0.5509,128.22,30.438,1526.89,REJECT,synthetic_physics
2306.4,34.3125,0.7041,0.36396,31.785,0.45875,0.05762,0.44,113.14,34.377,1661.01,GOOD,synthetic_physics
2495.8,22.125,0.8388,0.36623,36.621,0.44636,0.0617,0.4551,75.15,22.259,1998.7,GOOD,synthetic_physics
2453.8,18.0,0.8134,0.4783,42.645,0.42675,0.06489,0.3759,69.1,18.067,2052.45,MARGINAL,synthetic_physics
2314.4,28.5,0.7472,0.44629,38.049,0.47725,0.09761,0.4917,57.67,28.7,2154.0,GOOD,synthetic_physics
2297.5,32.25,1.0267,0.45089,44.0,0.48119,0.07017,0.5115,10.98,32.586,2569.03,MARGINAL,synthetic_physics
2403.9,25.375,0.518,0.29684,34.595,0.50077,0.06364,0.3713,146.86,25.182,1361.25,MARGINAL,synthetic_physics
2377.3,31.25,0.9165,0.40911,39.746,0.54441,0.07555,0.4793,54.45,31.139,2182.65,GOOD,synthetic_physics
2408.7,30.0,0.8521,0.30473,39.294,0.53647,0.08755,0.479,84.68,29.819,1913.95,GOOD,synthetic_physics
2282.2,30.6875,0.8941,0.40025,36.778,0.5941,0.08738,0.5623,63.07,30.583,2106.02,REJECT,synthetic_physics
2337.0,27.1875,0.9353,0.48824,44.0,0.58437,0.09677,0.51,26.38,27.056,2432.2,MARGINAL,synthetic_physics
2440.1,23.0,0.6735,0.34322,37.099,0.42813,0.06493,0.4144,106.97,22.951,1715.81,GOOD,synthetic_physics
2345.1,24.0,0.8393,0.31484,37.748,0.63076,0.09266,0.5799,70.6,23.698,2039.15,REJECT,synthetic_physics
2513.5,30.5,0.2542,0.34082,33.871,0.45372,0.05689,0.319,218.54,30.708,724.05,REJECT,synthetic_physics
2548.1,34.1875,0.9044,0.54452,44.0,0.31771,0.02724,0.3213,58.0,34.166,2151.15,REJECT,synthetic_physics
2399.0,31.1875,1.0463,0.51652,43.317,0.47966,0.06313,0.4123,30.99,31.125,2391.17,MARGINAL,synthetic_physics
2436.1,27.875,0.6474,0.29113,33.628,0.61257,0.0925,0.4676,117.72,27.995,1620.25,GOOD,synthetic_physics
2370.8,30.1875,0.3486,0.25957,28.509,0.5277,0.09711,0.5119,209.62,30.487,803.38,REJECT,synthetic_physics
2238.7,33.6875,0.6533,0.25354,27.916,0.49299,0.09274,0.5222,124.58,33.679,1559.28,MARGINAL,synthetic_physics
2222.6,29.1875,0.3086,0.20345,29.096,0.71957,0.12615,0.6354,202.47,29.158,866.96,REJECT,synthetic_physics
2425.6,21.75,0.989,0.50958,44.0,0.38061,0.0301,0.3597,52.77,21.702,2197.61,MARGINAL,synthetic_physics
2463.5,34.6875,0.6978,0.49824,41.721,0.35561,0.06735,0.3294,69.54,34.496,2048.57,REJECT,synthetic_physics
2347.5,16.8125,0.537,0.30091,26.885,0.56259,0.11427,0.5415,144.05,17.044,1386.18,MARGINAL,synthetic_physics
2285.4,28.1875,0.5897,0.24284,31.004,0.57014,0.10059,0.5335,144.99,28.66,1377.87,MARGINAL,synthetic_physics
2263.7,30.75,0.5792,0.24637,28.62,0.63601,0.11282,0.5429,133.73,30.166,1477.93,MARGINAL,synthetic_physics
2385.3,30.5625,0.8713,0.40105,39.83,0.44482,0.04945,0.3794,82.68,30.799,1931.72,MARGINAL,synthetic_physics
2413.6,34.9375,0.3988,0.31107,34.104,0.44503,0.08726,0.4243,193.81,35.113,943.87,REJECT,synthetic_physics
2495.8,22.5,0.9306,0.48135,41.844,0.29837,0.0438,0.3505,57.56,22.475,2155.06,MARGINAL,synthetic_physics
2327.3,28.75,0.5262,0.26537,33.057,0.57996,0.07699,0.4903,142.32,29.129,1401.62,MARGINAL,synthetic_physics
2341.0,32.3125,0.6787,0.31765,31.868,0.54191,0.07763,0.4642,106.71,32.451,1718.17,GOOD,synthetic_physics
2382.1,25.875,1.0946,0.61091,44.0,0.38545,0.07107,0.3885,10.52,26.035,2573.19,MARGINAL,synthetic_physics
2428.1,31.25,0.7995,0.38205,39.617,0.65021,0.09365,0.4998,88.1,31.541,1883.58,GOOD,synthetic_physics
2393.4,25.4375,0.8556,0.43538,41.802,0.37715,0.06342,0.418,61.37,25.221,2121.19,GOOD,synthetic_physics
2428.9,29.9375,0.8045,0.40192,38.222,0.36233,0.04079,0.3749,69.14,30.114,2052.08,MARGINAL,synthetic_physics
2312.8,26.3125,0.7871,0.33998,32.99,0.53133,0.11705,0.5779,74.9,26.303,2000.85,REJECT,synthetic_physics
2388.6,38.3125,0.9636,0.56736,42.582,0.38766,0.05202,0.4228,12.03,38.052,2559.69,MARGINAL,synthetic_physics
2171.8,40.0,0.8506,0.35752,35.386,0.53404,0.11652,0.5829,76.37,40.197,1987.82,REJECT,synthetic_physics
2406.3,28.5625,0.7383,0.34435,35.976,0.46038,0.08828,0.4548,101.57,28.407,1763.81,GOOD,synthetic_physics
2424.0,31.0625,0.8055,0.39378,34.759,0.43521,0.04776,0.4119,81.75,30.932,1940.0,GOOD,synthetic_physics
2370.8,31.9375,0.7552,0.26952,33.344,0.41522,0.06772,0.4367,104.95,32.409,1733.8,GOOD,synthetic_physics
2223.4,33.4375,0.9967,0.4752,39.989,0.64198,0.11122,0.6385,15.99,33.713,2524.52,REJECT,synthetic_physics
2477.2,29.375,0.9217,0.52254,43.431,0.32553,0.04419,0.3065,33.34,29.546,2370.3,REJECT,synthetic_physics
2379.7,23.3125,0.6282,0.31977,33.441,0.55328,0.09844,0.493,118.27,23.398,1615.33,GOOD,synthetic_physics
2360.4,37.4375,1.0851,0.46323,42.489,0.51042,0.09896,0.4921,11.86,37.701,2561.27,MARGINAL,synthetic_physics
2460.3,32.375,0.893,0.46239,40.366,0.47736,0.05218,0.3956,55.55,32.743,2172.87,MARGINAL,synthetic_physics
2533.6,27.8125,1.1697,0.58837,44.0,0.3384,0.04769,0.3019,12.82,27.5,2552.72,REJECT,synthetic_physics
2430.5,23.3125,0.79,0.38267,32.6,0.48517,0.09528,0.45,87.55,23.773,1888.4,GOOD,synthetic_physics
2302.3,33.8125,0.3739,0.14924,28.352,0.6354,0.13454,0.6278,196.1,33.873,923.54,REJECT,synthetic_physics
2551.4,31.8125,0.8561,0.49299,36.238,0.37232,0.05075,0.3036,59.83,32.178,2134.86,REJECT,synthetic_physics
2289.5,37.0625,0.5931,0.27256,37.445,0.55105,0.09906,0.4727,117.98,36.495,1617.92,MARGINAL,synthetic_physics
2310.4,37.125,0.5387,0.18828,31.697,0.67128,0.12666,0.5689,143.27,36.962,1393.16,REJECT,synthetic_physics
2397.4,26.3125,0.5947,0.3163,29.63,0.66902,0.12294,0.5761,130.04,26.558,1510.76,REJECT,synthetic_physics
2270.9,29.25,0.9918,0.43798,41.096,0.5166,0.0771,0.5239,39.88,29.19,2312.2,MARGINAL,synthetic_physics
2394.2,26.125,0.7207,0.39388,41.206,0.48467,0.08138,0.4926,73.96,25.889,2009.28,GOOD,synthetic_physics
2476.4,24.0625,0.5315,0.30086,35.249,0.39395,0.05802,0.3547,142.15,23.945,1403.09,MARGINAL,synthetic_physics
2525.6,30.6875,0.7751,0.4156,39.901,0.39463,0.05828,0.3027,85.73,30.768,1904.62,REJECT,synthetic_physics
2357.9,22.375,0.9885,0.44981,41.684,0.6213,0.12518,0.5926,32.0,22.607,2382.24,REJECT,synthetic_physics
2250.0,34.0625,0.7492,0.326,39.58,0.55666,0.08416,0.53,93.1,34.061,1839.1,MARGINAL,synthetic_physics
2265.3,34.5,0.5389,0.1762,29.496,0.62524,0.12327,0.5613,147.18,34.527,1358.43,REJECT,synthetic_physics
2472.4,31.25,0.7257,0.37461,38.906,0.55732,0.06521,0.494,95.62,31.195,1816.7,GOOD,synthetic_physics
2482.9,35.4375,0.5978,0.26745,33.766,0.38697,0.04859,0.3604,160.02,35.618,1244.3,REJECT,synthetic_physics
2370.0,26.4375,0.8579,0.38865,33.316,0.5555,0.12021,0.5722,51.29,26.745,2210.75,REJECT,synthetic_physics
2286.2,28.125,0.5594,0.15608,28.982,0.7164,0.14021,0.6168,143.08,27.985,1394.82,REJECT,synthetic_physics
2470.8,15.875,0.7357,0.3687,36.137,0.40595,0.08165,0.4062,106.46,16.018,1720.34,GOOD,synthetic_physics
2344.2,26.6875,0.6879,0.29661,36.579,0.4967,0.07442,0.4644,119.69,26.883,1602.75,GOOD,synthetic_physics
2378.1,25.125,1.0577,0.43123,41.615,0.48672,0.08283,0.4858,34.12,25.158,2363.35,MARGINAL,synthetic_physics
2467.5,25.4375,0.6983,0.37639,36.561,0.54893,0.09373,0.4895,110.96,25.737,1680.34,GOOD,synthetic_physics
2434.5,34.75,0.8285,0.4203,38.994,0.42254,0.04011,0.4139,64.82,34.393,2090.51,GOOD,synthetic_physics
2478.8,24.8125,0.7539,0.38843,39.16,0.41112,0.08636,0.4177,63.22,24.961,2104.75,GOOD,synthetic_physics
2390.2,19.8125,0.6001,0.30575,38.344,0.46521,0.06781,0.4334,120.99,19.606,1591.23,GOOD,synthetic_physics
2371.6,24.3125,0.774,0.4668,39.382,0.36611,0.06718,0.3822,80.21,23.929,1953.71,MARGINAL,synthetic_physics
2477.2,39.0,0.3761,0.21145,33.12,0.38568,0.02853,0.3469,190.09,38.796,976.96,REJECT,synthetic_physics
2273.3,23.9375,0.8996,0.36186,39.789,0.58364,0.09864,0.5827,47.18,23.991,2247.27,REJECT,synthetic_physics
2376.5,19.0625,0.6153,0.32731,40.064,0.4,0.09133,0.4294,123.67,19.156,1567.35,GOOD,synthetic_physics
2436.9,26.4375,0.6994,0.32177,30.345,0.48853,0.07659,0.4389,103.32,26.197,1748.25,GOOD,synthetic_physics
2453.0,23.8125,0.8248,0.31711,40.065,0.43689,0.0451,0.3627,100.86,23.435,1770.12,MARGINAL,synthetic_physics
2300.7,30.8125,0.6606,0.19344,31.163,0.69027,0.11073,0.5678,129.08,30.898,1519.31,REJECT,synthetic_physics
2449.8,19.625,0.7844,0.34954,37.823,0.45481,0.05578,0.4241,79.97,19.406,1955.82,GOOD,synthetic_physics
2369.2,33.875,1.0056,0.38721,44.0,0.49743,0.10127,0.4869,36.71,33.927,2340.4,MARGINAL,synthetic_physics
2379.7,32.9375,0.7179,0.34622,39.814,0.56226,0.06831,0.4286,95.33,32.55,1819.26,GOOD,synthetic_physics
2349.1,27.25,0.8232,0.37984,37.869,0.50653,0.0698,0.4205,74.43,27.083,2005.06,GOOD,synthetic_physics
2389.4,30.6875,0.6258,0.22233,26.203,0.57946,0.08794,0.5025,150.4,30.595,1329.76,REJECT,synthetic_physics
2329.7,35.8125,0.8142,0.38633,34.563,0.53429,0.05816,0.4852,67.02,36.213,2070.96,MARGINAL,synthetic_physics
2199.2,30.0,1.0525,0.41348,37.331,0.50877,0.13742,0.6086,23.13,30.227,2461.11,REJECT,synthetic_physics
2351.5,32.875,0.8174,0.38137,41.198,0.52849,0.05462,0.4485,64.13,33.36,2096.64,GOOD,synthetic_physics
2365.2,33.625,0.9606,0.43449,37.37,0.49464,0.0943,0.4865,55.02,33.511,2177.63,GOOD,synthetic_physics
2367.6,18.625,0.8207,0.35355,38.57,0.47926,0.07444,0.4539,94.43,18.883,1827.29,GOOD,synthetic_physics
2252.4,25.375,0.3366,0.14978,28.671,0.59493,0.09755,0.5879,212.39,25.436,778.78,REJECT,synthetic_physics
2499.0,29.1875,0.8476,0.42975,42.198,0.50126,0.06073,0.4319,53.31,29.309,2192.84,GOOD,synthetic_physics
2372.5,28.8125,0.9891,0.47667,41.479,0.49869,0.07733,0.5251,33.09,28.654,2372.52,MARGINAL,synthetic_physics
2568.3,27.3125,0.6326,0.35547,39.426,0.41788,0.06154,0.3088,135.91,27.322,1458.57,REJECT,synthetic_physics
2312.8,38.75,0.8511,0.44896,42.568,0.40737,0.07872,0.4232,77.94,38.937,1973.9,MARGINAL,synthetic_physics
2408.7,39.3125,0.8238,0.40337,37.716,0.53484,0.08218,0.4274,85.37,39.119,1907.84,MARGINAL,synthetic_physics
2357.1,36.875,0.4468,0.19539,30.372,0.52532,0.08844,0.5023,180.4,36.577,1063.08,REJECT,synthetic_physics
2360.4,31.625,0.8189,0.35961,29.499,0.4566,0.0871,0.4279,92.33,31.862,1845.95,GOOD,synthetic_physics
2313.6,34.125,0.913,0.41929,41.385,0.50831,0.10826,0.5236,52.86,33.906,2196.76,MARGINAL,synthetic_physics
2406.3,26.625,0.4964,0.1564,28.72,0.57436,0.09015,0.5285,151.72,26.408,1318.08,REJECT,synthetic_physics
2360.4,27.375,0.8524,0.47639,42.141,0.56481,0.0801,0.4775,53.36,27.266,2192.37,GOOD,synthetic_physics
2403.1,23.6875,0.2959,0.21042,26.835,0.68091,0.09468,0.5274,219.63,23.542,714.37,REJECT,synthetic_physics
2294.3,28.875,0.7453,0.2789,36.55,0.52379,0.09216,0.4578,117.51,28.651,1622.09,GOOD,synthetic_physics
2387.8,27.5625,0.9401,0.45143,44.0,0.40756,0.07843,0.4693,19.96,27.518,2489.24,MARGINAL,synthetic_physics
2341.0,28.0625,0.8046,0.33098,38.584,0.44623,0.09345,0.4835,85.45,27.9,1907.09,GOOD,synthetic_physics
2441.0,36.0,0.5802,0.30292,38.929,0.4179,0.06441,0.3464,133.37,35.902,1481.2,REJECT,synthetic_physics
2214.5,31.0625,0.4936,0.18155,34.685,0.62617,0.12437,0.5536,167.87,31.109,1174.5,REJECT,synthetic_physics
2490.1,23.5,0.6491,0.30098,31.855,0.45023,0.08665,0.4015,134.63,23.583,1469.93,MARGINAL,synthetic_physics
2315.2,26.0625,0.8432,0.48788,39.345,0.417,0.07388,0.4493,50.31,25.977,2219.43,GOOD,synthetic_physics
2447.4,28.25,0.7125,0.33566,36.879,0.40242,0.04626,0.4205,102.39,28.801,1756.54,GOOD,synthetic_physics
2490.1,28.0625,0.8367,0.38712,38.372,0.46545,0.0409,0.4212,70.99,28.067,2035.68,GOOD,synthetic_physics
2358.8,28.0,0.6685,0.33563,35.754,0.55207,0.10754,0.4981,105.78,27.988,1726.4,GOOD,synthetic_physics
2353.9,32.9375,0.8086,0.35039,34.403,0.42854,0.06137,0.4242,90.61,33.248,1861.29,GOOD,synthetic_physics
2398.2,28.875,0.8281,0.43465,37.805,0.56315,0.08268,0.4833,52.58,29.012,2199.29,GOOD,synthetic_physics
2463.5,37.25,0.835,0.50931,40.927,0.38421,0.03579,0.3612,62.47,36.975,2111.39,MARGINAL,synthetic_physics
2270.9,29.75,0.3294,0.14108,26.592,0.70285,0.14569,0.6001,199.93,29.688,889.51,REJECT,synthetic_physics
2389.4,27.5625,0.7735,0.35235,32.581,0.51142,0.06984,0.4994,80.95,27.51,1947.09,GOOD,synthetic_physics
2324.9,29.625,0.9098,0.41074,41.181,0.48401,0.06518,0.4665,59.36,29.529,2139.0,GOOD,synthetic_physics
2513.5,24.3125,0.3833,0.23055,32.526,0.51802,0.06463,0.4134,185.28,24.425,1019.71,REJECT,synthetic_physics
2390.2,35.6875,0.422,0.23406,30.415,0.54871,0.08732,0.4459,190.6,35.89,972.44,REJECT,synthetic_physics
2273.3,42.0,0.7215,0.23461,32.552,0.63531,0.10838,0.59,111.34,41.86,1676.98,REJECT,synthetic_physics
2382.1,31.75,0.7622,0.29876,33.079,0.46009,0.09794,0.4863,98.97,31.564,1786.97,GOOD,synthetic_physics
2527.2,25.8125,0.8664,0.51852,44.0,0.35277,0.04246,0.3582,43.86,25.86,2276.78,MARGINAL,synthetic_physics
2444.2,18.6875,0.9031,0.51887,43.108,0.33439,0.0484,0.3722,30.42,18.275,2396.26,MARGINAL,synthetic_physics
2494.9,23.3125,0.7423,0.42006,40.033,0.36969,0.03198,0.3688,83.54,23.408,1924.1,MARGINAL,synthetic_physics
2320.1,35.1875,0.4694,0.19766,28.405,0.6548,0.11018,0.5757,175.07,35.092,1110.51,REJECT,synthetic_physics
2287.0,31.75,0.8847,0.34523,40.959,0.56608,0.08756,0.5232,52.96,31.665,2195.91,MARGINAL,synthetic_physics
2362.8,39.875,0.9554,0.4207,34.659,0.44324,0.06809,0.5073,53.24,39.783,2193.42,MARGINAL,synthetic_physics
2368.4,29.5625,0.8662,0.41349,36.806,0.49123,0.09218,0.4486,65.87,29.536,2081.15,GOOD,synthetic_physics
2461.1,33.5,0.708,0.2666,36.196,0.45174,0.08695,0.4671,104.64,33.766,1736.56,GOOD,synthetic_physics
2454.7,26.4375,0.316,0.22744,34.854,0.37762,0.04023,0.3437,208.1,26.424,816.88,REJECT,synthetic_physics
2292.7,26.4375,0.4006,0.15001,24.97,0.63328,0.1232,0.6442,173.54,26.489,1124.13,REJECT,synthetic_physics
2378.1,30.25,0.7421,0.34976,39.861,0.57882,0.07911,0.4656,65.51,30.356,2084.33,GOOD,synthetic_physics
2345.9,27.8125,0.9217,0.345,35.83,0.44334,0.09305,0.5311,62.9,28.153,2107.51,MARGINAL,synthetic_physics
2428.1,31.625,0.7845,0.41609,39.059,0.43308,0.02982,0.3655,95.71,31.745,1815.9,MARGINAL,synthetic_physics
2286.2,22.25,0.9684,0.44399,37.41,0.61487,0.09498,0.5719,47.85,22.193,2241.3,REJECT,synthetic_physics
2346.7,30.75,0.9189,0.36301,39.428,0.47285,0.08713,0.4314,77.27,30.751,1979.78,GOOD,synthetic_physics
2334.6,31.875,0.9273,0.44875,37.149,0.51358,0.07473,0.5007,26.05,32.443,2435.1,MARGINAL,synthetic_physics
2393.4,18.9375,1.0249,0.50898,44.0,0.53751,0.0746,0.4719,15.37,18.912,2530.06,MARGINAL,synthetic_physics
2474.0,27.9375,1.0812,0.46641,44.0,0.40206,0.05461,0.4345,12.02,28.175,2559.87,MARGINAL,synthetic_physics
2341.0,24.875,0.8368,0.3749,40.752,0.48164,0.08301,0.4908,59.03,25.137,2141.96,GOOD,synthetic_physics
2430.5,16.75,0.9001,0.42607,38.914,0.45619,0.04688,0.4333,56.42,16.793,2165.17,GOOD,synthetic_physics
2399.0,23.4375,0.8638,0.39159,42.678,0.50243,0.06865,0.4818,53.29,23.411,2193.02,GOOD,synthetic_physics
2385.3,25.1875,0.7017,0.24124,31.494,0.47644,0.09727,0.494,120.73,25.497,1593.47,GOOD,synthetic_physics
2529.6,29.0625,0.6103,0.32141,37.981,0.40122,0.04999,0.321,125.95,29.017,1547.08,REJECT,synthetic_physics
2343.4,25.625,0.6887,0.30606,33.409,0.57068,0.11084,0.5621,109.0,25.723,1697.78,REJECT,synthetic_physics
2506.2,29.875,0.3963,0.29841,33.29,0.42874,0.06319,0.35,200.62,29.729,883.34,REJECT,synthetic_physics
2398.2,23.75,0.8222,0.38017,37.314,0.58711,0.08951,0.4775,96.44,23.832,1809.46,GOOD,synthetic_physics
2342.6,28.75,0.7577,0.28677,29.058,0.53312,0.07622,0.4803,109.87,28.666,1690.0,GOOD,synthetic_physics
2445.0,21.0625,0.3922,0.16022,32.246,0.57587,0.08275,0.441,172.6,21.415,1132.43,REJECT,synthetic_physics
2402.3,24.0,0.7465,0.37079,37.313,0.38938,0.09534,0.4493,93.27,23.933,1837.61,GOOD,synthetic_physics
2362.8,32.625,0.6586,0.32125,35.118,0.50301,0.07579,0.4287,119.43,32.534,1605.09,GOOD,synthetic_physics
2448.2,21.9375,0.8055,0.39897,38.594,0.47359,0.04509,0.4058,74.03,21.926,2008.62,GOOD,synthetic_physics
2380.5,29.75,0.8582,0.31509,38.832,0.48938,0.07752,0.4541,97.93,29.854,1796.15,GOOD,synthetic_physics
2387.8,29.5,0.8741,0.56109,44.0,0.44927,0.08028,0.4792,20.99,29.596,2480.13,MARGINAL,synthetic_physics
2437.7,35.625,0.9006,0.55497,44.0,0.37664,0.03637,0.3108,32.87,35.535,2374.5,REJECT,synthetic_physics
2422.4,28.0625,0.9272,0.4727,43.03,0.51441,0.05798,0.398,46.01,28.223,2257.7,MARGINAL,synthetic_physics
2395.8,35.1875,0.4138,0.25795,31.727,0.51095,0.0831,0.4218,180.22,35.466,1064.68,REJECT,synthetic_physics
2187.1,31.5,0.6354,0.22327,32.932,0.66764,0.11774,0.5927,127.82,31.399,1530.5,REJECT,synthetic_physics
2407.9,24.3125,0.3148,0.2341,29.739,0.57595,0.0797,0.3954,193.17,24.282,949.6,REJECT,synthetic_physics
2412.7,35.0,1.067,0.47741,41.32,0.41481,0.0845,0.4805,11.05,35.017,2568.47,MARGINAL,synthetic_physics
2463.5,28.875,0.5792,0.27156,33.147,0.44984,0.05105,0.3988,144.72,28.983,1380.31,MARGINAL,synthetic_physics
2317.7,30.9375,0.5766,0.19582,29.027,0.68709,0.11391,0.5999,144.86,30.868,1379.06,REJECT,synthetic_physics
2480.4,29.0625,1.0097,0.58344,44.0,0.29951,0.02686,0.3678,31.18,29.406,2389.48,MARGINAL,synthetic_physics
2535.2,32.625,0.5387,0.31084,37.939,0.32847,0.07433,0.3242,140.16,32.726,1420.8,REJECT,synthetic_physics
2341.0,31.9375,0.6685,0.30269,33.772,0.5371,0.08838,0.4861,109.43,31.431,1693.94,GOOD,synthetic_physics
2469.2,32.75,0.8815,0.43749,36.96,0.41919,0.04034,0.3705,72.79,32.897,2019.66,MARGINAL,synthetic_physics
2318.5,32.0,0.6586,0.39871,39.264,0.51316,0.05866,0.4671,103.16,31.871,1749.71,GOOD,synthetic_physics
2396.6,29.125,0.7444,0.33233,35.92,0.37911,0.08621,0.4522,93.81,29.708,1832.76,GOOD,synthetic_physics
2311.2,39.25,0.4979,0.27063,32.447,0.57477,0.10279,0.524,156.35,39.137,1276.86,REJECT,synthetic_physics
2180.7,34.0625,1.203,0.40568,39.348,0.66852,0.10752,0.6299,28.99,33.996,2408.97,REJECT,synthetic_physics
2471.6,29.5,0.6938,0.29593,35.115,0.60832,0.07342,0.4419,121.17,29.693,1589.64,GOOD,synthetic_physics
2434.5,31.8125,0.6848,0.41157,38.129,0.36417,0.03666,0.3648,111.95,31.932,1671.58,MARGINAL,synthetic_physics
2225.8,34.0625,0.6082,0.20551,26.558,0.6807,0.12818,0.6086,130.7,34.121,1504.87,REJECT,synthetic_physics
2561.8,25.625,0.4745,0.31754,30.061,0.42255,0.04153,0.3045,169.5,25.636,1160.0,REJECT,synthetic_physics
2446.6,31.5625,0.851,0.49271,37.304,0.47198,0.06056,0.3835,62.15,31.736,2114.21,MARGINAL,synthetic_physics
2239.5,33.625,0.3891,0.25462,26.385,0.67953,0.12839,0.6068,195.52,33.289,928.68,REJECT,synthetic_physics
2451.4,24.75,0.7717,0.38808,40.095,0.36782,0.03458,0.4038,77.97,24.799,1973.59,GOOD,synthetic_physics
2408.7,28.125,0.8099,0.33023,34.581,0.5106,0.09423,0.4994,80.99,28.422,1946.71,GOOD,synthetic_physics
2403.1,33.1875,0.59,0.32618,34.468,0.44338,0.07915,0.4443,136.73,33.477,1451.32,MARGINAL,synthetic_physics
2425.6,24.3125,0.2912,0.26724,31.376,0.38918,0.08633,0.4427,217.82,24.292,730.53,REJECT,synthetic_physics
2376.5,35.8125,0.9869,0.4065,39.971,0.51809,0.07994,0.4879,40.26,35.812,2308.78,MARGINAL,synthetic_physics
2427.3,21.8125,0.6747,0.30812,34.396,0.41866,0.08072,0.4315,106.74,22.237,1717.88,GOOD,synthetic_physics
2370.0,30.0,0.5715,0.25979,33.779,0.55612,0.08097,0.4873,135.87,29.723,1458.9,MARGINAL,synthetic_physics
2300.7,30.8125,0.6501,0.30432,30.141,0.68361,0.13253,0.5887,109.1,30.94,1696.92,REJECT,synthetic_physics
2506.2,36.9375,0.7153,0.31502,35.227,0.41747,0.05072,0.3681,127.46,36.986,1533.67,MARGINAL,synthetic_physics
2552.2,26.0,0.6915,0.33653,39.026,0.47056,0.0413,0.3501,105.39,26.347,1729.82,MARGINAL,synthetic_physics
2437.7,26.5625,0.704,0.29748,37.014,0.49712,0.07067,0.4178,108.84,26.556,1699.22,GOOD,synthetic_physics
2448.2,30.3125,0.6214,0.28,36.011,0.39327,0.0617,0.3897,135.07,30.029,1466.08,MARGINAL,synthetic_physics
2296.7,33.125,0.4604,0.25713,25.856,0.56576,0.12406,0.5637,179.66,33.082,1069.73,REJECT,synthetic_physics
2337.0,34.8125,0.6549,0.29406,35.879,0.56282,0.08893,0.4692,117.0,34.749,1626.69,GOOD,synthetic_physics
2268.5,27.125,0.8376,0.35058,35.206,0.66397,0.14255,0.6454,50.87,27.429,2214.47,REJECT,synthetic_physics
2399.0,27.125,0.6499,0.30766,33.468,0.44376,0.07911,0.4327,117.63,27.229,1621.03,GOOD,synthetic_physics
2458.7,23.25,0.6292,0.29786,34.081,0.53287,0.07751,0.4408,118.74,23.41,1611.2,GOOD,synthetic_physics
2422.4,36.25,0.5042,0.2996,31.836,0.40624,0.04799,0.3151,154.25,35.996,1295.54,REJECT,synthetic_physics
2398.2,26.125,0.8426,0.36104,40.197,0.53687,0.05689,0.4368,81.84,25.941,1939.22,GOOD,synthetic_physics
2366.0,26.125,0.486,0.19062,29.614,0.57632,0.11516,0.5034,169.82,25.758,1157.17,REJECT,synthetic_physics
2437.7,29.75,0.6726,0.32784,37.02,0.48009,0.05995,0.3957,107.77,29.62,1708.73,MARGINAL,synthetic_physics
2320.1,37.0625,0.4276,0.18488,31.113,0.58844,0.10507,0.5217,182.2,37.085,1047.15,REJECT,synthetic_physics
2279.8,26.375,1.0966,0.42813,36.243,0.74166,0.10586,0.6438,13.38,26.523,2547.7,REJECT,synthetic_physics
2470.0,27.3125,0.5703,0.33731,36.447,0.37891,0.04107,0.3634,136.15,26.867,1456.49,MARGINAL,synthetic_physics
2333.0,29.625,0.6657,0.37878,39.257,0.5098,0.05344,0.4177,96.97,29.722,1804.68,GOOD,synthetic_physics
2445.0,39.3125,0.9522,0.44835,39.549,0.43019,0.06119,0.4473,27.51,39.36,2422.1,MARGINAL,synthetic_physics
2445.0,31.0625,0.6603,0.32274,36.287,0.45227,0.05999,0.4303,107.78,30.855,1708.59,GOOD,synthetic_physics
2384.5,32.625,0.9799,0.45635,42.844,0.51042,0.07729,0.4785,23.42,32.533,2458.46,MARGINAL,synthetic_physics
2266.1,31.625,0.8894,0.3817,41.027,0.58158,0.10277,0.5825,55.97,32.03,2169.12,REJECT,synthetic_physics
2412.7,25.6875,0.6684,0.29622,32.295,0.42126,0.07419,0.3939,143.04,25.55,1395.19,MARGINAL,synthetic_physics
2325.7,21.75,0.68,0.30611,33.271,0.4629,0.068,0.4617,111.72,21.865,1673.62,GOOD,synthetic_physics
2273.3,35.0,0.3159,0.24642,33.14,0.65034,0.0845,0.549,204.06,35.146,852.78,REJECT,synthetic_physics
2245.9,33.9375,0.4124,0.17841,27.424,0.72889,0.12134,0.5767,182.52,33.94,1044.28,REJECT,synthetic_physics
2459.5,29.3125,0.7218,0.3076,37.933,0.47134,0.09081,0.4351,106.1,29.669,1723.54,GOOD,synthetic_physics
2196.0,24.5625,0.9712,0.3977,39.904,0.68018,0.1187,0.6296,26.05,24.532,2435.13,REJECT,synthetic_physics
2491.7,32.1875,0.6152,0.35528,37.591,0.31974,0.05949,0.3777,121.11,32.292,1590.16,MARGINAL,synthetic_physics
2171.8,31.1875,1.0432,0.37864,38.494,0.57778,0.12902,0.6205,39.78,31.581,2313.06,REJECT,synthetic_physics
2318.5,24.4375,0.9842,0.41026,42.528,0.62215,0.11847,0.5408,27.03,24.29,2426.36,MARGINAL,synthetic_physics
2176.6,31.5,0.5371,0.17002,25.728,0.78714,0.12435,0.6222,163.08,31.419,1217.06,REJECT,synthetic_physics
2278.2,22.75,0.8995,0.38057,36.363,0.58709,0.08198,0.553,56.95,22.903,2160.42,REJECT,synthetic_physics
2424.8,27.875,0.747,0.26298,37.584,0.49393,0.06805,0.4664,117.58,28.217,1621.54,GOOD,synthetic_physics
2272.5,31.4375,0.9881,0.40117,38.098,0.54519,0.11037,0.6049,24.05,31.73,2452.87,REJECT,synthetic_physics
2287.8,23.8125,0.2978,0.22233,31.721,0.50937,0.10136,0.5097,203.04,23.938,861.9,REJECT,synthetic_physics
2441.0,28.1875,0.698,0.3578,32.24,0.38676,0.06583,0.4357,96.31,28.378,1810.62,GOOD,synthetic_physics
2491.7,29.375,0.6692,0.18946,35.533,0.35169,0.06004,0.3941,126.93,29.28,1538.41,MARGINAL,synthetic_physics
2450.6,23.4375,0.7766,0.40335,39.44,0.36471,0.05957,0.4177,79.84,23.573,1957.02,GOOD,synthetic_physics
2528.8,27.625,0.418,0.28771,33.781,0.42743,0.06329,0.3085,188.81,28.378,988.38,REJECT,synthetic_physics
2359.6,36.1875,0.702,0.31961,37.872,0.539,0.08867,0.5003,93.46,36.155,1835.87,MARGINAL,synthetic_physics
2381.3,30.75,0.67,0.28093,35.317,0.48746,0.08036,0.4636,117.33,30.536,1623.72,GOOD,synthetic_physics
2409.5,38.5625,0.9761,0.48655,42.617,0.38468,0.05131,0.4034,49.18,38.128,2229.55,MARGINAL,synthetic_physics
2316.0,32.1875,0.6312,0.32037,28.173,0.58544,0.0995,0.5236,125.35,32.174,1552.45,MARGINAL,synthetic_physics
2447.4,34.6875,1.0006,0.53862,44.0,0.28114,0.06076,0.3383,32.7,34.529,2376.03,REJECT,synthetic_physics
2485.3,39.25,0.4671,0.22107,33.595,0.46413,0.0701,0.3206,167.23,39.149,1180.14,REJECT,synthetic_physics
2274.9,31.5625,0.751,0.31043,35.79,0.59869,0.12046,0.5469,69.9,31.479,2045.31,MARGINAL,synthetic_physics
2320.9,28.75,0.6534,0.21438,34.725,0.66329,0.11914,0.5944,114.38,29.211,1649.95,REJECT,synthetic_physics
2444.2,29.125,0.9081,0.59808,44.0,0.29086,0.03907,0.3661,18.72,29.173,2500.26,MARGINAL,synthetic_physics
2430.5,30.1875,0.7715,0.35997,38.714,0.52425,0.06359,0.4236,97.68,30.452,1798.37,GOOD,synthetic_physics
2461.1,27.4375,0.7297,0.40598,41.113,0.4653,0.08693,0.4561,96.42,27.055,1809.64,GOOD,synthetic_physics
2382.9,33.875,0.6389,0.30411,34.314,0.50589,0.10643,0.4961,126.34,33.917,1543.66,MARGINAL,synthetic_physics
2403.1,21.875,0.9697,0.5168,43.993,0.45547,0.07775,0.4473,26.9,21.237,2427.59,MARGINAL,synthetic_physics
2279.0,29.3125,1.0131,0.49574,34.826,0.56483,0.09214,0.5132,33.52,29.029,2368.68,MARGINAL,synthetic_physics
2508.6,27.625,0.5736,0.3039,37.342,0.48841,0.05093,0.3178,127.34,27.377,1534.77,REJECT,synthetic_physics
2449.0,21.875,0.5901,0.2624,37.301,0.33879,0.05604,0.3685,126.09,22.184,1545.91,MARGINAL,synthetic_physics
2399.0,38.75,0.5967,0.30682,34.751,0.5037,0.08798,0.4217,139.87,38.72,1423.41,MARGINAL,synthetic_physics
2507.8,24.5,1.0823,0.2989,32.066,0.44142,0.06753,0.4159,117.31,24.85,1623.92,GOOD,synthetic_physics
2441.0,33.9375,0.7711,0.38552,39.446,0.44017,0.04747,0.4025,80.66,34.032,1949.73,GOOD,synthetic_physics
2439.3,36.125,1.0065,0.57729,43.689,0.4482,0.04078,0.3909,26.29,35.964,2433.01,MARGINAL,synthetic_physics
2415.2,27.3125,0.806,0.44769,39.066,0.42899,0.06123,0.4127,77.1,27.157,1981.36,GOOD,synthetic_physics
2305.6,32.9375,0.5875,0.19163,30.643,0.58192,0.10937,0.4946,149.49,32.553,1337.83,MARGINAL,synthetic_physics
2176.6,29.375,0.3401,0.18946,29.18,0.7312,0.10972,0.6168,196.45,29.292,920.47,REJECT,synthetic_physics
2561.0,36.25,0.5784,0.25269,38.112,0.41412,0.0305,0.3059,123.7,35.883,1567.09,REJECT,synthetic_physics
2271.7,28.8125,0.5579,0.22698,34.011,0.67859,0.12792,0.5891,173.53,28.681,1124.22,REJECT,synthetic_physics
2393.4,30.375,0.7363,0.35929,38.581,0.45687,0.07334,0.4547,77.57,30.606,1977.18,GOOD,synthetic_physics
2399.9,27.25,0.9904,0.42951,38.831,0.44133,0.08552,0.4827,35.0,27.416,2355.59,MARGINAL,synthetic_physics
2411.9,31.6875,0.6704,0.33568,36.42,0.51706,0.09073,0.4432,121.31,31.749,1588.33,GOOD,synthetic_physics
2550.5,30.25,0.6017,0.28489,33.573,0.41521,0.05753,0.3177,130.7,30.698,1504.93,REJECT,synthetic_physics
2466.7,29.0,0.7521,0.37994,38.816,0.42512,0.07314,0.3364,111.01,28.755,1679.88,REJECT,synthetic_physics
2449.8,31.0,0.4214,0.16451,32.159,0.44812,0.06968,0.4175,192.43,30.71,956.18,REJECT,synthetic_physics
2299.9,24.9375,0.5641,0.16784,28.652,0.65419,0.10448,0.5993,138.77,24.975,1433.18,REJECT,synthetic_physics
2458.7,35.4375,0.8424,0.33492,40.292,0.36762,0.03523,0.327,96.79,35.343,1806.32,REJECT,synthetic_physics
2313.6,28.4375,0.6404,0.27886,35.615,0.52478,0.08273,0.518,107.57,28.766,1710.51,MARGINAL,synthetic_physics
2458.7,34.9375,0.8158,0.31428,30.601,0.43292,0.07382,0.4041,120.91,35.011,1591.91,MARGINAL,synthetic_physics
2364.4,17.0,0.7148,0.35448,33.521,0.48652,0.04544,0.4389,116.81,17.013,1628.37,GOOD,synthetic_physics
2246.7,24.1875,0.45,0.2168,25.373,0.72441,0.13437,0.6331,166.68,23.74,1185.09,REJECT,synthetic_physics
2365.2,23.625,0.9769,0.42025,35.459,0.68723,0.10625,0.5893,32.36,23.946,2379.03,REJECT,synthetic_physics
2371.6,24.0625,0.8473,0.40218,38.131,0.51919,0.08519,0.4899,77.1,24.051,1981.29,GOOD,synthetic_physics
2382.9,34.3125,0.6906,0.27689,37.631,0.49907,0.10876,0.5009,103.99,34.245,1742.3,MARGINAL,synthetic_physics
2382.1,32.5,0.9158,0.41639,43.63,0.40454,0.06284,0.4257,55.4,32.092,2174.24,GOOD,synthetic_physics
2444.2,31.25,0.5045,0.27031,28.284,0.51908,0.05207,0.4497,166.48,31.392,1186.82,REJECT,synthetic_physics
2523.2,35.0625,1.0287,0.47526,44.0,0.32696,0.0444,0.3421,34.12,35.195,2363.35,REJECT,synthetic_physics
2368.4,34.9375,0.848,0.43578,34.077,0.54276,0.0729,0.4878,67.07,34.757,2070.5,GOOD,synthetic_physics
2291.9,27.75,0.4314,0.13659,27.893,0.78865,0.11131,0.6372,172.45,27.769,1133.74,REJECT,synthetic_physics
2371.6,25.9375,0.9355,0.37678,38.911,0.4592,0.05462,0.4155,58.45,25.738,2147.14,GOOD,synthetic_physics
2288.6,36.0625,0.3547,0.22095,29.172,0.74083,0.10571,0.5954,214.21,35.91,762.54,REJECT,synthetic_physics
2394.2,25.125,0.7969,0.31877,35.254,0.42579,0.08694,0.4891,96.71,25.372,1807.04,GOOD,synthetic_physics
2399.9,25.375,0.749,0.3082,36.319,0.55279,0.10822,0.5455,78.75,25.608,1966.67,MARGINAL,synthetic_physics
2398.2,25.6875,0.6965,0.37259,37.107,0.49953,0.083,0.4223,92.22,25.772,1846.94,GOOD,synthetic_physics
2454.7,26.9375,0.8804,0.47156,38.928,0.50257,0.06736,0.4665,51.26,26.898,2211.0,GOOD,synthetic_physics
2312.0,29.4375,0.5796,0.21199,31.277,0.63182,0.11731,0.5403,145.86,29.412,1370.13,MARGINAL,synthetic_physics
2288.6,36.3125,0.8524,0.29746,32.395,0.65775,0.14753,0.6134,102.62,35.928,1754.44,REJECT,synthetic_physics
2381.3,30.6875,0.7186,0.38037,36.415,0.45052,0.06528,0.4099,93.97,30.556,1831.39,GOOD,synthetic_physics
2250.0,37.3125,0.6585,0.29634,30.404,0.54797,0.09679,0.5637,103.43,37.422,1747.29,REJECT,synthetic_physics
2563.4,30.375,1.0534,0.53341,44.0,0.23521,0.05242,0.3076,16.24,30.653,2522.33,REJECT,synthetic_physics
2472.4,33.3125,0.5713,0.23658,37.957,0.37124,0.07162,0.345,155.46,33.284,1284.82,REJECT,synthetic_physics
2352.3,25.625,0.4837,0.17045,26.58,0.59249,0.10352,0.5594,161.16,25.493,1234.11,REJECT,synthetic_physics
2434.5,34.75,1.054,0.52233,44.0,0.42712,0.04338,0.4276,22.68,34.889,2465.04,MARGINAL,synthetic_physics
2463.5,30.4375,0.7691,0.30814,40.07,0.45121,0.059,0.4097,86.95,30.172,1893.81,GOOD,synthetic_physics
2362.8,34.8125,0.7754,0.3191,37.244,0.50973,0.09168,0.4916,93.5,34.825,1835.58,GOOD,synthetic_physics
2258.0,27.25,1.0082,0.41894,42.663,0.54496,0.11358,0.6217,17.07,27.029,2514.9,REJECT,synthetic_physics
2349.1,34.875,0.9441,0.41061,40.852,0.53012,0.06604,0.4541,60.18,34.964,2131.69,GOOD,synthetic_physics
2392.6,27.3125,0.7633,0.29474,36.931,0.55302,0.09528,0.478,107.27,27.32,1713.13,GOOD,synthetic_physics
2496.6,20.125,0.6739,0.34632,37.145,0.42845,0.0711,0.378,115.07,19.681,1643.79,MARGINAL,synthetic_physics
2490.1,24.875,0.6187,0.37041,37.345,0.39741,0.07141,0.3621,111.92,25.047,1671.85,MARGINAL,synthetic_physics
2411.1,34.1875,0.6693,0.33299,34.824,0.42878,0.09592,0.4444,115.46,33.652,1640.34,GOOD,synthetic_physics
2390.2,18.125,0.8563,0.36128,39.061,0.53182,0.10976,0.5184,70.84,17.874,2036.97,MARGINAL,synthetic_physics
2474.0,25.75,0.9669,0.46054,44.0,0.45377,0.06703,0.4178,54.11,25.609,2185.68,GOOD,synthetic_physics
2318.5,27.3125,0.9238,0.5023,44.0,0.40586,0.07356,0.5094,20.29,27.56,2486.29,MARGINAL,synthetic_physics
2355.5,34.25,0.5019,0.19698,30.836,0.56142,0.08107,0.4782,163.31,34.563,1215.03,REJECT,synthetic_physics
2489.3,34.5,0.8227,0.46407,44.0,0.40344,0.04704,0.3895,51.5,34.554,2208.86,MARGINAL,synthetic_physics
2318.5,27.875,0.9944,0.45389,40.982,0.49795,0.07408,0.5064,39.52,27.661,2315.39,MARGINAL,synthetic_physics
2519.1,33.6875,0.3076,0.20358,34.275,0.38606,0.05273,0.3726,219.74,33.707,713.42,REJECT,synthetic_physics
2378.1,24.875,0.8,0.35783,41.268,0.58004,0.05925,0.4464,87.37,24.937,1890.09,GOOD,synthetic_physics
2339.4,37.5625,0.8629,0.41493,38.992,0.55481,0.06293,0.5367,45.82,37.793,2259.41,MARGINAL,synthetic_physics
2402.3,34.4375,0.8016,0.42122,37.469,0.4616,0.09,0.4409,67.03,34.56,2070.86,GOOD,synthetic_physics
2444.2,24.6875,0.3343,0.3015,34.772,0.45565,0.05665,0.4037,200.46,25.046,884.76,REJECT,synthetic_physics
2250.8,30.125,0.9759,0.47126,41.211,0.55875,0.08485,0.5432,30.07,30.263,2399.39,MARGINAL,synthetic_physics
2448.2,33.9375,0.6603,0.41949,38.207,0.40414,0.0498,0.3375,102.84,33.961,1752.56,REJECT,synthetic_physics
2457.9,23.75,0.9145,0.36887,40.505,0.57816,0.08612,0.4738,60.58,23.549,2128.14,GOOD,synthetic_physics
2353.9,36.625,0.79,0.33206,39.242,0.50248,0.08187,0.4846,70.71,36.807,2038.12,MARGINAL,synthetic_physics
2473.2,26.9375,0.9933,0.44153,39.807,0.46519,0.07315,0.4833,44.32,27.092,2272.73,MARGINAL,synthetic_physics
2432.1,34.3125,0.8049,0.41045,42.223,0.38244,0.05553,0.3569,74.38,34.121,2005.48,MARGINAL,synthetic_physics
2299.9,32.1875,0.6928,0.28952,28.658,0.6367,0.10167,0.5148,108.71,32.244,1700.32,MARGINAL,synthetic_physics
2313.6,33.5,0.657,0.22697,32.441,0.5525,0.12058,0.5379,134.4,33.239,1472.0,MARGINAL,synthetic_physics
2317.7,20.375,0.992,0.421,42.817,0.60679,0.11439,0.5756,23.76,20.267,2455.46,REJECT,synthetic_physics
2339.4,22.875,0.7685,0.33864,37.386,0.53033,0.083,0.4805,76.07,23.145,1990.52,GOOD,synthetic_physics
2320.9,26.625,0.9249,0.34362,35.433,0.61162,0.10365,0.5604,58.94,26.927,2142.78,REJECT,synthetic_physics
2507.0,41.75,0.7245,0.37848,37.671,0.39852,0.05767,0.3754,93.24,41.708,1837.91,REJECT,synthetic_physics
2405.5,38.6875,0.8808,0.39822,34.724,0.56443,0.05736,0.4655,74.81,38.896,2001.66,MARGINAL,synthetic_physics
2337.0,32.75,0.5761,0.16737,32.157,0.65623,0.13214,0.5384,139.59,32.891,1425.86,MARGINAL,synthetic_physics
2264.5,33.75,0.7133,0.33989,33.541,0.60645,0.13469,0.6219,92.06,33.73,1848.34,REJECT,synthetic_physics
2478.0,26.25,0.6217,0.26984,33.678,0.42958,0.07433,0.389,138.34,26.263,1436.98,MARGINAL,synthetic_physics
2391.0,27.1875,0.8423,0.41757,43.243,0.39346,0.06877,0.4036,71.77,27.003,2028.71,GOOD,synthetic_physics
2465.1,38.75,0.6002,0.32922,33.962,0.41852,0.05337,0.3976,131.68,39.152,1496.22,MARGINAL,synthetic_physics
2391.8,37.5625,1.0159,0.4515,44.0,0.37923,0.04207,0.366,30.5,37.682,2395.56,MARGINAL,synthetic_physics
2492.5,35.5625,0.4302,0.28765,31.93,0.41995,0.05847,0.3437,168.73,35.541,1166.8,REJECT,synthetic_physics
2445.0,26.3125,0.273,0.22763,29.287,0.53389,0.07954,0.428,202.15,26.328,869.79,REJECT,synthetic_physics
2375.7,22.5,0.9216,0.43455,37.077,0.39831,0.07701,0.464,67.54,22.545,2066.3,GOOD,synthetic_physics
2301.5,30.375,0.4821,0.13524,33.0,0.72681,0.11526,0.5549,160.61,30.45,1239.05,REJECT,synthetic_physics
2324.1,26.5,0.5902,0.26523,32.815,0.6202,0.09814,0.523,132.5,26.385,1488.85,MARGINAL,synthetic_physics
2479.6,21.25,0.8318,0.40553,37.571,0.55141,0.06499,0.4708,83.88,21.468,1921.09,GOOD,synthetic_physics
2354.7,39.5,1.0705,0.53686,44.0,0.32937,0.02842,0.3298,17.19,40.096,2513.85,REJECT,synthetic_physics
2430.5,29.375,0.7626,0.40224,40.489,0.40077,0.01966,0.3399,96.84,29.276,1805.85,REJECT,synthetic_physics
2297.5,27.0,0.5904,0.18072,28.151,0.61591,0.09711,0.5458,157.12,27.067,1270.02,REJECT,synthetic_physics
2320.9,31.875,0.7534,0.33562,32.143,0.4907,0.09193,0.5365,98.78,31.812,1788.61,MARGINAL,synthetic_physics
2277.4,35.9375,0.6207,0.20128,29.785,0.61956,0.11718,0.5196,124.65,35.801,1558.66,MARGINAL,synthetic_physics
2444.2,30.25,0.7484,0.2873,35.366,0.49712,0.08962,0.4515,109.67,30.346,1691.78,GOOD,synthetic_physics
2354.7,22.875,0.6421,0.29197,37.161,0.55857,0.09776,0.4813,103.02,23.184,1750.93,GOOD,synthetic_physics
2319.3,30.0625,0.9051,0.37416,40.077,0.496,0.1102,0.5453,60.0,30.292,2133.37,MARGINAL,synthetic_physics
2360.4,31.375,0.8057,0.36146,37.007,0.43719,0.07268,0.4686,78.43,31.084,1969.52,GOOD,synthetic_physics
2274.1,23.875,1.0382,0.47807,42.435,0.54025,0.07914,0.546,26.03,23.711,2435.3,MARGINAL,synthetic_physics
2341.8,29.875,0.6849,0.30383,32.977,0.60062,0.07541,0.4693,111.59,30.015,1674.74,GOOD,synthetic_physics
2460.3,37.9375,0.6746,0.32915,38.886,0.35196,0.0587,0.3686,116.16,38.142,1634.09,MARGINAL,synthetic_physics
2312.8,21.375,0.3357,0.19925,29.691,0.70539,0.09934,0.5584,193.67,21.507,945.12,REJECT,synthetic_physics
2382.9,28.375,0.7441,0.3682,36.385,0.38132,0.06467,0.4114,105.71,28.757,1727.05,GOOD,synthetic_physics
2298.3,31.75,0.8156,0.4117,42.029,0.4992,0.05585,0.45,56.54,31.786,2164.06,GOOD,synthetic_physics
2376.5,25.75,0.3866,0.24946,32.454,0.61391,0.09137,0.4726,175.82,25.767,1103.79,REJECT,synthetic_physics
2411.9,28.625,0.6265,0.32487,32.937,0.58806,0.07902,0.4753,110.98,28.431,1680.18,GOOD,synthetic_physics
2370.8,27.75,0.7019,0.30598,31.398,0.6192,0.10171,0.4793,121.43,27.819,1587.26,GOOD,synthetic_physics
2414.4,32.6875,0.8761,0.44024,38.762,0.39153,0.07232,0.436,60.0,32.401,2133.37,GOOD,synthetic_physics
2519.1,24.0,0.7618,0.34792,37.597,0.4127,0.03886,0.36,90.58,23.942,1861.51,MARGINAL,synthetic_physics
2403.9,23.8125,0.9569,0.34882,38.277,0.6493,0.07945,0.5535,73.58,24.228,2012.58,REJECT,synthetic_physics
2432.1,28.875,0.8174,0.34255,42.978,0.54137,0.06513,0.452,66.55,28.746,2075.09,GOOD,synthetic_physics
2390.2,17.25,0.3493,0.31897,32.839,0.43916,0.04932,0.3996,209.74,17.57,802.32,REJECT,synthetic_physics
2317.7,27.875,0.921,0.41035,43.895,0.53843,0.08026,0.4921,43.08,27.748,2283.71,MARGINAL,synthetic_physics
2261.2,36.4375,0.8654,0.36181,34.542,0.62791,0.12515,0.6229,83.96,36.726,1920.37,REJECT,synthetic_physics
2348.3,19.125,0.7903,0.33297,34.21,0.56824,0.08588,0.4988,78.46,18.842,1969.22,GOOD,synthetic_physics
2396.6,18.3125,0.7211,0.39967,29.207,0.51367,0.06421,0.4497,91.12,18.181,1856.7,GOOD,synthetic_physics
2204.0,30.6875,0.7638,0.38065,28.704,0.64572,0.11807,0.568,83.12,30.43,1927.83,REJECT,synthetic_physics
2481.2,22.6875,0.2906,0.25949,34.835,0.42703,0.04736,0.3764,214.4,22.793,760.92,REJECT,synthetic_physics
2260.4,32.875,0.5822,0.18066,31.87,0.63487,0.13472,0.5849,148.0,33.009,1351.1,REJECT,synthetic_physics
2393.4,33.0625,0.9653,0.47665,40.491,0.3954,0.07215,0.4788,30.41,33.252,2396.39,MARGINAL,synthetic_physics
2408.7,33.75,0.6535,0.2601,30.434,0.31614,0.07,0.4017,142.9,33.591,1396.46,MARGINAL,synthetic_physics
2420.0,43.75,0.4044,0.26415,30.596,0.45141,0.07975,0.3743,180.76,43.551,1059.92,REJECT,synthetic_physics
2426.4,32.75,0.8231,0.40019,35.587,0.48764,0.06015,0.4332,94.72,32.393,1824.67,GOOD,synthetic_physics
2455.5,29.9375,0.9208,0.45328,41.924,0.44057,0.06998,0.4191,53.68,29.692,2189.53,GOOD,synthetic_physics
2341.8,34.3125,0.3408,0.23389,28.922,0.61426,0.10551,0.5016,206.97,34.159,826.97,REJECT,synthetic_physics
2348.3,23.125,0.7186,0.28645,32.561,0.53501,0.08631,0.5039,102.69,22.937,1753.84,MARGINAL,synthetic_physics
2440.1,28.0,0.6669,0.38808,31.815,0.50575,0.06196,0.4081,113.24,27.96,1660.07,GOOD,synthetic_physics
2470.0,29.4375,0.4023,0.23397,35.6,0.53006,0.07399,0.3905,212.42,29.133,778.46,REJECT,synthetic_physics
2484.5,33.5625,0.7968,0.40415,37.621,0.35416,0.05858,0.346,97.25,33.146,1802.24,REJECT,synthetic_physics
2218.5,26.25,0.5687,0.17814,28.437,0.64126,0.13782,0.6157,146.96,26.005,1360.4,REJECT,synthetic_physics
2318.5,29.625,0.944,0.37808,41.086,0.6678,0.10388,0.5792,50.68,29.678,2216.2,REJECT,synthetic_physics
2476.4,26.5625,0.6945,0.33725,37.422,0.49574,0.08057,0.4016,109.64,26.441,1692.05,GOOD,synthetic_physics
2301.5,21.125,1.0165,0.37355,38.33,0.41616,0.1268,0.5523,37.72,21.274,2331.4,REJECT,synthetic_physics
2311.2,25.5625,0.7683,0.43457,34.316,0.6605,0.10426,0.5185,83.15,26.132,1927.54,MARGINAL,synthetic_physics
2418.4,18.5,0.6928,0.31172,35.797,0.56087,0.08029,0.4772,107.24,18.742,1713.38,GOOD,synthetic_physics
2460.3,36.0625,0.6037,0.27271,38.021,0.33282,0.04465,0.3599,129.88,36.153,1512.22,MARGINAL,synthetic_physics
2350.7,27.5625,0.9852,0.51357,37.896,0.49093,0.0733,0.5075,41.65,27.498,2296.45,MARGINAL,synthetic_physics
2435.3,32.5,0.6387,0.35188,39.192,0.37293,0.05831,0.3326,98.86,32.405,1787.9,REJECT,synthetic_physics
2326.5,21.9375,0.3165,0.14815,29.123,0.70551,0.12697,0.5737,212.58,21.949,777.03,REJECT,synthetic_physics
2407.9,26.6875,0.6972,0.36078,36.845,0.47052,0.09448,0.4729,88.52,26.663,1879.79,GOOD,synthetic_physics
2404.7,32.6875,0.7241,0.35299,34.483,0.51067,0.06714,0.4573,107.09,32.72,1714.72,GOOD,synthetic_physics
2459.5,23.4375,0.7418,0.34872,38.812,0.41613,0.02867,0.3886,95.53,23.282,1817.5,MARGINAL,synthetic_physics
2520.7,16.5,0.5016,0.27001,33.65,0.40715,0.06922,0.3854,164.1,16.691,1207.96,REJECT,synthetic_physics
2355.5,39.125,0.7123,0.33785,34.716,0.54495,0.08716,0.4659,108.55,38.899,1701.74,MARGINAL,synthetic_physics
2504.6,23.6875,1.0523,0.49873,43.007,0.40388,0.03537,0.3645,41.35,23.752,2299.14,MARGINAL,synthetic_physics
2409.5,27.125,0.3281,0.26986,32.171,0.58026,0.08798,0.4496,213.99,27.42,764.52,REJECT,synthetic_physics
2280.6,22.625,0.4243,0.15338,27.471,0.5958,0.13649,0.6007,187.58,22.236,999.26,REJECT,synthetic_physics
2228.2,36.1875,0.918,0.38462,34.309,0.51589,0.10264,0.5608,69.6,36.215,2047.99,REJECT,synthetic_physics
2265.3,31.875,0.8168,0.32439,37.259,0.64878,0.10476,0.6083,63.05,31.565,2106.24,REJECT,synthetic_physics
2387.8,23.5625,0.6422,0.33682,37.249,0.4765,0.0935,0.4818,110.59,23.685,1683.63,GOOD,synthetic_physics
2498.2,30.1875,0.9188,0.46539,44.0,0.42911,0.05172,0.4076,47.1,29.948,2247.99,MARGINAL,synthetic_physics
2391.8,35.125,0.8098,0.38986,37.064,0.46053,0.08835,0.421,86.01,34.761,1902.17,GOOD,synthetic_physics
2424.0,17.875,0.473,0.24417,31.349,0.52489,0.10183,0.4241,180.52,18.219,1062.03,REJECT,synthetic_physics
2510.3,25.3125,0.8879,0.46015,37.61,0.44203,0.05028,0.4187,69.78,25.419,2046.39,GOOD,synthetic_physics
2482.9,34.5,1.0859,0.5382,44.0,0.28474,0.03046,0.3552,14.22,34.487,2540.25,MARGINAL,synthetic_physics
2422.4,27.6875,0.8469,0.46991,41.553,0.43113,0.06262,0.4378,63.57,27.527,2101.63,GOOD,synthetic_physics
2230.6,24.6875,0.7694,0.29372,37.883,0.62469,0.12401,0.6362,95.42,24.962,1818.5,REJECT,synthetic_physics
2362.8,33.5625,0.9448,0.41772,35.975,0.39035,0.07643,0.4476,72.58,33.269,2021.54,GOOD,synthetic_physics
2542.5,37.5625,0.7365,0.40116,39.695,0.3944,0.05028,0.324,111.65,37.316,1674.24,REJECT,synthetic_physics
2243.5,26.8125,0.9299,0.37903,43.256,0.6382,0.12437,0.6126,43.21,26.849,2282.61,REJECT,synthetic_physics
2123.4,15.6875,0.8985,0.34224,37.407,0.63244,0.10011,0.6467,54.05,15.828,2186.26,REJECT,synthetic_physics
2564.2,34.75,1.0213,0.5369,44.0,0.34666,0.04873,0.309,15.82,34.832,2526.04,REJECT,synthetic_physics
2355.5,30.5,0.9043,0.45357,40.32,0.44118,0.09142,0.4541,68.51,30.491,2057.69,GOOD,synthetic_physics
2342.6,39.0,0.4367,0.19554,25.296,0.58276,0.07983,0.5141,167.52,39.353,1177.62,REJECT,synthetic_physics
2173.4,22.8125,0.8078,0.35699,34.572,0.6729,0.11844,0.6258,65.96,23.338,2080.39,REJECT,synthetic_physics
2450.6,25.5625,0.6897,0.39637,37.468,0.42739,0.06916,0.4253,102.25,25.716,1757.77,GOOD,synthetic_physics
2423.2,30.0625,0.6202,0.28668,34.715,0.47764,0.08481,0.4427,117.35,30.176,1623.51,GOOD,synthetic_physics
2277.4,38.6875,1.0663,0.4854,42.695,0.49222,0.07572,0.5055,11.23,38.71,2566.83,MARGINAL,synthetic_physics
2341.8,36.6875,0.662,0.22924,37.277,0.60752,0.08346,0.4762,116.32,36.594,1632.72,MARGINAL,synthetic_physics
2402.3,23.3125,0.8153,0.35699,37.613,0.49011,0.0985,0.5409,64.22,23.263,2095.84,MARGINAL,synthetic_physics
2440.1,18.9375,0.582,0.30763,34.287,0.51865,0.07604,0.4501,121.14,18.893,1589.84,GOOD,synthetic_physics
2528.8,32.5625,0.6973,0.45279,37.357,0.34482,0.06082,0.3879,71.16,32.679,2034.17,MARGINAL,synthetic_physics
2227.4,33.25,1.1188,0.484,43.99,0.62264,0.0778,0.5709,25.61,33.667,2439.06,REJECT,synthetic_physics
2327.3,28.25,0.8947,0.42836,41.336,0.45894,0.0738,0.4676,56.63,27.91,2163.25,GOOD,synthetic_physics
2389.4,23.875,0.9555,0.44834,44.0,0.45382,0.05535,0.402,32.54,23.775,2377.42,MARGINAL,synthetic_physics
2324.9,28.625,0.6406,0.26505,32.657,0.64752,0.10076,0.5366,123.14,28.759,1572.06,MARGINAL,synthetic_physics
2204.8,32.25,0.9011,0.39325,38.087,0.64295,0.12214,0.6105,54.07,32.211,2186.07,REJECT,synthetic_physics
2407.1,31.25,0.5856,0.20089,24.104,0.72525,0.12107,0.5385,137.18,31.69,1447.31,MARGINAL,synthetic_physics
2378.9,22.9375,0.7329,0.26663,32.276,0.59879,0.11092,0.5167,130.2,23.017,1509.33,MARGINAL,synthetic_physics
2348.3,33.0625,1.0338,0.48499,38.292,0.51238,0.09668,0.5533,19.9,32.957,2489.76,REJECT,synthetic_physics
2289.5,35.5625,0.2574,0.15741,25.572,0.60996,0.10801,0.5522,217.25,35.56,735.55,REJECT,synthetic_physics
2331.4,33.875,0.6293,0.25155,31.872,0.45271,0.05297,0.438,137.36,33.851,1445.7,MARGINAL,synthetic_physics
2303.2,28.75,0.7895,0.40937,37.878,0.45977,0.10878,0.4682,69.46,28.475,2049.28,GOOD,synthetic_physics
2365.2,29.5,0.7313,0.34906,38.578,0.42728,0.07259,0.4975,88.97,29.285,1875.83,GOOD,synthetic_physics
2428.9,28.875,0.6392,0.22667,32.157,0.58477,0.1301,0.5837,126.06,28.692,1546.17,REJECT,synthetic_physics
2347.5,30.6875,0.3835,0.19689,30.789,0.60452,0.09641,0.497,184.94,30.323,1022.74,REJECT,synthetic_physics
2468.4,32.875,0.76,0.34054,38.975,0.45731,0.06047,0.4262,88.74,32.902,1877.88,GOOD,synthetic_physics
2403.9,27.875,0.618,0.26042,33.503,0.54123,0.07678,0.4836,124.27,27.918,1562.07,GOOD,synthetic_physics
2415.2,28.3125,0.7796,0.42036,39.747,0.44663,0.07408,0.4679,76.48,28.317,1986.83,GOOD,synthetic_physics
2432.9,28.8125,0.7435,0.35415,39.297,0.38795,0.0518,0.3977,87.87,29.12,1885.6,MARGINAL,synthetic_physics
2293.5,34.8125,0.3183,0.19954,26.053,0.71138,0.12033,0.609,207.91,34.664,818.58,REJECT,synthetic_physics
2387.0,41.875,0.6784,0.35381,37.715,0.40742,0.06781,0.458,115.42,42.246,1640.72,REJECT,synthetic_physics
2452.2,20.8125,0.7131,0.30207,37.603,0.36451,0.05246,0.409,104.44,20.864,1738.28,GOOD,synthetic_physics
2401.5,32.5625,0.6573,0.29729,31.38,0.48395,0.08378,0.4464,111.31,32.659,1677.24,GOOD,synthetic_physics
2240.3,39.6875,0.9202,0.41142,39.411,0.49181,0.12165,0.541,40.9,39.577,2303.11,MARGINAL,synthetic_physics
2435.3,29.5625,0.6932,0.30931,38.558,0.53618,0.07159,0.4238,116.83,29.916,1628.2,GOOD,synthetic_physics
2398.2,37.9375,0.6415,0.29587,35.651,0.44808,0.06622,0.3588,115.96,38.143,1635.96,MARGINAL,synthetic_physics
2461.9,30.1875,0.6766,0.32325,37.38,0.49554,0.06577,0.4345,120.09,30.255,1599.21,GOOD,synthetic_physics
2332.2,29.5,0.5981,0.30297,27.501,0.58849,0.10926,0.492,133.61,29.626,1479.02,MARGINAL,synthetic_physics
2438.5,30.3125,0.3971,0.24059,30.699,0.48336,0.08431,0.446,179.55,30.113,1070.68,REJECT,synthetic_physics
2357.9,30.1875,0.7005,0.34107,38.096,0.45356,0.0977,0.4262,99.36,30.151,1783.43,GOOD,synthetic_physics
2251.6,31.8125,0.7222,0.27162,29.819,0.6559,0.11309,0.5917,114.91,31.471,1645.26,REJECT,synthetic_physics
2449.8,31.1875,0.6889,0.36842,32.817,0.49861,0.09053,0.4799,94.78,31.4,1824.15,GOOD,synthetic_physics
2345.1,33.25,0.9081,0.35815,37.639,0.62453,0.06799,0.5301,64.66,33.641,2091.88,MARGINAL,synthetic_physics
2337.8,38.3125,0.7271,0.33005,35.99,0.56266,0.08232,0.4847,88.18,38.191,1882.83,MARGINAL,synthetic_physics
2421.6,29.375,0.5517,0.27761,29.379,0.47601,0.09495,0.4611,133.06,29.66,1483.87,MARGINAL,synthetic_physics
2376.5,34.75,0.6446,0.3358,36.273,0.44086,0.067,0.4508,119.9,34.501,1600.85,GOOD,synthetic_physics
2508.6,20.0625,0.4135,0.23957,33.201,0.42651,0.06652,0.3985,170.03,20.104,1155.33,REJECT,synthetic_physics
2399.9,25.3125,0.9354,0.41673,41.042,0.35171,0.07329,0.4137,57.59,25.516,2154.72,GOOD,synthetic_physics
2500.6,34.25,0.7926,0.45674,39.513,0.42881,0.06097,0.3693,77.41,34.431,1978.55,MARGINAL,synthetic_physics
2380.5,27.625,0.8291,0.3415,39.126,0.48081,0.08212,0.4864,82.54,27.658,1932.96,GOOD,synthetic_physics
2486.1,29.0,0.8362,0.48398,42.826,0.52028,0.05429,0.4308,52.02,29.031,2204.23,GOOD,synthetic_physics
2369.2,26.875,0.8006,0.33441,34.653,0.51857,0.08602,0.4408,88.04,26.993,1884.06,GOOD,synthetic_physics
2432.9,30.625,1.0316,0.48986,41.98,0.43592,0.06469,0.4116,14.04,30.782,2541.84,MARGINAL,synthetic_physics
2416.8,20.9375,0.8895,0.3738,37.745,0.40863,0.09997,0.4916,70.78,20.667,2037.49,GOOD,synthetic_physics
2441.0,31.8125,0.8677,0.34586,36.994,0.44162,0.08764,0.4301,84.47,31.898,1915.79,GOOD,synthetic_physics
2368.4,34.0,0.7104,0.41398,39.451,0.4294,0.04272,0.3646,86.93,34.022,1893.93,MARGINAL,synthetic_physics
2569.9,21.1875,0.9182,0.4812,44.0,0.37093,0.03372,0.3567,49.92,21.406,2222.94,MARGINAL,synthetic_physics
2308.8,30.4375,1.0016,0.50655,41.675,0.55353,0.0707,0.4682,24.06,30.581,2452.8,MARGINAL,synthetic_physics
2378.9,30.0,0.773,0.36351,34.808,0.4896,0.08334,0.4736,85.17,29.999,1909.62,GOOD,synthetic_physics
2402.3,28.5,0.575,0.2597,32.683,0.47725,0.07816,0.4623,128.47,28.52,1524.69,MARGINAL,synthetic_physics
2447.4,25.4375,0.7247,0.3657,33.109,0.51365,0.05331,0.4195,115.39,25.692,1640.95,GOOD,synthetic_physics
2355.5,31.75,0.5477,0.29375,33.843,0.52506,0.09934,0.5099,116.51,31.372,1631.06,MARGINAL,synthetic_physics
2388.6,31.0625,0.8111,0.40846,38.452,0.42609,0.07861,0.4352,81.32,30.968,1943.8,GOOD,synthetic_physics
2449.8,25.3125,0.6911,0.37285,31.88,0.44961,0.06003,0.4154,105.41,25.825,1729.67,GOOD,synthetic_physics
2494.1,27.4375,0.3743,0.34179,33.755,0.45586,0.05195,0.3827,206.96,27.792,827.05,REJECT,synthetic_physics
2373.3,17.375,0.5906,0.30481,32.725,0.46482,0.07034,0.4223,143.89,17.363,1387.66,MARGINAL,synthetic_physics
2421.6,26.5,0.8141,0.39151,37.58,0.46981,0.05808,0.421,73.25,26.179,2015.53,GOOD,synthetic_physics
2436.1,25.75,0.8304,0.42018,39.429,0.48263,0.07426,0.4037,84.74,25.302,1913.43,GOOD,synthetic_physics
2344.2,20.9375,1.0154,0.53995,44.0,0.37748,0.08635,0.4473,23.11,21.081,2461.2,MARGINAL,synthetic_physics
2371.6,33.5,0.6783,0.37353,40.917,0.46812,0.07482,0.4292,100.62,33.729,1772.27,GOOD,synthetic_physics
2428.1,38.0,1.0371,0.4977,44.0,0.45544,0.06769,0.4125,26.7,37.7,2429.36,MARGINAL,synthetic_physics
2329.7,31.3125,0.7884,0.3057,33.49,0.60107,0.11006,0.5345,113.52,31.671,1657.57,MARGINAL,synthetic_physics
2424.8,21.1875,0.805,0.435,37.145,0.42675,0.07494,0.4704,63.52,21.144,2102.02,GOOD,synthetic_physics
2394.2,33.875,0.831,0.33402,38.811,0.4872,0.08131,0.4975,98.51,33.758,1791.05,GOOD,synthetic_physics
2496.6,36.3125,0.5147,0.24535,30.762,0.32415,0.07693,0.3052,159.88,36.162,1245.49,REJECT,synthetic_physics
2308.8,30.0625,0.7041,0.21223,27.718,0.60861,0.08866,0.5253,123.22,30.1,1571.4,MARGINAL,synthetic_physics
2324.1,27.1875,0.7982,0.33302,37.017,0.55536,0.06842,0.4973,82.57,27.231,1932.69,GOOD,synthetic_physics
2233.8,35.0625,0.5467,0.10239,27.024,0.69162,0.13017,0.6496,167.57,35.22,1177.13,REJECT,synthetic_physics
2483.7,28.4375,1.0229,0.48237,41.581,0.374,0.03292,0.3554,29.23,28.247,2406.82,MARGINAL,synthetic_physics
2433.7,25.0625,0.876,0.42189,44.0,0.48968,0.05078,0.3803,56.36,24.893,2165.65,MARGINAL,synthetic_physics
2441.0,19.125,1.0831,0.49505,40.459,0.29441,0.09405,0.4262,37.52,19.23,2333.14,MARGINAL,synthetic_physics
2237.1,33.8125,0.3228,0.17454,25.875,0.69638,0.13431,0.6168,212.85,33.775,774.63,REJECT,synthetic_physics
2290.3,27.6875,0.9052,0.40654,43.972,0.54243,0.0938,0.5749,45.04,27.656,2266.33,REJECT,synthetic_physics
2447.4,28.875,0.7169,0.27569,41.81,0.33674,0.05933,0.4081,114.85,28.664,1645.77,GOOD,synthetic_physics
2413.6,36.25,0.7058,0.26037,36.082,0.51303,0.09917,0.4692,125.01,36.586,1555.45,MARGINAL,synthetic_physics
2400.7,28.125,0.7511,0.31845,30.243,0.54823,0.11145,0.5258,106.42,27.764,1720.69,MARGINAL,synthetic_physics
2212.1,38.625,0.8403,0.28299,33.464,0.70255,0.15028,0.6308,80.82,38.707,1948.27,REJECT,synthetic_physics
2541.7,31.625,0.6825,0.41567,34.567,0.46589,0.07446,0.4176,92.59,31.59,1843.65,GOOD,synthetic_physics
2557.0,18.5,0.9893,0.51639,40.734,0.37964,0.05018,0.3523,29.8,18.441,2401.81,MARGINAL,synthetic_physics
2411.1,26.3125,0.851,0.44147,39.693,0.50109,0.06633,0.4579,57.72,26.208,2153.63,GOOD,synthetic_physics
2320.1,28.875,0.9832,0.38153,39.55,0.41745,0.07886,0.4736,55.5,28.987,2173.35,GOOD,synthetic_physics
2497.4,27.3125,0.6588,0.34428,32.405,0.42671,0.06106,0.3705,125.68,27.315,1549.49,MARGINAL,synthetic_physics
2486.9,29.6875,0.7743,0.38932,41.604,0.41147,0.04094,0.3621,89.02,29.602,1875.34,MARGINAL,synthetic_physics
2332.2,28.1875,0.5604,0.29236,32.966,0.58045,0.11968,0.4961,132.45,28.383,1489.35,MARGINAL,synthetic_physics
2420.0,25.3125,0.854,0.38193,41.103,0.37063,0.08766,0.4413,65.46,25.061,2084.79,GOOD,synthetic_physics
2453.0,29.375,0.5878,0.28682,34.783,0.33846,0.05354,0.3742,134.33,29.297,1472.58,MARGINAL,synthetic_physics
2449.8,30.5625,0.6668,0.3304,40.739,0.40356,0.05131,0.3615,108.69,30.571,1700.56,MARGINAL,synthetic_physics
2413.6,19.1875,0.6732,0.32761,36.291,0.44781,0.08854,0.4955,102.98,18.728,1751.29,GOOD,synthetic_physics
2573.9,15.375,0.6578,0.35288,35.807,0.3981,0.05321,0.3565,115.02,15.459,1644.28,MARGINAL,synthetic_physics
2338.6,22.25,0.7383,0.33308,33.086,0.63167,0.08932,0.4933,99.17,22.422,1785.12,GOOD,synthetic_physics
2414.4,32.0,0.7849,0.3073,34.361,0.38187,0.08647,0.4143,88.78,31.729,1877.51,GOOD,synthetic_physics
2421.6,31.375,0.8787,0.39845,36.658,0.4102,0.06625,0.4381,62.96,31.06,2107.04,GOOD,synthetic_physics
2470.0,24.75,0.9576,0.48039,42.632,0.34901,0.07263,0.4014,54.49,24.537,2182.34,GOOD,synthetic_physics
2403.1,23.625,0.7077,0.3416,38.382,0.4813,0.0749,0.4255,99.89,23.338,1778.74,GOOD,synthetic_physics
2341.0,24.5,0.9488,0.3764,40.26,0.404,0.08751,0.4845,54.12,24.495,2185.62,GOOD,synthetic_physics
2489.3,27.5,0.6222,0.28706,32.922,0.37388,0.04596,0.3385,141.18,27.293,1411.71,REJECT,synthetic_physics
2341.0,23.4375,0.6949,0.31899,28.841,0.62521,0.08545,0.5187,110.76,23.383,1682.17,MARGINAL,synthetic_physics
2281.4,24.8125,0.601,0.26505,28.641,0.71052,0.14443,0.6151,139.05,24.942,1430.7,REJECT,synthetic_physics
2414.4,33.4375,1.0056,0.51428,44.0,0.35645,0.04447,0.3622,17.71,33.495,2509.26,MARGINAL,synthetic_physics
2505.4,30.75,0.7302,0.40896,38.459,0.3896,0.07407,0.3852,102.1,30.529,1759.09,MARGINAL,synthetic_physics
2489.3,39.4375,0.5548,0.29846,32.947,0.48216,0.06636,0.3933,165.56,39.155,1195.01,REJECT,synthetic_physics
2321.7,20.8125,0.5708,0.2968,30.777,0.57056,0.09716,0.4351,147.21,20.793,1358.11,MARGINAL,synthetic_physics
2246.7,27.9375,0.4818,0.24356,26.807,0.70603,0.12763,0.6055,175.98,28.072,1102.4,REJECT,synthetic_physics
2432.9,35.25,1.0366,0.4033,41.016,0.42752,0.07969,0.4866,41.09,35.453,2301.44,MARGINAL,synthetic_physics
2382.1,30.875,0.8072,0.32686,35.906,0.47969,0.06566,0.4412,97.65,31.042,1798.69,GOOD,synthetic_physics
2326.5,33.625,0.4127,0.22172,32.57,0.66462,0.08116,0.4995,167.07,33.286,1181.58,REJECT,synthetic_physics
2316.0,34.125,0.6025,0.1635,30.074,0.54771,0.10942,0.5432,140.3,34.134,1419.53,MARGINAL,synthetic_physics
2370.8,34.1875,0.885,0.39904,37.26,0.41428,0.08495,0.494,51.93,34.003,2205.03,GOOD,synthetic_physics
2490.9,29.875,1.0971,0.53291,44.0,0.39994,0.03305,0.4098,16.31,29.629,2521.64,MARGINAL,synthetic_physics
2457.9,31.375,0.8494,0.34944,38.425,0.57408,0.08491,0.4726,78.78,31.102,1966.43,GOOD,synthetic_physics
2229.8,30.6875,0.3635,0.16127,25.741,0.61247,0.13189,0.5814,180.22,30.867,1064.73,REJECT,synthetic_physics
2456.3,27.375,0.8526,0.36146,38.909,0.49558,0.06418,0.4244,91.77,27.125,1850.93,GOOD,synthetic_physics
2372.5,23.5,0.5775,0.2866,28.689,0.49878,0.05793,0.4188,133.26,23.369,1482.16,MARGINAL,synthetic_physics
2436.9,25.9375,0.8052,0.48422,40.864,0.41746,0.04913,0.3615,61.8,25.745,2117.36,MARGINAL,synthetic_physics
2394.2,25.9375,0.9067,0.42297,40.344,0.50924,0.06105,0.4574,51.85,25.726,2205.8,GOOD,synthetic_physics
2430.5,27.0625,0.7036,0.41966,32.115,0.4201,0.07282,0.4017,86.2,26.881,1900.45,GOOD,synthetic_physics
2212.1,30.875,0.6791,0.24149,35.427,0.66533,0.08881,0.5374,127.28,30.882,1535.27,MARGINAL,synthetic_physics
2536.8,16.9375,0.9233,0.41653,38.422,0.37022,0.03953,0.36,49.87,16.933,2223.42,MARGINAL,synthetic_physics
2448.2,25.6875,0.913,0.48759,41.536,0.43475,0.06729,0.399,38.85,25.641,2321.31,MARGINAL,synthetic_physics
2339.4,30.25,0.7912,0.41558,39.976,0.41556,0.08573,0.4923,72.02,30.651,2026.52,GOOD,synthetic_physics
2266.9,17.625,0.6966,0.27092,30.514,0.54601,0.06947,0.4753,107.83,17.808,1708.22,GOOD,synthetic_physics
2427.3,32.75,0.3916,0.24608,32.208,0.45331,0.06736,0.3903,208.11,32.543,816.83,REJECT,synthetic_physics
2472.4,28.375,0.574,0.28786,31.515,0.43912,0.05281,0.3895,141.07,28.366,1412.73,MARGINAL,synthetic_physics
2393.4,34.75,0.4101,0.16946,33.026,0.54324,0.09107,0.4869,188.32,34.707,992.71,REJECT,synthetic_physics
2408.7,21.25,0.5027,0.18387,32.089,0.59748,0.12006,0.5269,161.41,21.283,1231.93,REJECT,synthetic_physics
2465.1,23.3125,0.3978,0.3321,35.521,0.48,0.06412,0.388,181.88,23.124,1049.94,REJECT,synthetic_physics
2449.0,25.5,0.6402,0.33144,35.44,0.5915,0.09586,0.5041,100.79,25.364,1770.75,MARGINAL,synthetic_physics
2346.7,23.25,0.8174,0.41528,39.658,0.56902,0.08309,0.4849,62.27,23.152,2113.13,GOOD,synthetic_physics
2358.8,35.875,0.788,0.33536,37.458,0.56371,0.11821,0.5308,81.01,35.943,1946.58,MARGINAL,synthetic_physics
2486.1,37.1875,0.5932,0.31464,31.468,0.47561,0.05936,0.4028,147.56,37.115,1355.04,MARGINAL,synthetic_physics
2262.1,29.8125,0.7933,0.30038,38.931,0.57066,0.08404,0.5767,76.24,29.798,1988.96,REJECT,synthetic_physics
2334.6,35.0625,0.4195,0.2599,30.999,0.70828,0.13542,0.5512,177.02,34.912,1093.17,REJECT,synthetic_physics
2453.0,15.625,0.9178,0.49791,38.627,0.45884,0.05052,0.4543,18.9,15.33,2498.63,MARGINAL,synthetic_physics
2306.4,30.125,0.9265,0.44966,36.738,0.55069,0.10124,0.5749,45.29,30.254,2264.08,REJECT,synthetic_physics
2384.5,35.4375,0.9845,0.44116,44.0,0.32398,0.06558,0.4187,25.48,35.609,2440.13,MARGINAL,synthetic_physics
2418.4,27.6875,0.8917,0.40511,39.144,0.5426,0.12115,0.5101,70.51,27.452,2039.9,MARGINAL,synthetic_physics
2490.9,24.8125,0.5677,0.31827,39.06,0.41812,0.07368,0.395,132.0,24.834,1493.34,MARGINAL,synthetic_physics
2544.1,29.375,0.271,0.27364,34.98,0.33994,0.06857,0.3216,212.11,29.711,781.2,REJECT,synthetic_physics
2521.5,26.6875,0.9229,0.4596,42.813,0.3334,0.04859,0.3083,51.03,26.499,2213.08,REJECT,synthetic_physics
2424.0,32.1875,0.9505,0.41545,44.0,0.35717,0.05367,0.4211,55.78,32.204,2170.86,GOOD,synthetic_physics
2279.0,28.0625,1.0468,0.47844,39.678,0.5559,0.08109,0.5004,32.56,27.621,2377.29,MARGINAL,synthetic_physics
2403.1,29.3125,0.3885,0.24088,33.436,0.56638,0.09658,0.4544,181.65,29.688,1051.97,REJECT,synthetic_physics
2371.6,18.5,0.8928,0.46449,42.204,0.46764,0.09408,0.4935,34.35,18.652,2361.35,MARGINAL,synthetic_physics
2395.8,32.0625,0.8584,0.41469,38.252,0.50275,0.0611,0.401,73.2,32.347,2016.0,GOOD,synthetic_physics
2308.0,33.5625,0.6703,0.22193,29.583,0.61022,0.10816,0.5451,138.3,33.534,1437.34,MARGINAL,synthetic_physics
2357.9,33.5625,0.7036,0.30892,33.154,0.50539,0.08479,0.4724,104.53,33.48,1737.48,GOOD,synthetic_physics
2429.7,19.375,0.9513,0.29747,37.696,0.44738,0.07977,0.4173,109.37,19.385,1694.53,GOOD,synthetic_physics
2335.4,34.9375,0.9066,0.40242,39.121,0.61399,0.07725,0.5422,56.58,34.458,2163.69,MARGINAL,synthetic_physics
2478.8,33.625,1.0311,0.4475,44.0,0.32324,0.05965,0.3799,44.58,33.695,2270.44,MARGINAL,synthetic_physics
2411.9,21.8125,0.6979,0.37471,39.312,0.38653,0.05715,0.4271,96.25,22.053,1811.15,GOOD,synthetic_physics
2387.0,30.875,0.7263,0.37628,42.959,0.48923,0.07244,0.4458,88.85,30.902,1876.86,GOOD,synthetic_physics
2533.6,18.375,0.7325,0.39459,42.22,0.38399,0.04279,0.3578,101.99,18.659,1760.06,MARGINAL,synthetic_physics
2310.4,32.1875,0.5584,0.23067,32.33,0.49029,0.08679,0.5123,130.24,32.704,1508.95,MARGINAL,synthetic_physics
2243.5,28.9375,0.5109,0.16793,30.762,0.6813,0.14102,0.6018,163.09,28.962,1216.96,REJECT,synthetic_physics
2302.3,18.875,0.5663,0.21357,32.179,0.6426,0.10834,0.5509,159.05,18.957,1252.93,REJECT,synthetic_physics
2295.1,28.125,0.7437,0.31441,34.05,0.5562,0.10279,0.4938,89.24,28.246,1873.41,GOOD,synthetic_physics
2532.0,22.75,0.7624,0.33043,39.538,0.50996,0.0666,0.421,99.95,22.592,1778.23,GOOD,synthetic_physics
2383.7,29.1875,0.5162,0.19256,30.718,0.5257,0.09687,0.5128,151.41,29.489,1320.78,REJECT,synthetic_physics
2477.2,31.125,0.6688,0.37517,34.414,0.4215,0.07125,0.3521,126.34,31.21,1543.66,MARGINAL,synthetic_physics
2521.5,22.1875,0.8109,0.32083,38.671,0.33388,0.05112,0.331,94.64,22.185,1825.45,REJECT,synthetic_physics
2441.0,26.625,0.7535,0.41681,37.885,0.44809,0.08803,0.4018,88.67,26.432,1878.49,GOOD,synthetic_physics
2339.4,29.6875,0.3844,0.19767,27.867,0.51762,0.0951,0.5304,184.32,29.253,1028.28,REJECT,synthetic_physics
2245.1,47.75,0.9674,0.43215,37.093,0.58183,0.10172,0.5256,32.01,48.0,2382.18,REJECT,synthetic_physics
2474.8,23.4375,0.7744,0.40514,40.294,0.33597,0.05228,0.4116,76.66,23.523,1985.28,GOOD,synthetic_physics
2245.1,27.375,0.9289,0.29996,40.775,0.62175,0.12682,0.6465,57.78,27.223,2153.03,REJECT,synthetic_physics
2357.1,43.875,0.8092,0.437,41.93,0.40848,0.04839,0.3441,67.21,43.563,2069.24,REJECT,synthetic_physics
2443.4,40.125,0.8326,0.31272,39.346,0.48822,0.06314,0.4065,98.86,39.795,1787.95,MARGINAL,synthetic_physics
2323.3,31.4375,0.8309,0.45966,41.316,0.42858,0.05828,0.4136,60.06,31.543,2132.76,GOOD,synthetic_physics
2278.2,26.375,0.9777,0.41115,37.418,0.64422,0.10361,0.6078,40.65,26.76,2305.36,REJECT,synthetic_physics
2337.0,27.3125,0.7717,0.47606,38.263,0.53122,0.05492,0.469,66.65,27.191,2074.24,GOOD,synthetic_physics
2380.5,25.3125,0.8705,0.463,40.629,0.48733,0.08789,0.4881,63.88,25.483,2098.84,GOOD,synthetic_physics
2420.0,28.125,0.7914,0.31602,35.289,0.55376,0.05804,0.4477,84.53,27.584,1915.25,GOOD,synthetic_physics
2329.7,35.8125,0.8754,0.46319,38.662,0.4822,0.10309,0.5323,46.27,35.382,2255.35,MARGINAL,synthetic_physics
2271.7,34.3125,0.6522,0.24778,27.562,0.67471,0.1161,0.598,127.18,34.47,1536.14,REJECT,synthetic_physics
2514.3,33.8125,0.4187,0.26563,32.112,0.46751,0.06232,0.3617,186.22,33.661,1011.35,REJECT,synthetic_physics
2336.2,25.5,0.3888,0.21753,26.165,0.70427,0.08442,0.571,196.78,25.756,917.5,REJECT,synthetic_physics
2487.7,27.0625,0.3238,0.27399,31.062,0.42545,0.05602,0.3816,219.0,26.683,719.99,REJECT,synthetic_physics
2252.4,29.375,0.9,0.39118,38.365,0.59476,0.09721,0.5801,56.95,29.569,2160.44,REJECT,synthetic_physics
2316.8,33.125,0.8546,0.40595,37.539,0.59182,0.09474,0.5248,74.64,33.268,2003.22,MARGINAL,synthetic_physics
2331.4,26.5625,0.8939,0.49792,33.361,0.56735,0.11179,0.535,49.49,26.622,2226.77,MARGINAL,synthetic_physics
2378.9,31.25,0.5243,0.31352,34.484,0.45215,0.07372,0.4247,143.15,31.136,1394.25,MARGINAL,synthetic_physics
2312.8,44.9375,0.5606,0.19952,31.328,0.69867,0.13116,0.5889,148.29,45.17,1348.54,REJECT,synthetic_physics
2309.6,37.5,0.7429,0.39736,42.937,0.4205,0.07523,0.4766,88.14,37.335,1883.24,MARGINAL,synthetic_physics
2407.1,20.125,0.8409,0.41777,38.278,0.59482,0.08569,0.5312,71.33,20.289,2032.59,MARGINAL,synthetic_physics
2424.8,30.4375,0.7924,0.37727,40.678,0.47336,0.07633,0.4567,67.56,30.161,2066.17,GOOD,synthetic_physics
2416.0,19.0,0.5518,0.21681,31.62,0.56544,0.07709,0.4432,149.44,19.093,1338.32,MARGINAL,synthetic_physics
2522.3,16.5,0.9363,0.43054,41.103,0.49826,0.07139,0.4477,50.9,16.659,2214.23,GOOD,synthetic_physics
2320.1,32.9375,1.0026,0.41572,38.988,0.66068,0.0925,0.5587,28.59,32.913,2412.49,REJECT,synthetic_physics
2313.6,30.9375,0.9841,0.40946,39.065,0.60202,0.08026,0.4917,64.18,30.859,2096.2,GOOD,synthetic_physics
2246.7,26.3125,0.9042,0.42758,40.467,0.57357,0.07753,0.5563,47.1,26.337,2247.96,REJECT,synthetic_physics
2532.8,25.75,0.5782,0.31687,33.913,0.38115,0.07237,0.354,165.11,25.756,1199.04,REJECT,synthetic_physics
2482.1,22.5,0.3897,0.26642,37.55,0.39928,0.05228,0.3843,186.09,22.475,1012.57,REJECT,synthetic_physics
2561.0,25.75,0.7768,0.36361,39.783,0.34255,0.04764,0.3916,80.11,25.346,1954.6,MARGINAL,synthetic_physics
2533.6,23.125,1.0238,0.55172,44.0,0.32495,0.01509,0.3404,14.55,23.064,2537.29,REJECT,synthetic_physics
2366.0,30.9375,0.9016,0.39946,40.496,0.54984,0.07943,0.437,80.77,30.757,1948.73,GOOD,synthetic_physics
2499.8,27.375,0.8429,0.44713,41.515,0.41343,0.05219,0.3622,67.37,27.604,2067.8,MARGINAL,synthetic_physics
2308.8,31.0,0.3739,0.19848,27.551,0.57369,0.11216,0.5511,198.24,31.136,904.52,REJECT,synthetic_physics
2375.7,26.625,0.9163,0.44239,39.08,0.46417,0.0784,0.4766,49.23,26.934,2229.05,MARGINAL,synthetic_physics
2206.4,28.625,0.8602,0.18328,29.035,0.89752,0.12647,0.6439,144.72,28.748,1380.31,REJECT,synthetic_physics
2304.8,29.625,0.964,0.30667,35.115,0.49541,0.07651,0.5338,55.58,29.949,2172.63,MARGINAL,synthetic_physics
2360.4,24.375,0.5523,0.27857,32.239,0.47405,0.09914,0.4632,144.71,24.33,1380.38,MARGINAL,synthetic_physics
2380.5,33.1875,0.5774,0.28829,34.901,0.40244,0.07799,0.4078,137.73,33.132,1442.38,MARGINAL,synthetic_physics
2353.9,29.3125,0.7226,0.35428,35.881,0.52287,0.07576,0.4679,82.56,29.084,1932.77,GOOD,synthetic_physics
2284.6,38.625,0.9462,0.35038,41.125,0.57485,0.0969,0.5474,47.21,38.539,2247.03,MARGINAL,synthetic_physics
2372.5,29.0,0.6865,0.2572,35.623,0.52402,0.06036,0.4678,123.41,28.586,1569.65,GOOD,synthetic_physics
2333.8,29.625,0.6506,0.18788,27.722,0.52878,0.11365,0.5486,111.56,29.698,1674.98,MARGINAL,synthetic_physics
2439.3,23.25,0.6702,0.36166,35.742,0.47114,0.08131,0.4626,117.66,23.387,1620.8,GOOD,synthetic_physics
2416.8,26.5,0.6473,0.33752,35.187,0.56699,0.07479,0.4461,107.99,26.444,1706.74,GOOD,synthetic_physics
2279.0,28.375,0.7845,0.33686,37.724,0.58359,0.10722,0.5538,71.18,28.007,2033.95,REJECT,synthetic_physics
2353.1,33.5625,0.6625,0.31281,34.546,0.49588,0.0921,0.4703,113.64,33.685,1656.5,GOOD,synthetic_physics
2242.7,24.625,0.6865,0.23929,29.776,0.6758,0.10833,0.6423,120.23,24.331,1597.99,REJECT,synthetic_physics
2237.1,27.8125,0.8617,0.46488,38.195,0.50086,0.08693,0.5404,51.56,27.83,2208.36,MARGINAL,synthetic_physics
2316.0,30.25,0.6358,0.26893,33.767,0.53213,0.09355,0.4989,115.63,29.907,1638.83,GOOD,synthetic_physics
2349.1,36.3125,0.4968,0.25046,27.937,0.52267,0.06709,0.4612,136.61,36.301,1452.32,MARGINAL,synthetic_physics
2337.0,22.125,0.658,0.22952,35.595,0.50669,0.06238,0.4407,118.54,22.069,1612.98,GOOD,synthetic_physics
2433.7,29.5625,0.7181,0.43724,39.332,0.44715,0.06968,0.3738,91.64,29.274,1852.13,MARGINAL,synthetic_physics
2368.4,29.625,0.8324,0.32681,36.625,0.43586,0.09925,0.4983,70.3,29.474,2041.76,GOOD,synthetic_physics
2178.2,29.1875,0.7814,0.32374,36.851,0.68952,0.12329,0.6443,74.16,29.451,2007.47,REJECT,synthetic_physics
2420.8,26.9375,0.6193,0.3075,36.997,0.45737,0.07242,0.3839,132.84,27.038,1485.87,MARGINAL,synthetic_physics
2387.0,24.25,0.8749,0.49525,38.964,0.4896,0.07658,0.4738,60.48,24.287,2129.03,GOOD,synthetic_physics
2494.9,27.3125,1.0126,0.50285,44.0,0.45172,0.02907,0.4044,29.39,27.308,2405.42,MARGINAL,synthetic_physics
2396.6,32.3125,0.7955,0.32191,33.914,0.54311,0.07978,0.4454,91.96,32.265,1849.22,GOOD,synthetic_physics
2461.1,33.625,0.7873,0.44999,37.863,0.48714,0.04492,0.3842,82.86,33.769,1930.12,MARGINAL,synthetic_physics
2300.7,32.4375,0.3627,0.2006,31.352,0.64648,0.13139,0.5617,215.94,32.848,747.23,REJECT,synthetic_physics
2377.3,27.75,0.7968,0.37352,40.365,0.44435,0.0878,0.5092,63.28,27.413,2104.15,MARGINAL,synthetic_physics
2436.9,26.625,0.7993,0.40016,39.583,0.46661,0.07669,0.4096,70.46,26.453,2040.34,GOOD,synthetic_physics
2205.6,26.25,0.5318,0.17796,30.797,0.65886,0.13048,0.6219,175.81,26.41,1103.87,REJECT,synthetic_physics
2456.3,18.875,0.6217,0.37301,39.728,0.51651,0.06797,0.4188,117.97,18.739,1618.08,GOOD,synthetic_physics
2391.0,35.0,1.5134,0.35454,36.265,0.3619,0.05131,0.4065,100.59,34.863,1772.5,GOOD,synthetic_physics
2440.1,31.5625,0.8628,0.50405,44.0,0.48901,0.05271,0.4336,50.81,31.767,2215.03,GOOD,synthetic_physics
2405.5,36.9375,1.1325,0.50027,44.0,0.39668,0.06969,0.463,13.58,36.899,2545.98,MARGINAL,synthetic_physics
2288.6,24.125,0.8739,0.34892,35.307,0.61448,0.12327,0.6077,50.79,24.254,2215.16,REJECT,synthetic_physics
2281.4,27.9375,0.5115,0.17824,31.67,0.64067,0.10774,0.5365,160.7,27.774,1238.23,REJECT,synthetic_physics
2347.5,32.4375,0.9142,0.3687,30.903,0.66079,0.09197,0.5247,65.0,32.232,2088.85,MARGINAL,synthetic_physics
2304.8,38.5625,0.7452,0.32376,33.936,0.58635,0.09426,0.4904,96.01,38.559,1813.27,MARGINAL,synthetic_physics
2391.8,25.125,0.8084,0.40753,41.48,0.54432,0.07002,0.471,65.65,25.219,2083.12,GOOD,synthetic_physics
2412.7,33.75,0.4629,0.17516,31.658,0.5673,0.09048,0.5165,149.8,34.192,1335.11,MARGINAL,synthetic_physics
2390.2,32.25,0.6176,0.36186,33.744,0.49379,0.0853,0.4447,114.28,31.999,1650.87,GOOD,synthetic_physics
2397.4,29.4375,0.3789,0.18179,32.986,0.49006,0.10956,0.5114,205.19,29.192,842.71,REJECT,synthetic_physics
2379.7,32.8125,0.8051,0.40958,42.806,0.45251,0.06799,0.4281,68.02,32.976,2062.01,GOOD,synthetic_physics
2426.4,35.625,0.6267,0.24957,32.835,0.5209,0.06431,0.4003,136.97,35.637,1449.18,MARGINAL,synthetic_physics
2291.1,33.0625,0.3718,0.19805,29.521,0.66792,0.12884,0.6084,183.48,32.887,1035.72,REJECT,synthetic_physics
2402.3,29.5625,0.8438,0.41616,37.846,0.48798,0.07427,0.4206,69.69,29.299,2047.21,GOOD,synthetic_physics
2324.1,24.8125,0.7926,0.35082,39.835,0.58161,0.1135,0.5747,69.42,24.573,2049.64,REJECT,synthetic_physics
2458.7,30.6875,0.8158,0.3887,37.79,0.41058,0.04445,0.3225,93.92,30.898,1831.83,REJECT,synthetic_physics
2179.9,29.9375,0.3669,0.16454,22.084,0.7208,0.13487,0.6421,198.02,29.351,906.53,REJECT,synthetic_physics
2443.4,23.75,1.0106,0.45579,44.0,0.3607,0.03292,0.3518,39.01,23.657,2319.87,MARGINAL,synthetic_physics
2456.3,32.125,0.6836,0.3044,37.976,0.45739,0.05521,0.3611,101.22,32.218,1766.92,MARGINAL,synthetic_physics
2359.6,30.6875,0.817,0.40022,37.84,0.51048,0.10649,0.5383,60.94,30.281,2124.96,MARGINAL,synthetic_physics
2399.0,27.125,0.2952,0.2389,33.281,0.48045,0.09051,0.4349,212.84,27.288,774.77,REJECT,synthetic_physics
2350.7,45.8125,0.7975,0.33926,35.853,0.45454,0.08889,0.4773,85.01,45.763,1911.06,REJECT,synthetic_physics
2265.3,28.1875,0.4169,0.19639,30.857,0.61507,0.12521,0.5177,189.63,28.162,981.07,REJECT,synthetic_physics
2613.4,19.9375,0.4286,0.29611,37.045,0.36939,0.0662,0.3093,171.28,20.06,1144.17,REJECT,synthetic_physics
2378.9,24.25,0.8673,0.37772,37.911,0.44428,0.07613,0.466,66.13,24.268,2078.84,GOOD,synthetic_physics
2245.1,32.4375,0.5341,0.27107,29.084,0.58587,0.12508,0.5617,155.33,32.455,1286.0,REJECT,synthetic_physics
2288.6,21.9375,0.8104,0.33347,32.261,0.55381,0.12412,0.6297,88.91,22.118,1876.36,REJECT,synthetic_physics
2256.4,26.3125,0.5598,0.14868,26.33,0.74062,0.14307,0.6291,169.01,26.256,1164.35,REJECT,synthetic_physics
2284.6,26.4375,0.5997,0.21833,26.77,0.66376,0.11784,0.5844,146.85,26.389,1361.31,REJECT,synthetic_physics
2457.1,30.125,0.6026,0.29664,37.819,0.40754,0.06359,0.3662,144.41,30.281,1382.99,MARGINAL,synthetic_physics
2411.9,36.375,0.9916,0.45189,40.572,0.34986,0.06332,0.3769,37.49,36.273,2333.43,MARGINAL,synthetic_physics
2167.0,29.5625,0.7167,0.3159,29.055,0.72658,0.12559,0.6497,97.1,29.418,1803.51,REJECT,synthetic_physics
2345.1,18.6875,0.9057,0.40011,40.318,0.54656,0.1209,0.5548,41.59,18.726,2297.01,REJECT,synthetic_physics
2349.9,27.3125,0.7873,0.39579,37.116,0.58973,0.05709,0.4701,82.2,27.567,1935.98,GOOD,synthetic_physics
2462.7,18.9375,0.94,0.48269,44.0,0.42851,0.04433,0.4247,39.3,18.747,2317.32,MARGINAL,synthetic_physics
2333.8,29.25,0.6861,0.36489,39.854,0.59222,0.09882,0.5462,90.74,29.364,1860.09,MARGINAL,synthetic_physics
2491.7,40.625,0.3669,0.33564,36.751,0.37852,0.01799,0.3342,205.3,40.812,841.77,REJECT,synthetic_physics
2403.9,29.5,0.9169,0.48417,39.238,0.4884,0.08358,0.4175,49.01,29.415,2231.04,MARGINAL,synthetic_physics
2436.1,34.625,0.8317,0.42429,36.879,0.44425,0.07025,0.4124,59.5,34.733,2137.79,GOOD,synthetic_physics
2411.1,33.6875,0.9758,0.42585,39.362,0.39009,0.0484,0.4233,54.66,33.373,2180.81,GOOD,synthetic_physics
2356.3,26.0625,0.8498,0.33163,37.57,0.54748,0.07583,0.4958,55.89,25.955,2169.91,GOOD,synthetic_physics
2166.2,30.625,0.5862,0.13448,25.83,0.61409,0.12142,0.6219,145.71,30.82,1371.48,REJECT,synthetic_physics
2445.0,30.875,0.8394,0.49883,38.462,0.43666,0.06563,0.4139,50.9,30.905,2214.22,GOOD,synthetic_physics
2444.2,23.1875,0.6282,0.32039,31.799,0.61213,0.10687,0.5072,121.59,22.833,1585.85,MARGINAL,synthetic_physics
2416.0,19.1875,0.4269,0.23276,33.266,0.40996,0.05035,0.3646,177.71,19.272,1087.0,REJECT,synthetic_physics
2354.7,30.8125,0.8835,0.48229,41.375,0.51809,0.04675,0.4603,53.9,30.86,2187.56,GOOD,synthetic_physics
2169.4,24.9375,0.6568,0.27088,30.783,0.71756,0.13256,0.6344,116.09,24.996,1634.74,REJECT,synthetic_physics
2422.4,27.3125,0.8882,0.35746,40.017,0.61536,0.0947,0.509,75.61,27.218,1994.6,MARGINAL,synthetic_physics
2291.9,35.0,0.5661,0.18216,30.523,0.56548,0.08696,0.489,149.58,35.017,1337.05,MARGINAL,synthetic_physics
2413.6,30.4375,0.6343,0.32081,30.328,0.57125,0.09241,0.4993,111.02,30.108,1679.81,GOOD,synthetic_physics
2314.4,38.875,0.7032,0.26329,24.397,0.59681,0.10737,0.5149,132.69,38.906,1487.24,MARGINAL,synthetic_physics
2275.8,34.625,0.8022,0.4378,37.245,0.54674,0.10566,0.4774,79.51,34.464,1959.9,GOOD,synthetic_physics
2327.3,30.8125,0.8162,0.31167,35.221,0.5549,0.09155,0.4845,89.92,30.795,1867.36,GOOD,synthetic_physics
2368.4,29.9375,0.6126,0.29846,34.722,0.5028,0.07203,0.4728,114.18,30.201,1651.76,GOOD,synthetic_physics
2345.1,36.0,0.9554,0.53452,41.151,0.52298,0.07582,0.4951,33.73,35.972,2366.87,MARGINAL,synthetic_physics
2278.2,36.8125,0.9291,0.35176,35.824,0.53276,0.09468,0.5254,61.94,36.91,2116.1,MARGINAL,synthetic_physics
2373.3,23.8125,0.8296,0.37821,39.049,0.4762,0.07973,0.4905,68.08,23.925,2061.5,GOOD,synthetic_physics
2373.3,31.125,0.8116,0.43717,37.577,0.46676,0.05679,0.4638,58.39,31.278,2147.65,GOOD,synthetic_physics
2550.5,36.4375,0.58,0.29797,32.387,0.45973,0.05616,0.3385,144.11,36.366,1385.65,REJECT,synthetic_physics
2548.9,29.0,0.7301,0.38053,36.034,0.44592,0.05989,0.4123,90.71,29.223,1860.33,GOOD,synthetic_physics
2302.3,36.75,0.6967,0.35794,36.477,0.54279,0.10967,0.5135,94.95,36.44,1822.63,MARGINAL,synthetic_physics
2352.3,21.5625,0.9567,0.45436,43.966,0.57657,0.08334,0.5171,23.47,21.6,2458.03,MARGINAL,synthetic_physics
2185.5,36.0625,0.3769,0.18368,26.442,0.70506,0.13369,0.649,195.81,36.048,926.1,REJECT,synthetic_physics
2486.9,26.9375,0.7341,0.39157,37.052,0.46675,0.05461,0.4179,83.61,27.107,1923.44,GOOD,synthetic_physics
2344.2,26.4375,0.7132,0.34219,30.198,0.51596,0.12324,0.505,107.2,26.478,1713.74,MARGINAL,synthetic_physics
2270.1,36.875,0.3196,0.23804,29.649,0.61252,0.08943,0.5362,218.46,37.016,724.82,REJECT,synthetic_physics
2411.9,20.1875,0.6632,0.35278,36.912,0.40389,0.07766,0.407,123.44,20.095,1569.38,GOOD,synthetic_physics
2303.2,29.3125,0.8433,0.37432,38.647,0.53134,0.07678,0.504,74.18,29.532,2007.28,MARGINAL,synthetic_physics
2367.6,31.625,0.7609,0.44101,40.085,0.47608,0.06724,0.452,64.19,31.976,2096.1,GOOD,synthetic_physics
2315.2,29.0,0.6385,0.2957,31.58,0.64023,0.11754,0.5141,113.41,29.118,1658.6,MARGINAL,synthetic_physics
2407.9,30.25,0.7855,0.43165,35.56,0.34712,0.07025,0.4025,90.77,30.426,1859.78,GOOD,synthetic_physics
2240.3,20.5625,0.3203,0.19421,28.214,0.81335,0.11516,0.6371,207.8,20.778,819.58,REJECT,synthetic_physics
2409.5,23.0625,0.861,0.46116,44.0,0.4158,0.05506,0.4143,53.5,22.871,2191.08,GOOD,synthetic_physics
2324.1,28.0,0.5959,0.22553,31.862,0.48301,0.05777,0.4133,148.99,27.909,1342.28,MARGINAL,synthetic_physics
2428.9,17.125,0.7229,0.31435,34.15,0.57439,0.08879,0.4949,98.64,17.278,1789.87,GOOD,synthetic_physics
2423.2,34.625,0.7621,0.36202,34.426,0.46161,0.06815,0.4217,97.32,34.748,1801.57,GOOD,synthetic_physics
2365.2,30.5,0.8362,0.46633,38.24,0.39024,0.07472,0.4253,61.51,30.621,2119.89,GOOD,synthetic_physics
2431.3,33.0625,0.3845,0.22808,33.239,0.41233,0.05484,0.3232,186.63,33.254,1007.69,REJECT,synthetic_physics
2404.7,21.25,0.6577,0.36645,30.081,0.51155,0.07262,0.4569,116.55,21.173,1630.65,GOOD,synthetic_physics
2389.4,35.8125,0.6337,0.29522,32.684,0.45274,0.09061,0.4231,110.18,35.788,1687.27,MARGINAL,synthetic_physics
2405.5,29.9375,0.4598,0.20158,31.482,0.57949,0.09552,0.5056,180.75,29.904,1059.96,REJECT,synthetic_physics
2428.1,33.6875,0.5869,0.27577,34.715,0.43491,0.05182,0.3633,143.9,33.754,1387.57,MARGINAL,synthetic_physics
2324.1,27.625,0.8321,0.34639,36.426,0.54116,0.09985,0.5417,64.12,27.569,2096.74,MARGINAL,synthetic_physics
2353.1,30.375,0.864,0.36958,34.457,0.53426,0.07142,0.5024,66.13,30.365,2078.88,MARGINAL,synthetic_physics
2395.8,31.375,0.6525,0.25696,30.432,0.48079,0.10837,0.4958,111.55,31.202,1675.08,GOOD,synthetic_physics
2393.4,31.9375,0.8172,0.37305,40.978,0.58185,0.0995,0.5304,71.75,31.943,2028.89,MARGINAL,synthetic_physics
2441.8,24.125,0.7256,0.33944,40.589,0.47058,0.06609,0.4214,99.03,24.06,1786.36,GOOD,synthetic_physics
2418.4,22.5625,0.3696,0.25595,34.58,0.47056,0.04128,0.3827,183.58,22.48,1034.84,REJECT,synthetic_physics
2352.3,28.8125,0.9892,0.40883,39.387,0.56138,0.09262,0.4849,33.43,28.846,2369.47,MARGINAL,synthetic_physics
2370.8,32.75,0.9293,0.50071,44.0,0.39021,0.05259,0.3756,40.55,32.929,2306.23,MARGINAL,synthetic_physics
2482.1,29.0,0.8174,0.32974,34.279,0.44114,0.07358,0.4054,106.56,29.199,1719.47,GOOD,synthetic_physics
2337.8,36.5,0.9826,0.52615,44.0,0.3814,0.04673,0.4021,38.87,36.356,2321.19,MARGINAL,synthetic_physics
2450.6,31.875,0.812,0.32857,35.529,0.54764,0.08268,0.4721,85.27,32.05,1908.71,GOOD,synthetic_physics
2378.9,18.25,0.9549,0.41297,35.152,0.4334,0.08713,0.4999,66.53,18.343,2075.31,GOOD,synthetic_physics
2410.3,33.6875,1.0452,0.4407,42.885,0.52956,0.06134,0.4699,27.32,34.211,2423.79,MARGINAL,synthetic_physics
2544.1,26.5625,1.0176,0.52057,43.985,0.35669,0.05432,0.4047,20.27,26.57,2486.51,MARGINAL,synthetic_physics
2444.2,28.75,0.7369,0.32307,37.723,0.54984,0.08,0.4229,107.18,28.646,1713.98,GOOD,synthetic_physics
2343.4,26.4375,0.8244,0.36739,41.569,0.49449,0.07568,0.4875,73.19,26.773,2016.11,GOOD,synthetic_physics
2557.8,21.5,0.6439,0.27329,34.859,0.41897,0.05829,0.4292,112.73,21.688,1664.66,GOOD,synthetic_physics
2401.5,35.75,0.5491,0.27015,33.889,0.48282,0.09444,0.4457,137.49,35.646,1444.53,MARGINAL,synthetic_physics
2347.5,35.3125,0.9048,0.43157,37.748,0.4602,0.06745,0.4361,49.18,34.84,2229.48,MARGINAL,synthetic_physics
2312.0,30.0625,0.9938,0.47011,40.823,0.47603,0.10447,0.5173,19.88,29.724,2489.93,MARGINAL,synthetic_physics
2418.4,27.4375,1.0165,0.55632,41.87,0.56605,0.07607,0.4994,10.96,27.592,2569.23,MARGINAL,synthetic_physics
2443.4,35.4375,0.3876,0.30574,33.726,0.51812,0.06714,0.393,192.91,35.321,951.88,REJECT,synthetic_physics
2460.3,22.375,0.5022,0.25917,35.117,0.531,0.0539,0.354,164.76,21.859,1202.16,REJECT,synthetic_physics
2311.2,32.5625,0.6949,0.33709,37.491,0.62142,0.1084,0.5246,94.49,32.649,1826.72,MARGINAL,synthetic_physics
2431.3,30.0625,0.8365,0.44901,41.077,0.43518,0.07739,0.4396,54.75,30.193,2179.97,GOOD,synthetic_physics
2404.7,24.9375,1.1306,0.60472,44.0,0.37358,0.05152,0.4229,17.41,24.852,2511.88,MARGINAL,synthetic_physics
2372.5,26.75,0.6802,0.264,34.655,0.41395,0.06349,0.4108,115.75,26.759,1637.77,GOOD,synthetic_physics
2365.2,28.0625,0.7715,0.37764,33.823,0.54593,0.07839,0.5179,100.06,27.807,1777.22,MARGINAL,synthetic_physics
2345.1,24.25,0.9355,0.41826,38.841,0.48231,0.09469,0.5342,43.13,24.252,2283.29,MARGINAL,synthetic_physics
2259.6,31.25,0.9899,0.37664,39.502,0.61264,0.0791,0.5208,45.03,31.409,2266.43,MARGINAL,synthetic_physics
2311.2,33.875,0.7338,0.39571,33.417,0.46857,0.08891,0.4761,102.21,33.825,1758.16,GOOD,synthetic_physics
2420.0,34.5625,0.9354,0.37796,35.545,0.37922,0.08076,0.4807,58.36,34.483,2147.91,GOOD,synthetic_physics
2445.8,22.5625,0.7759,0.41124,39.576,0.49125,0.08406,0.4771,82.7,22.83,1931.58,GOOD,synthetic_physics
2402.3,26.6875,0.6535,0.33317,35.039,0.4933,0.05804,0.3591,123.31,26.72,1570.55,MARGINAL,synthetic_physics
2375.7,31.125,0.7195,0.3278,37.955,0.48179,0.06048,0.454,100.8,31.067,1770.64,GOOD,synthetic_physics
2354.7,32.875,0.8164,0.44199,39.259,0.42104,0.05674,0.4035,80.53,33.033,1950.87,GOOD,synthetic_physics
2313.6,23.8125,0.6619,0.20664,33.035,0.71271,0.11717,0.5813,139.16,24.083,1429.65,REJECT,synthetic_physics
2345.9,28.125,0.7185,0.29415,34.332,0.45133,0.09737,0.449,114.74,28.116,1646.73,GOOD,synthetic_physics
2353.9,29.125,0.6362,0.3595,29.93,0.56733,0.10239,0.4868,119.87,29.063,1601.12,GOOD,synthetic_physics
2275.8,24.625,0.7631,0.38995,37.521,0.44589,0.08326,0.4651,77.62,24.769,1976.67,GOOD,synthetic_physics
2370.8,33.6875,0.6508,0.31707,35.3,0.49181,0.08673,0.4825,107.69,33.982,1709.43,GOOD,synthetic_physics
2387.0,22.9375,0.9896,0.45954,39.437,0.42648,0.03204,0.4042,40.5,22.815,2306.69,MARGINAL,synthetic_physics
2302.3,33.0,0.5842,0.2733,32.456,0.50269,0.08616,0.4676,135.82,32.94,1459.36,MARGINAL,synthetic_physics
2384.5,31.1875,0.7281,0.26654,33.646,0.62163,0.1058,0.56,93.8,31.719,1832.91,REJECT,synthetic_physics
2492.5,32.5625,0.8164,0.4265,36.748,0.28565,0.05263,0.361,86.03,33.004,1901.97,MARGINAL,synthetic_physics
2230.6,31.3125,0.9147,0.36057,36.812,0.73266,0.1146,0.6427,25.0,31.327,2444.42,REJECT,synthetic_physics
2318.5,24.75,0.5794,0.30282,33.083,0.57875,0.08464,0.461,138.18,24.768,1438.44,MARGINAL,synthetic_physics
2452.2,24.75,0.6186,0.33279,39.568,0.52567,0.05677,0.4053,117.02,24.531,1626.49,GOOD,synthetic_physics
2432.1,32.375,1.0944,0.49186,44.0,0.45356,0.03912,0.3802,24.41,31.984,2449.66,MARGINAL,synthetic_physics
2456.3,26.5625,0.5761,0.2692,26.301,0.57434,0.06214,0.3869,149.83,26.717,1334.87,MARGINAL,synthetic_physics
2533.6,27.9375,0.7965,0.47433,44.0,0.35445,0.05308,0.3418,56.98,27.663,2160.18,REJECT,synthetic_physics
2503.0,13.75,0.8743,0.47201,43.288,0.34287,0.06352,0.3704,52.92,13.637,2196.24,MARGINAL,synthetic_physics
2353.1,35.9375,0.3143,0.21298,30.467,0.52162,0.06695,0.4233,219.74,36.01,713.44,REJECT,synthetic_physics
2362.8,31.0,0.6727,0.23063,33.028,0.59221,0.09813,0.5325,109.97,31.174,1689.2,MARGINAL,synthetic_physics
2324.9,25.3125,0.6967,0.2144,33.292,0.58749,0.09984,0.5391,112.32,25.691,1668.25,MARGINAL,synthetic_physics
2262.1,28.9375,0.7716,0.24082,28.356,0.60197,0.13111,0.6483,96.15,29.047,1812.03,REJECT,synthetic_physics
2226.6,28.4375,0.4624,0.18435,22.917,0.67456,0.11143,0.6312,158.72,28.659,1255.85,REJECT,synthetic_physics
2221.0,35.25,0.5901,0.17847,31.851,0.71961,0.14026,0.6201,155.71,35.068,1282.6,REJECT,synthetic_physics
2389.4,26.3125,0.9164,0.38909,42.123,0.43094,0.05355,0.4176,73.91,26.109,2009.67,GOOD,synthetic_physics
2409.5,35.1875,0.3284,0.16494,29.527,0.45894,0.0671,0.4427,210.04,35.014,799.65,REJECT,synthetic_physics
2241.9,30.8125,0.5122,0.18658,26.96,0.59767,0.11726,0.6116,151.0,30.605,1324.4,REJECT,synthetic_physics
2275.8,20.0,0.5241,0.22305,28.095,0.65416,0.09165,0.565,155.44,20.129,1284.98,REJECT,synthetic_physics
2221.8,33.25,0.8234,0.354,38.503,0.63925,0.11842,0.5943,58.15,33.044,2149.79,REJECT,synthetic_physics
2359.6,23.5,0.6967,0.33867,32.465,0.51742,0.04486,0.4273,113.89,23.62,1654.3,GOOD,synthetic_physics
2232.2,26.9375,0.6007,0.1953,29.583,0.6262,0.11398,0.5458,144.89,27.063,1378.74,MARGINAL,synthetic_physics
2297.5,22.0625,0.4957,0.21732,24.967,0.76123,0.10222,0.5903,168.89,22.011,1165.39,REJECT,synthetic_physics
2163.7,36.75,0.7941,0.32807,34.903,0.72985,0.1302,0.6433,90.18,37.082,1865.11,REJECT,synthetic_physics
2424.0,38.6875,0.5386,0.30914,35.286,0.40639,0.06852,0.3583,134.31,38.765,1472.8,MARGINAL,synthetic_physics
2251.6,29.625,0.7269,0.32109,34.0,0.55868,0.11388,0.6117,83.47,29.351,1924.71,REJECT,synthetic_physics
2453.0,33.625,0.3795,0.30307,29.836,0.43507,0.0611,0.3923,207.43,33.983,822.86,REJECT,synthetic_physics
2412.7,26.5,0.6078,0.2653,31.664,0.51585,0.073,0.4558,136.2,26.675,1456.02,MARGINAL,synthetic_physics
2312.8,33.375,0.9128,0.41502,43.927,0.54921,0.1059,0.5257,44.94,33.562,2267.19,MARGINAL,synthetic_physics
2220.1,25.0625,0.6245,0.22101,29.893,0.74519,0.14604,0.6315,135.12,25.173,1465.6,REJECT,synthetic_physics
2340.2,30.5625,0.6542,0.22648,32.4,0.60456,0.13259,0.5612,134.15,30.866,1474.2,REJECT,synthetic_physics
2457.9,29.8125,0.5925,0.22732,28.903,0.43111,0.06361,0.3742,134.08,30.066,1474.87,MARGINAL,synthetic_physics
2276.6,32.25,0.9797,0.42672,44.0,0.56588,0.0981,0.519,32.04,32.347,2381.9,MARGINAL,synthetic_physics
2391.8,23.375,0.7063,0.2878,39.68,0.44543,0.05856,0.457,80.98,23.617,1946.85,GOOD,synthetic_physics
2292.7,35.5625,0.7089,0.2408,33.423,0.65237,0.11155,0.5635,98.05,35.594,1795.14,REJECT,synthetic_physics
2357.1,25.625,0.9474,0.43247,42.615,0.42873,0.05876,0.5142,44.13,25.429,2274.38,MARGINAL,synthetic_physics
2422.4,21.125,0.9511,0.44711,37.245,0.40905,0.05425,0.4245,42.15,21.316,2292.03,MARGINAL,synthetic_physics
2507.0,21.875,0.7684,0.46333,42.786,0.4435,0.05485,0.3798,59.58,22.048,2137.11,MARGINAL,synthetic_physics
2410.3,24.875,1.0081,0.49762,44.0,0.58016,0.07664,0.4954,18.46,24.788,2502.55,MARGINAL,synthetic_physics
2497.4,40.375,0.9705,0.50019,44.0,0.20723,0.05576,0.3656,17.08,39.978,2514.87,MARGINAL,synthetic_physics
2340.2,31.0,0.7481,0.28712,32.919,0.44585,0.06719,0.4674,96.61,31.17,1807.95,GOOD,synthetic_physics
2441.0,24.3125,0.8684,0.45682,42.41,0.4214,0.04823,0.4144,67.04,24.377,2070.76,GOOD,synthetic_physics
2512.7,38.75,0.7728,0.37757,42.433,0.31831,0.05003,0.3826,89.52,39.112,1870.9,MARGINAL,synthetic_physics
2416.0,26.3125,0.7368,0.32141,38.888,0.49546,0.07274,0.4205,95.19,26.15,1820.52,GOOD,synthetic_physics
2421.6,24.875,0.7706,0.49849,39.262,0.46453,0.08113,0.4627,75.53,24.813,1995.26,GOOD,synthetic_physics
2286.2,33.25,1.0122,0.46205,43.431,0.60686,0.09843,0.5005,20.31,32.95,2486.13,MARGINAL,synthetic_physics
2281.4,21.3125,1.0525,0.37216,38.054,0.63348,0.09719,0.5708,23.34,21.137,2459.19,REJECT,synthetic_physics
2403.9,34.1875,0.6653,0.30902,36.195,0.53032,0.08885,0.4188,119.23,34.245,1606.89,GOOD,synthetic_physics
2431.3,25.4375,0.8742,0.38206,36.786,0.47463,0.07682,0.4555,74.94,25.718,2000.52,GOOD,synthetic_physics
2374.1,26.375,1.0449,0.591,41.773,0.42159,0.0823,0.4506,28.46,26.194,2413.67,MARGINAL,synthetic_physics
2352.3,30.0,0.7175,0.34615,35.164,0.47839,0.07058,0.4777,96.95,30.118,1804.86,GOOD,synthetic_physics
2328.9,34.875,0.6188,0.25393,33.721,0.58269,0.08552,0.5209,130.31,34.904,1508.37,MARGINAL,synthetic_physics
2374.9,34.6875,0.8321,0.45551,44.0,0.27466,0.04792,0.3704,50.57,34.894,2217.18,MARGINAL,synthetic_physics
2435.3,31.5,0.7278,0.31918,32.158,0.48574,0.06698,0.4398,107.74,31.302,1708.99,GOOD,synthetic_physics
2473.2,21.3125,0.9186,0.50262,41.01,0.34983,0.04803,0.3852,43.42,21.26,2280.71,MARGINAL,synthetic_physics
2302.3,35.0,0.4638,0.22607,30.385,0.70851,0.10972,0.5542,175.45,35.385,1107.11,REJECT,synthetic_physics
2510.3,28.5625,0.7433,0.30956,38.445,0.40087,0.05222,0.3873,97.21,28.675,1802.54,MARGINAL,synthetic_physics
2361.2,26.875,0.583,0.38363,36.934,0.43804,0.07178,0.4584,101.58,26.847,1763.7,GOOD,synthetic_physics
2390.2,27.9375,0.5888,0.31365,33.856,0.51642,0.07783,0.4024,144.88,27.749,1378.86,MARGINAL,synthetic_physics
2466.7,33.3125,0.599,0.30609,35.364,0.46506,0.06444,0.3743,135.2,33.066,1464.92,MARGINAL,synthetic_physics
2446.6,33.3125,0.5029,0.24217,35.844,0.391,0.05198,0.3702,153.88,33.103,1298.82,REJECT,synthetic_physics
2250.8,31.5,0.6407,0.20298,27.306,0.78131,0.11724,0.6165,118.08,31.375,1617.11,REJECT,synthetic_physics
2325.7,25.875,0.7675,0.36865,33.862,0.48974,0.07904,0.4659,87.19,26.055,1891.68,GOOD,synthetic_physics
2357.1,27.8125,0.7454,0.29976,40.391,0.5203,0.09453,0.5136,89.32,27.828,1872.71,MARGINAL,synthetic_physics
2357.9,34.1875,0.9987,0.38858,41.765,0.55514,0.06008,0.4654,52.62,34.191,2198.97,GOOD,synthetic_physics
2477.2,11.875,0.7736,0.27704,32.363,0.46994,0.04368,0.4294,100.9,12.0,1769.8,GOOD,synthetic_physics
2378.1,37.3125,0.3212,0.20431,28.069,0.59141,0.08924,0.4695,203.83,37.393,854.85,REJECT,synthetic_physics
2507.0,31.375,0.6113,0.30795,34.502,0.46457,0.04918,0.3791,140.06,31.492,1421.65,MARGINAL,synthetic_physics
2457.9,33.0625,0.6932,0.33244,36.731,0.44702,0.06507,0.4136,106.73,32.759,1718.0,GOOD,synthetic_physics
2417.6,28.875,0.5764,0.28686,36.465,0.47085,0.06875,0.4198,121.42,28.905,1587.34,GOOD,synthetic_physics
2252.4,38.625,0.7454,0.27068,29.877,0.65833,0.10742,0.6196,105.31,38.308,1730.61,REJECT,synthetic_physics
2318.5,24.75,0.2961,0.18885,26.879,0.50409,0.10261,0.5241,216.56,24.84,741.66,REJECT,synthetic_physics
2381.3,34.8125,0.4846,0.19505,26.984,0.50306,0.052,0.4354,156.13,34.866,1278.8,REJECT,synthetic_physics
2427.3,27.6875,0.878,0.45892,44.0,0.53629,0.06628,0.4158,42.24,27.48,2291.23,MARGINAL,synthetic_physics
2428.1,32.3125,0.6987,0.37551,32.773,0.56803,0.08791,0.482,108.5,32.223,1702.21,GOOD,synthetic_physics
2376.5,27.8125,0.9332,0.48613,38.377,0.46935,0.07577,0.4604,36.7,28.166,2340.41,MARGINAL,synthetic_physics
2381.3,25.8125,0.5344,0.2188,33.207,0.50719,0.07742,0.4587,145.59,25.63,1372.5,MARGINAL,synthetic_physics
2273.3,33.0625,0.8715,0.27423,34.048,0.75282,0.12948,0.6435,77.68,33.098,1976.18,REJECT,synthetic_physics
2331.4,26.625,0.4977,0.19242,29.749,0.68112,0.12866,0.6274,168.79,26.468,1166.31,REJECT,synthetic_physics
2306.4,22.25,0.6793,0.3164,35.514,0.60791,0.13445,0.5644,99.36,22.201,1783.46,REJECT,synthetic_physics
2410.3,30.125,0.7819,0.38049,31.026,0.4595,0.07189,0.3977,99.96,29.856,1778.15,MARGINAL,synthetic_physics
2418.4,25.1875,0.6247,0.27587,31.753,0.40824,0.08041,0.3996,125.34,25.142,1552.57,MARGINAL,synthetic_physics
2411.9,24.25,0.703,0.34574,40.075,0.40824,0.04356,0.4031,83.14,24.518,1927.62,GOOD,synthetic_physics
2437.7,33.25,0.7406,0.36533,40.758,0.53384,0.06699,0.461,91.44,33.376,1853.85,GOOD,synthetic_physics
2476.4,23.5625,0.8925,0.46782,44.0,0.30634,0.03995,0.3689,45.11,23.65,2265.73,MARGINAL,synthetic_physics
2312.8,32.0625,0.9559,0.48806,41.304,0.41178,0.07454,0.5151,27.38,31.547,2423.29,MARGINAL,synthetic_physics
2472.4,35.25,0.7372,0.48951,34.444,0.40242,0.05662,0.3115,93.47,35.221,1835.84,REJECT,synthetic_physics
2407.9,23.5,0.3283,0.20706,31.661,0.35909,0.07126,0.4418,217.02,23.494,737.61,REJECT,synthetic_physics
2404.7,37.3125,0.5153,0.29126,36.951,0.45904,0.05029,0.3364,154.32,37.014,1294.92,REJECT,synthetic_physics
2349.9,25.0,0.7022,0.39074,40.445,0.46212,0.10337,0.5169,101.51,25.499,1764.32,MARGINAL,synthetic_physics
2453.0,33.875,0.5109,0.22692,33.757,0.57749,0.07586,0.462,155.93,33.806,1280.59,REJECT,synthetic_physics
2255.6,20.1875,0.7552,0.36243,35.04,0.6194,0.07386,0.5235,75.37,20.222,1996.71,MARGINAL,synthetic_physics
2325.7,39.75,0.5396,0.26265,33.041,0.63142,0.08718,0.4887,157.46,39.68,1267.05,REJECT,synthetic_physics
2544.9,27.25,1.0041,0.53936,44.0,0.32318,0.05105,0.313,24.99,27.027,2444.5,REJECT,synthetic_physics
2434.5,38.75,0.3957,0.2281,32.174,0.53693,0.07799,0.3748,190.62,38.357,972.27,REJECT,synthetic_physics
2470.8,39.5,0.9557,0.5307,44.0,0.43025,0.06061,0.3026,29.24,39.589,2406.77,REJECT,synthetic_physics
2377.3,22.3125,0.7949,0.45318,44.0,0.50265,0.11768,0.4689,73.88,22.338,2010.0,GOOD,synthetic_physics
2403.9,32.4375,0.9204,0.47524,38.291,0.32414,0.03439,0.3589,43.05,32.774,2283.98,MARGINAL,synthetic_physics
2433.7,28.0625,0.577,0.39757,36.235,0.5047,0.06967,0.3907,130.77,28.213,1504.26,MARGINAL,synthetic_physics
2292.7,35.625,0.9735,0.48424,42.063,0.4708,0.10435,0.5194,36.5,36.107,2342.2,MARGINAL,synthetic_physics
2462.7,31.0,0.7811,0.36819,37.767,0.3234,0.06439,0.3667,72.34,31.545,2023.68,MARGINAL,synthetic_physics
2377.3,32.75,0.9732,0.4633,41.699,0.41854,0.03917,0.3692,38.43,32.695,2325.06,MARGINAL,synthetic_physics
2441.0,31.0625,0.6856,0.28755,36.332,0.53505,0.0784,0.439,114.85,30.798,1645.74,GOOD,synthetic_physics
2261.2,32.625,0.6006,0.19377,32.458,0.72441,0.11916,0.5834,135.15,32.781,1465.31,REJECT,synthetic_physics
2346.7,33.4375,0.9291,0.43348,42.287,0.45584,0.08306,0.4802,13.55,33.246,2546.18,MARGINAL,synthetic_physics
2228.2,32.8125,0.7295,0.29592,33.824,0.52281,0.09493,0.5593,113.13,32.688,1661.03,REJECT,synthetic_physics
2251.6,28.75,0.7596,0.33243,38.64,0.71414,0.112,0.6037,81.22,28.616,1944.69,REJECT,synthetic_physics
2351.5,20.6875,0.7886,0.31934,36.165,0.46191,0.09005,0.4792,98.6,20.868,1790.26,GOOD,synthetic_physics
2437.7,28.0,0.6314,0.27378,32.859,0.52514,0.07156,0.4772,141.76,28.254,1406.61,MARGINAL,synthetic_physics
2469.2,34.25,0.7763,0.41008,40.175,0.43589,0.04244,0.4002,88.38,34.216,1881.1,GOOD,synthetic_physics
2255.6,32.6875,0.5958,0.28509,33.104,0.57333,0.08167,0.5477,110.5,32.63,1684.44,MARGINAL,synthetic_physics
2385.3,28.9375,0.4251,0.23649,32.943,0.46325,0.03984,0.4173,176.97,28.797,1093.61,REJECT,synthetic_physics
2495.8,35.4375,0.757,0.4475,36.266,0.43086,0.03642,0.351,87.37,36.085,1890.06,MARGINAL,synthetic_physics
2322.5,25.4375,0.7274,0.27763,31.198,0.56521,0.1031,0.5339,101.5,25.618,1764.4,MARGINAL,synthetic_physics
2417.6,28.0625,0.8222,0.40131,37.602,0.45306,0.0647,0.4442,53.59,28.389,2190.29,GOOD,synthetic_physics
2424.0,33.125,1.0442,0.50571,44.0,0.32954,0.04381,0.3464,22.4,32.991,2467.59,REJECT,synthetic_physics
2310.4,23.375,1.0104,0.40619,37.59,0.5453,0.13248,0.6466,26.85,23.249,2428.02,REJECT,synthetic_physics
2313.6,31.4375,0.3272,0.1768,30.806,0.632,0.10966,0.5447,205.87,31.407,836.68,REJECT,synthetic_physics
2253.2,31.25,1.0225,0.49129,43.044,0.54845,0.08511,0.5682,22.44,31.222,2467.2,REJECT,synthetic_physics
2560.2,30.9375,0.9733,0.55473,43.601,0.34536,0.06,0.3506,29.32,30.868,2406.08,MARGINAL,synthetic_physics
2416.0,19.6875,0.5839,0.34243,35.774,0.45699,0.07936,0.3913,122.18,19.939,1580.62,MARGINAL,synthetic_physics
2293.5,34.1875,0.3375,0.22827,26.098,0.67137,0.09489,0.5445,218.67,34.126,722.95,REJECT,synthetic_physics
2405.5,31.875,0.564,0.31086,34.366,0.42234,0.05289,0.3259,155.94,32.278,1280.57,REJECT,synthetic_physics
2389.4,28.3125,0.6817,0.28782,39.543,0.4809,0.07273,0.4447,106.22,28.448,1722.48,GOOD,synthetic_physics
2217.7,34.3125,0.9868,0.44667,39.4,0.57756,0.11066,0.607,53.46,33.952,2191.5,REJECT,synthetic_physics
2215.3,25.0625,0.6214,0.21928,29.6,0.75945,0.15786,0.6384,129.15,25.17,1518.71,REJECT,synthetic_physics
2307.2,29.5,0.7351,0.28783,32.313,0.55529,0.09459,0.5232,113.5,29.494,1657.75,MARGINAL,synthetic_physics
2312.0,22.375,0.7312,0.3347,34.155,0.59298,0.0961,0.4923,104.95,22.518,1733.75,GOOD,synthetic_physics
2475.6,21.75,1.0727,0.59617,44.0,0.34853,0.05698,0.3661,19.89,21.791,2489.88,MARGINAL,synthetic_physics
2416.8,25.4375,0.4342,0.30434,31.283,0.5653,0.08621,0.4566,167.85,25.547,1174.7,REJECT,synthetic_physics
2351.5,24.4375,0.762,0.37737,34.722,0.53927,0.07881,0.47,82.45,24.101,1933.75,GOOD,synthetic_physics
2225.8,39.6875,0.4098,0.20682,31.015,0.72378,0.11093,0.6005,193.63,39.715,945.47,REJECT,synthetic_physics
2417.6,31.4375,0.8423,0.31473,37.418,0.40144,0.07247,0.414,88.13,31.681,1883.28,GOOD,synthetic_physics
2290.3,29.0625,0.7765,0.28589,40.633,0.65682,0.12309,0.5796,69.15,29.246,2052.02,REJECT,synthetic_physics
2344.2,31.3125,0.7241,0.32334,33.721,0.49739,0.09397,0.4909,101.16,31.301,1767.46,GOOD,synthetic_physics
2233.8,18.6875,1.0155,0.39543,39.055,0.64685,0.11199,0.6274,13.85,18.723,2543.6,REJECT,synthetic_physics
2363.6,29.3125,0.3597,0.26198,29.255,0.48642,0.07534,0.4229,194.49,29.574,937.88,REJECT,synthetic_physics
2345.9,23.875,0.6575,0.19884,33.422,0.54999,0.09151,0.4703,178.31,24.213,1081.66,REJECT,synthetic_physics
2499.0,29.8125,0.7095,0.36676,37.358,0.4675,0.05985,0.3765,102.56,29.258,1755.02,MARGINAL,synthetic_physics
2549.7,28.5,0.3912,0.26411,34.705,0.35544,0.04901,0.3524,188.23,28.668,993.53,REJECT,synthetic_physics
2546.5,33.3125,0.8534,0.41503,38.737,0.37138,0.04673,0.4141,60.81,33.061,2126.15,GOOD,synthetic_physics
2329.7,32.8125,0.2578,0.26127,32.719,0.60447,0.09685,0.455,219.77,32.746,713.13,REJECT,synthetic_physics
2290.3,34.625,0.7898,0.38487,43.747,0.36283,0.08961,0.4758,66.69,34.74,2073.91,GOOD,synthetic_physics
2397.4,27.5625,0.6954,0.3014,32.586,0.57333,0.078,0.5115,106.7,27.173,1718.2,MARGINAL,synthetic_physics
2475.6,24.875,0.7845,0.39752,40.851,0.40363,0.07438,0.4116,82.31,24.716,1935.04,GOOD,synthetic_physics
2250.8,26.75,0.3695,0.2034,29.578,0.70251,0.10677,0.5411,184.35,26.822,1027.99,REJECT,synthetic_physics
2366.0,29.5,1.0139,0.50873,44.0,0.3581,0.06563,0.4567,12.22,29.645,2558.04,MARGINAL,synthetic_physics
2519.1,36.875,0.7353,0.35331,40.155,0.39128,0.05129,0.3299,94.27,36.648,1828.68,REJECT,synthetic_physics
2321.7,29.8125,0.424,0.19815,30.335,0.70241,0.11314,0.5564,176.77,29.689,1095.35,REJECT,synthetic_physics
2404.7,29.3125,0.2917,0.24301,29.595,0.56772,0.06854,0.45,209.93,29.527,800.66,REJECT,synthetic_physics
2250.0,37.375,0.7539,0.27101,30.115,0.69012,0.09222,0.58,97.49,37.644,1800.07,REJECT,synthetic_physics
2289.5,30.375,0.6803,0.30634,34.303,0.45666,0.10609,0.5347,89.71,30.339,1869.23,MARGINAL,synthetic_physics
2232.2,32.625,0.4334,0.21764,24.831,0.80258,0.1425,0.6431,201.75,32.69,873.33,REJECT,synthetic_physics
2465.9,29.0,0.7956,0.37818,40.46,0.43121,0.05774,0.4271,75.92,28.73,1991.78,GOOD,synthetic_physics
2438.5,27.75,0.8446,0.46239,38.063,0.40521,0.05044,0.4001,74.1,27.812,2007.98,GOOD,synthetic_physics
2497.4,29.375,0.3846,0.34543,32.183,0.42289,0.06384,0.3659,199.54,29.492,892.97,REJECT,synthetic_physics
2403.9,26.0625,0.8319,0.35993,43.156,0.35186,0.06423,0.4123,68.49,26.182,2057.88,GOOD,synthetic_physics
2345.1,31.5625,0.7423,0.42161,33.496,0.56876,0.06033,0.4705,96.6,31.755,1808.0,GOOD,synthetic_physics
2306.4,27.0625,1.0035,0.52472,44.0,0.48203,0.05521,0.3909,23.36,27.253,2459.05,MARGINAL,synthetic_physics
2409.5,32.6875,0.5366,0.20704,36.32,0.64595,0.07622,0.5086,168.51,32.945,1168.76,REJECT,synthetic_physics
2518.3,32.125,0.3869,0.29718,33.421,0.40144,0.04977,0.3356,193.57,32.419,946.04,REJECT,synthetic_physics
2382.1,25.125,0.6729,0.27002,35.295,0.54044,0.07921,0.4521,121.18,25.297,1589.53,GOOD,synthetic_physics
2388.6,35.5,0.6785,0.29012,32.284,0.56832,0.09393,0.5061,118.46,35.478,1613.65,MARGINAL,synthetic_physics
2478.0,25.125,0.9237,0.52003,44.0,0.42437,0.03021,0.3504,39.51,24.929,2315.47,MARGINAL,synthetic_physics
2337.8,25.9375,0.623,0.35588,36.157,0.49121,0.08927,0.4534,108.21,25.786,1704.81,GOOD,synthetic_physics
2508.6,25.5625,1.4276,0.53638,44.0,0.35469,0.04693,0.435,22.51,25.871,2466.57,MARGINAL,synthetic_physics
2502.2,24.625,0.6191,0.30977,38.797,0.47904,0.05831,0.3674,125.44,25.051,1551.61,MARGINAL,synthetic_physics
2341.0,37.5625,0.7732,0.33969,33.949,0.42599,0.08264,0.4782,88.24,37.294,1882.32,MARGINAL,synthetic_physics
2474.8,29.375,0.7564,0.41761,40.06,0.44314,0.07074,0.4043,83.17,28.947,1927.4,GOOD,synthetic_physics
2298.3,31.5625,0.9731,0.53866,42.889,0.51209,0.06717,0.4883,17.43,31.645,2511.73,MARGINAL,synthetic_physics
2308.8,31.6875,0.7577,0.40958,39.836,0.48056,0.08223,0.481,84.32,31.707,1917.13,GOOD,synthetic_physics
2357.1,24.9375,0.8587,0.42632,38.192,0.52095,0.0725,0.4925,61.09,25.199,2123.61,GOOD,synthetic_physics
2525.6,26.625,0.3268,0.30149,33.165,0.43209,0.05953,0.3432,203.46,26.629,858.13,REJECT,synthetic_physics
2378.1,29.0,1.0498,0.45285,41.023,0.37367,0.07933,0.4227,41.49,28.987,2297.91,MARGINAL,synthetic_physics
2420.8,36.25,0.4328,0.21889,30.524,0.448,0.06694,0.3947,169.16,35.921,1163.07,REJECT,synthetic_physics
2272.5,29.9375,0.9716,0.55197,41.091,0.58049,0.09125,0.5514,29.69,29.901,2402.74,REJECT,synthetic_physics
2453.0,32.125,0.6111,0.27126,32.896,0.5181,0.05156,0.3672,137.97,32.092,1440.29,MARGINAL,synthetic_physics
2307.2,29.0625,0.9522,0.47824,41.619,0.4919,0.08042,0.5261,25.45,29.231,2440.4,MARGINAL,synthetic_physics
2395.0,35.375,0.9062,0.46605,43.522,0.43407,0.06881,0.4296,32.85,35.49,2374.68,MARGINAL,synthetic_physics
2378.9,31.9375,0.8083,0.4662,41.457,0.42498,0.08023,0.4966,66.58,31.729,2074.82,GOOD,synthetic_physics
2386.2,20.375,0.7174,0.30981,34.25,0.54741,0.0953,0.4918,94.09,20.155,1830.35,GOOD,synthetic_physics
2253.2,28.125,0.6954,0.32017,33.121,0.54901,0.08401,0.4907,107.04,28.125,1715.17,GOOD,synthetic_physics
2464.3,29.6875,0.8395,0.47158,43.005,0.41245,0.02407,0.3649,57.56,30.097,2154.99,MARGINAL,synthetic_physics
2448.2,18.9375,0.5852,0.27578,32.362,0.50686,0.08765,0.4438,165.34,18.958,1196.94,REJECT,synthetic_physics
2280.6,32.0625,1.1693,0.52415,44.0,0.51393,0.08659,0.5119,13.05,32.112,2550.65,MARGINAL,synthetic_physics
2549.7,36.3125,0.5659,0.32342,33.967,0.42946,0.0656,0.3864,137.61,36.129,1443.5,MARGINAL,synthetic_physics
2406.3,32.8125,0.7468,0.35601,37.269,0.50605,0.06745,0.4572,100.66,32.686,1771.94,GOOD,synthetic_physics
2333.8,29.8125,0.6477,0.33004,35.983,0.50854,0.08927,0.4396,108.58,29.863,1701.51,GOOD,synthetic_physics
2351.5,33.1875,0.8148,0.36046,37.655,0.53311,0.06717,0.4587,81.15,33.181,1945.36,GOOD,synthetic_physics
2476.4,35.8125,0.6334,0.36439,34.171,0.48442,0.08191,0.4065,112.07,36.018,1670.47,MARGINAL,synthetic_physics
2424.8,23.6875,0.8821,0.39519,37.178,0.43935,0.05881,0.3966,77.8,23.776,1975.08,MARGINAL,synthetic_physics
2183.1,37.8125,0.3863,0.1282,23.663,0.76278,0.15402,0.6464,192.57,38.47,954.97,REJECT,synthetic_physics
2393.4,25.9375,0.8175,0.37501,40.436,0.47718,0.10051,0.4805,61.32,25.717,2121.62,GOOD,synthetic_physics
2379.7,31.5,0.8694,0.46712,41.008,0.47949,0.09572,0.4659,58.83,31.598,2143.75,GOOD,synthetic_physics
2373.3,32.625,0.7565,0.32722,37.302,0.53625,0.06704,0.4193,79.61,32.36,1959.04,GOOD,synthetic_physics
2403.9,26.1875,0.8277,0.4326,37.072,0.51619,0.06604,0.481,66.13,26.096,2078.86,GOOD,synthetic_physics
2232.2,33.0,0.9045,0.34376,39.963,0.59698,0.10597,0.5518,59.64,33.088,2136.53,REJECT,synthetic_physics
2273.3,34.0625,0.5963,0.17825,29.048,0.61973,0.1019,0.5679,141.95,33.593,1404.84,REJECT,synthetic_physics
2475.6,29.5625,0.3755,0.27837,33.96,0.52999,0.06357,0.3738,190.76,29.326,971.02,REJECT,synthetic_physics
2428.9,25.4375,0.8683,0.4809,40.343,0.41017,0.05213,0.4135,57.35,25.574,2156.92,GOOD,synthetic_physics
2212.1,29.1875,0.4247,0.24155,26.948,0.65446,0.13798,0.61,200.62,29.197,883.35,REJECT,synthetic_physics
2378.9,30.75,0.7177,0.2575,35.991,0.50147,0.0883,0.483,112.49,30.546,1666.77,GOOD,synthetic_physics
2519.1,25.25,0.6676,0.32181,32.291,0.42602,0.06815,0.3406,125.36,25.455,1552.34,REJECT,synthetic_physics
2198.4,35.25,0.8406,0.32365,35.099,0.69457,0.11931,0.6032,76.39,35.7,1987.61,REJECT,synthetic_physics
2351.5,33.5,0.8258,0.42539,37.387,0.46284,0.09293,0.4664,66.58,33.273,2074.81,GOOD,synthetic_physics
2307.2,31.1875,0.9334,0.55648,44.0,0.53527,0.06774,0.4928,23.72,31.261,2455.81,MARGINAL,synthetic_physics
2400.7,29.1875,0.7247,0.26766,35.091,0.55493,0.10005,0.5109,102.72,29.424,1753.57,MARGINAL,synthetic_physics
2445.0,36.5625,0.8376,0.32095,35.691,0.53065,0.07042,0.4461,88.09,36.36,1883.62,MARGINAL,synthetic_physics
2341.8,18.8125,0.7891,0.26689,38.761,0.5995,0.08419,0.4961,90.25,18.616,1864.43,GOOD,synthetic_physics
2281.4,25.5625,0.7082,0.30738,31.533,0.61725,0.0902,0.542,87.76,25.665,1886.54,MARGINAL,synthetic_physics
2423.2,26.5,0.6335,0.37132,31.506,0.51866,0.08042,0.4215,121.8,26.664,1583.97,GOOD,synthetic_physics
2357.1,33.6875,0.7109,0.30547,42.313,0.55495,0.05073,0.405,87.63,33.704,1887.75,GOOD,synthetic_physics
2499.8,29.0625,0.3664,0.27467,35.048,0.49226,0.06161,0.3822,211.98,29.083,782.36,REJECT,synthetic_physics
2416.0,33.6875,0.703,0.33251,33.897,0.4131,0.05966,0.4316,99.95,33.959,1778.23,GOOD,synthetic_physics
2347.5,28.9375,0.7209,0.42393,41.323,0.36289,0.08323,0.467,86.0,29.196,1902.22,GOOD,synthetic_physics
2334.6,29.75,0.4645,0.23884,27.627,0.65344,0.1066,0.5507,190.64,29.671,972.07,REJECT,synthetic_physics
2322.5,32.3125,0.7483,0.39703,35.346,0.55689,0.10704,0.5226,82.7,32.377,1931.56,MARGINAL,synthetic_physics
2445.8,24.5625,0.8421,0.33488,36.561,0.50103,0.06441,0.4521,85.36,24.508,1907.92,GOOD,synthetic_physics
2312.0,24.25,0.9159,0.43732,40.196,0.52663,0.07932,0.5298,28.61,24.347,2412.36,MARGINAL,synthetic_physics
2282.2,24.5,0.7767,0.38042,38.163,0.43421,0.0496,0.4354,83.56,24.606,1923.9,GOOD,synthetic_physics
2333.0,27.875,0.6869,0.25669,39.7,0.49212,0.11823,0.5402,123.27,27.691,1570.94,MARGINAL,synthetic_physics
2380.5,20.6875,1.0203,0.41444,44.0,0.42369,0.05644,0.4438,39.88,20.763,2312.17,MARGINAL,synthetic_physics
2391.8,25.4375,0.7394,0.39464,34.649,0.5086,0.07802,0.4583,99.29,24.773,1784.05,GOOD,synthetic_physics
2453.0,23.125,0.7531,0.42973,38.576,0.4396,0.06224,0.3798,67.71,23.159,2064.81,MARGINAL,synthetic_physics
2447.4,17.625,0.7377,0.31968,31.771,0.46175,0.07356,0.468,90.73,17.637,1860.17,GOOD,synthetic_physics
2429.7,38.3125,0.5885,0.34871,31.912,0.43398,0.03498,0.3521,125.14,38.133,1554.29,MARGINAL,synthetic_physics
2366.8,30.0,0.8649,0.40721,37.222,0.53998,0.06997,0.4694,58.86,30.061,2143.44,GOOD,synthetic_physics
2403.9,33.1875,0.6256,0.28723,30.507,0.4791,0.07514,0.4419,131.7,33.547,1496.01,MARGINAL,synthetic_physics
2236.3,30.375,0.9711,0.41621,39.558,0.52254,0.11068,0.5858,30.03,30.453,2399.77,REJECT,synthetic_physics
2312.8,28.625,0.6043,0.20945,28.235,0.60699,0.11774,0.571,134.02,28.499,1475.41,REJECT,synthetic_physics
2439.3,21.0625,0.8282,0.45193,44.0,0.41882,0.07212,0.4155,58.76,21.093,2144.4,GOOD,synthetic_physics
2435.3,16.8125,0.7427,0.39945,40.596,0.55655,0.07236,0.4418,79.78,16.49,1957.51,GOOD,synthetic_physics
2096.0,31.625,0.3995,0.198,28.478,0.66736,0.13967,0.5902,198.29,31.69,904.08,REJECT,synthetic_physics
2224.2,30.0625,0.4377,0.18304,25.276,0.77018,0.12792,0.6272,155.88,30.485,1281.06,REJECT,synthetic_physics
2341.0,33.0,0.9163,0.36273,37.629,0.67496,0.09121,0.5757,51.42,32.881,2209.57,REJECT,synthetic_physics
2214.5,36.75,0.5339,0.18835,29.461,0.65967,0.12992,0.5579,152.13,36.892,1314.42,REJECT,synthetic_physics
2373.3,35.125,0.794,0.39467,44.0,0.39788,0.06133,0.4798,80.76,34.978,1948.78,GOOD,synthetic_physics
2329.7,27.6875,0.734,0.25451,30.583,0.5363,0.05823,0.4992,107.35,27.969,1712.43,GOOD,synthetic_physics
2391.0,27.75,0.8166,0.37892,41.768,0.45255,0.08026,0.4617,66.36,27.76,2076.77,GOOD,synthetic_physics
2511.1,24.75,1.0933,0.45103,43.59,0.38934,0.03777,0.3879,47.82,24.837,2241.59,MARGINAL,synthetic_physics
2384.5,34.6875,0.6483,0.32929,36.285,0.45557,0.06235,0.4116,118.98,34.82,1609.04,GOOD,synthetic_physics
2399.9,37.6875,0.4995,0.26102,36.441,0.45326,0.06546,0.3947,165.57,37.873,1194.94,REJECT,synthetic_physics
2510.3,33.1875,0.5482,0.31561,34.58,0.43985,0.06202,0.3575,135.31,33.357,1463.92,MARGINAL,synthetic_physics
2307.2,30.5625,0.7384,0.35816,39.974,0.44817,0.09058,0.5084,81.95,30.409,1938.24,MARGINAL,synthetic_physics
2378.1,31.1875,1.0061,0.50806,42.769,0.50173,0.08385,0.4895,20.74,30.869,2482.27,MARGINAL,synthetic_physics
2353.9,29.375,0.7746,0.45532,39.987,0.42926,0.08609,0.4226,82.24,29.214,1935.64,GOOD,synthetic_physics
2447.4,26.0625,0.8956,0.36084,39.842,0.46962,0.07952,0.4434,57.36,25.92,2156.81,GOOD,synthetic_physics
2407.9,33.375,0.8773,0.43463,40.945,0.41489,0.0542,0.4144,56.62,33.673,2163.39,GOOD,synthetic_physics
2294.3,25.5,0.8672,0.41382,39.463,0.43109,0.06807,0.4715,61.26,25.795,2122.14,GOOD,synthetic_physics
2403.1,21.6875,0.6298,0.23491,33.237,0.55989,0.08314,0.464,139.62,21.838,1425.62,MARGINAL,synthetic_physics
2370.0,32.125,0.7805,0.36501,35.636,0.5177,0.06379,0.438,77.05,32.058,1981.81,GOOD,synthetic_physics
2374.1,33.3125,0.8601,0.44387,44.0,0.40821,0.06134,0.4351,53.08,33.3,2194.84,GOOD,synthetic_physics
2411.9,28.6875,0.687,0.34616,38.148,0.4115,0.04278,0.4098,119.88,28.212,1601.07,GOOD,synthetic_physics
2469.2,30.625,0.3237,0.26599,36.319,0.50617,0.05486,0.3155,202.73,30.877,864.61,REJECT,synthetic_physics
2365.2,26.5,0.8262,0.36098,35.01,0.55533,0.05822,0.4163,88.72,26.492,1878.03,GOOD,synthetic_physics
2405.5,30.875,0.8514,0.41661,41.552,0.46145,0.06535,0.4011,88.64,30.627,1878.75,GOOD,synthetic_physics
2342.6,26.6875,0.4066,0.24595,32.288,0.5715,0.08212,0.4955,172.21,26.462,1135.92,REJECT,synthetic_physics
2326.5,26.5,0.9425,0.35801,34.533,0.55051,0.08902,0.5582,56.21,26.694,2167.03,REJECT,synthetic_physics
2268.5,12.3125,0.6034,0.22565,30.678,0.71916,0.13012,0.6489,121.56,12.0,1586.12,REJECT,synthetic_physics
2594.9,29.3125,0.7722,0.45233,44.0,0.39868,0.05566,0.3073,81.33,29.275,1943.73,REJECT,synthetic_physics
2328.9,32.25,0.741,0.32767,33.841,0.43021,0.0854,0.4846,105.45,32.004,1729.35,GOOD,synthetic_physics
2362.0,31.375,0.8468,0.41406,42.211,0.46471,0.06044,0.4589,67.61,31.228,2065.68,GOOD,synthetic_physics
2344.2,31.0625,0.4127,0.18962,25.779,0.60265,0.13491,0.617,188.46,31.277,991.5,REJECT,synthetic_physics
2346.7,41.375,0.364,0.26354,31.815,0.33672,0.06619,0.4371,203.9,41.428,854.2,REJECT,synthetic_physics
2344.2,39.125,0.4224,0.19182,26.632,0.64815,0.09944,0.5453,179.66,39.316,1069.65,REJECT,synthetic_physics
2273.3,33.8125,0.4379,0.21199,28.179,0.74966,0.10348,0.6225,180.45,33.894,1062.65,REJECT,synthetic_physics
2428.1,21.375,0.9276,0.3914,39.705,0.48271,0.08733,0.489,57.41,21.56,2156.39,GOOD,synthetic_physics
2414.4,31.3125,0.6441,0.3765,33.038,0.36071,0.07347,0.3855,124.69,31.507,1558.34,MARGINAL,synthetic_physics
2511.1,27.25,0.6703,0.39484,39.513,0.39907,0.0555,0.3029,97.76,26.788,1797.72,REJECT,synthetic_physics
2353.9,28.0,0.8552,0.46182,41.74,0.50953,0.07901,0.4439,61.3,27.784,2121.76,GOOD,synthetic_physics
2221.0,34.0625,0.7477,0.28499,32.166,0.66016,0.12182,0.6053,89.72,33.99,1869.15,REJECT,synthetic_physics
2390.2,34.5625,0.6941,0.2907,33.021,0.52975,0.10487,0.5282,115.77,34.66,1637.56,MARGINAL,synthetic_physics
2320.9,28.9375,0.4622,0.22494,29.84,0.64272,0.11974,0.5483,184.52,29.014,1026.46,REJECT,synthetic_physics
2432.1,25.4375,0.7192,0.27807,35.498,0.4941,0.07225,0.4525,103.19,25.839,1749.43,GOOD,synthetic_physics
2417.6,23.9375,0.6145,0.24658,34.768,0.39134,0.07653,0.3572,141.65,23.972,1407.54,MARGINAL,synthetic_physics
2461.1,29.0625,0.7176,0.34148,38.913,0.48744,0.08591,0.4303,91.4,29.438,1854.26,GOOD,synthetic_physics
2333.0,34.25,0.7188,0.34531,35.37,0.58399,0.0876,0.4921,108.24,34.023,1704.51,GOOD,synthetic_physics
2473.2,25.875,0.9179,0.4766,44.0,0.34875,0.02783,0.3745,57.99,25.987,2151.22,MARGINAL,synthetic_physics
2186.3,45.1875,0.3503,0.14654,29.429,0.62559,0.1429,0.5664,219.26,44.904,717.66,REJECT,synthetic_physics
2168.6,28.125,0.9936,0.37402,34.599,0.64503,0.10893,0.6375,33.45,28.086,2369.33,REJECT,synthetic_physics
2316.8,33.5625,1.049,0.45992,39.523,0.64064,0.11336,0.5747,10.91,33.155,2569.68,REJECT,synthetic_physics
2207.3,31.0625,0.8104,0.3551,33.869,0.63306,0.11864,0.5775,53.96,31.185,2187.06,REJECT,synthetic_physics
2254.8,33.8125,0.8448,0.23877,31.919,0.65833,0.11225,0.5843,87.64,34.082,1887.63,REJECT,synthetic_physics
2586.8,27.75,0.643,0.35993,35.279,0.33921,0.05996,0.3177,123.13,27.647,1572.21,REJECT,synthetic_physics
2418.4,32.1875,0.6732,0.3805,37.011,0.38177,0.04964,0.3795,107.93,31.782,1707.3,MARGINAL,synthetic_physics
2428.1,24.5,0.9881,0.5078,44.0,0.34707,0.05659,0.3696,20.31,24.439,2486.16,MARGINAL,synthetic_physics
2286.2,31.125,0.8551,0.45449,40.297,0.55231,0.06962,0.4706,54.13,30.976,2185.49,GOOD,synthetic_physics
2532.8,28.875,0.8081,0.45822,39.199,0.33464,0.05863,0.3311,76.02,29.115,1990.97,REJECT,synthetic_physics
2535.2,12.0,0.9035,0.42295,42.776,0.39234,0.0696,0.3986,58.34,12.156,2148.12,MARGINAL,synthetic_physics
2404.7,34.375,0.6961,0.4357,40.377,0.4552,0.05348,0.4008,72.62,34.491,2021.19,GOOD,synthetic_physics
2443.4,33.3125,0.8594,0.40549,43.18,0.38488,0.05185,0.4161,69.31,33.245,2050.55,GOOD,synthetic_physics
2444.2,33.25,0.4434,0.31758,37.644,0.42061,0.05629,0.3365,185.85,33.24,1014.63,REJECT,synthetic_physics
2380.5,30.6875,0.6931,0.34124,40.011,0.57723,0.0784,0.4754,95.1,30.498,1821.33,GOOD,synthetic_physics
2450.6,25.625,0.5836,0.1876,34.922,0.46796,0.08886,0.4459,150.54,25.277,1328.51,REJECT,synthetic_physics
2386.2,34.125,0.5957,0.27904,36.706,0.45943,0.07998,0.4561,116.29,34.155,1632.95,GOOD,synthetic_physics
2380.5,33.9375,0.9576,0.48356,40.447,0.39866,0.06665,0.4362,41.76,34.595,2295.47,MARGINAL,synthetic_physics
2341.8,31.3125,0.9609,0.44943,40.504,0.51087,0.04824,0.5002,36.32,31.309,2343.82,MARGINAL,synthetic_physics
2320.1,31.6875,1.0251,0.41038,44.0,0.47388,0.08427,0.5124,23.79,31.446,2455.17,MARGINAL,synthetic_physics
2429.7,32.125,0.7148,0.37254,37.279,0.47192,0.09495,0.4515,82.97,31.991,1929.14,GOOD,synthetic_physics
2403.9,39.4375,0.6065,0.28299,32.946,0.40294,0.07555,0.3651,143.06,38.868,1395.0,MARGINAL,synthetic_physics
2407.1,38.3125,0.8084,0.48701,40.966,0.46862,0.06774,0.4307,50.41,38.253,2218.61,MARGINAL,synthetic_physics
2446.6,23.6875,0.9029,0.39342,36.346,0.46598,0.07445,0.4014,60.84,23.477,2125.89,GOOD,synthetic_physics
2478.8,26.125,0.4741,0.29637,32.157,0.43971,0.07053,0.3368,185.25,25.959,1019.97,REJECT,synthetic_physics
2401.5,36.25,0.5685,0.35548,37.246,0.4047,0.02515,0.4059,119.06,36.558,1608.33,MARGINAL,synthetic_physics
2432.9,30.25,0.6594,0.3028,33.578,0.47716,0.08765,0.4574,112.24,29.894,1668.96,GOOD,synthetic_physics
2318.5,38.4375,0.5435,0.2138,29.891,0.6431,0.0872,0.5141,148.57,38.557,1346.01,MARGINAL,synthetic_physics
2401.5,29.75,0.6339,0.33745,32.822,0.37945,0.05561,0.3793,136.08,29.901,1457.08,MARGINAL,synthetic_physics
2304.8,32.75,0.304,0.2437,27.454,0.57263,0.0691,0.472,208.67,32.838,811.8,REJECT,synthetic_physics
2494.1,34.1875,0.629,0.31239,38.85,0.39722,0.02877,0.3059,107.02,34.065,1715.38,REJECT,synthetic_physics
2254.8,32.625,0.6886,0.38472,36.278,0.55006,0.07892,0.4997,101.67,32.818,1762.91,GOOD,synthetic_physics
2269.3,22.5,0.6168,0.23478,30.653,0.71039,0.13589,0.5606,138.06,22.7,1439.5,REJECT,synthetic_physics
2320.9,34.375,0.7386,0.28825,32.108,0.4907,0.09632,0.5133,97.15,34.234,1803.07,MARGINAL,synthetic_physics
2429.7,27.375,0.7657,0.3602,39.518,0.31427,0.07493,0.4088,83.37,27.205,1925.63,GOOD,synthetic_physics
2385.3,24.3125,0.7446,0.33559,39.888,0.47372,0.06703,0.4402,100.19,24.472,1776.09,GOOD,synthetic_physics
2391.8,33.375,0.8191,0.41519,43.269,0.39802,0.03682,0.4121,76.91,33.356,1983.05,GOOD,synthetic_physics
2397.4,36.5625,0.5787,0.23073,33.408,0.5799,0.0716,0.4637,131.88,36.676,1494.39,MARGINAL,synthetic_physics
2459.5,34.875,0.4953,0.33191,35.259,0.43041,0.04337,0.3093,160.4,34.31,1240.86,REJECT,synthetic_physics
2445.0,29.3125,0.625,0.29857,33.367,0.46017,0.04812,0.3949,128.63,29.438,1523.3,MARGINAL,synthetic_physics
2463.5,26.1875,0.2898,0.23332,33.497,0.41833,0.09973,0.4624,211.89,25.981,783.17,REJECT,synthetic_physics
2233.0,26.9375,0.719,0.26303,32.853,0.74652,0.1341,0.6487,106.81,26.901,1717.25,REJECT,synthetic_physics
2412.7,27.1875,0.3122,0.26681,25.715,0.56753,0.08611,0.4459,216.24,27.364,744.53,REJECT,synthetic_physics
2310.4,19.25,0.7144,0.33329,34.99,0.64849,0.10416,0.5339,90.53,19.013,1861.99,MARGINAL,synthetic_physics
2232.2,31.375,0.3242,0.17339,26.936,0.69483,0.12003,0.6158,214.44,31.663,760.51,REJECT,synthetic_physics
2270.9,28.9375,0.8969,0.36017,33.533,0.57756,0.11419,0.6126,77.28,29.684,1979.75,REJECT,synthetic_physics
2491.7,22.25,0.3051,0.2438,33.665,0.30558,0.03374,0.3595,213.42,22.074,769.6,REJECT,synthetic_physics
2376.5,22.5,0.8285,0.36232,34.4,0.43155,0.09369,0.5378,76.07,22.765,1990.47,MARGINAL,synthetic_physics
2503.0,23.125,0.6063,0.42031,41.357,0.32237,0.06038,0.3518,107.72,22.839,1709.16,MARGINAL,synthetic_physics
2501.4,21.0,0.7607,0.3634,41.193,0.28732,0.05731,0.3471,82.59,21.384,1932.55,REJECT,synthetic_physics
2346.7,22.125,0.8882,0.37222,40.268,0.53488,0.09192,0.5193,56.3,22.315,2166.18,MARGINAL,synthetic_physics
2462.7,24.3125,0.4972,0.28625,34.926,0.46857,0.05414,0.3958,178.21,24.704,1082.55,REJECT,synthetic_physics
2328.1,25.4375,0.8531,0.41716,40.508,0.50485,0.08775,0.4866,54.21,25.356,2184.79,GOOD,synthetic_physics
2365.2,32.9375,0.2789,0.31339,34.186,0.37814,0.07868,0.4068,218.72,33.008,722.49,REJECT,synthetic_physics
2402.3,29.375,0.6579,0.30321,35.073,0.57081,0.08545,0.456,124.97,29.47,1555.82,GOOD,synthetic_physics
2432.9,23.375,0.9045,0.44467,41.516,0.35457,0.0676,0.4359,65.44,23.458,2084.98,GOOD,synthetic_physics
2497.4,30.3125,0.9433,0.53299,43.111,0.32889,0.03357,0.3381,42.1,30.277,2292.43,REJECT,synthetic_physics
2424.8,23.75,0.8306,0.42392,34.704,0.50853,0.04903,0.4135,98.01,23.58,1795.49,GOOD,synthetic_physics
2551.4,23.5625,0.6842,0.33052,38.584,0.45678,0.05295,0.3708,118.53,23.532,1613.04,MARGINAL,synthetic_physics
2468.4,27.125,0.6547,0.31576,39.844,0.41295,0.07839,0.4176,112.14,27.296,1669.83,GOOD,synthetic_physics
2347.5,33.375,0.8596,0.38979,37.503,0.43449,0.09865,0.4652,73.69,33.241,2011.63,GOOD,synthetic_physics
2351.5,26.8125,0.8716,0.3615,37.468,0.52762,0.07429,0.4495,66.76,27.045,2073.25,GOOD,synthetic_physics
2403.1,33.375,0.6741,0.33487,38.522,0.36782,0.0709,0.3867,126.74,33.108,1540.05,MARGINAL,synthetic_physics
2391.8,26.3125,0.7567,0.43677,37.806,0.46521,0.0742,0.453,92.86,26.447,1841.22,GOOD,synthetic_physics
2343.4,30.6875,0.7874,0.26355,37.73,0.54794,0.08664,0.5057,92.03,30.035,1848.62,MARGINAL,synthetic_physics
2222.6,31.5,0.8135,0.36149,36.23,0.62753,0.11518,0.5739,64.43,31.736,2093.91,REJECT,synthetic_physics
2385.3,26.375,0.301,0.25635,39.397,0.53577,0.08644,0.4116,188.2,26.705,993.74,REJECT,synthetic_physics
2328.9,30.5625,0.8686,0.48013,39.921,0.48532,0.09404,0.4759,52.25,30.457,2202.24,GOOD,synthetic_physics
2357.1,30.75,0.7241,0.33634,32.013,0.50074,0.09166,0.4555,102.65,30.238,1754.21,GOOD,synthetic_physics
2331.4,34.4375,0.7078,0.28025,34.822,0.53261,0.09738,0.5124,99.8,34.656,1779.54,MARGINAL,synthetic_physics
2295.9,34.125,0.6946,0.29977,39.656,0.55013,0.10966,0.4965,97.62,34.376,1798.97,GOOD,synthetic_physics
2250.0,35.25,0.6103,0.22751,27.02,0.65686,0.12372,0.5938,144.25,35.358,1384.44,REJECT,synthetic_physics
2325.7,27.0,0.7192,0.28732,33.032,0.50677,0.0851,0.5251,107.54,27.293,1710.73,MARGINAL,synthetic_physics
2409.5,35.1875,0.7429,0.38933,37.148,0.61658,0.07157,0.431,96.44,35.417,1809.38,MARGINAL,synthetic_physics
2461.9,25.125,0.3419,0.21095,30.85,0.52261,0.08367,0.4391,207.86,25.467,819.04,REJECT,synthetic_physics
2304.8,32.0625,0.9177,0.38676,35.582,0.60434,0.11544,0.6032,63.57,31.967,2101.58,REJECT,synthetic_physics
2507.0,37.0,0.4497,0.32479,33.372,0.44066,0.0612,0.3104,172.0,36.813,1137.73,REJECT,synthetic_physics
2211.3,39.0625,0.8412,0.40918,34.981,0.58494,0.11387,0.5521,72.74,38.967,2020.05,REJECT,synthetic_physics
2321.7,37.125,0.3717,0.20873,25.496,0.57571,0.10338,0.5481,209.9,37.321,800.9,REJECT,synthetic_physics
2353.9,31.6875,0.8283,0.36075,35.511,0.44533,0.07806,0.4813,74.21,31.505,2007.01,GOOD,synthetic_physics
2362.8,22.9375,0.6638,0.21707,33.398,0.59914,0.11424,0.5145,127.08,22.804,1537.07,MARGINAL,synthetic_physics
2424.8,39.625,0.9581,0.41224,44.0,0.39464,0.03202,0.3295,71.79,39.743,2028.54,REJECT,synthetic_physics
2359.6,31.3125,0.9859,0.47455,37.334,0.6205,0.11009,0.4961,58.69,31.223,2145.0,GOOD,synthetic_physics
2362.8,30.375,0.7141,0.36133,36.92,0.62077,0.08514,0.4904,84.79,30.369,1912.94,GOOD,synthetic_physics
2293.5,31.6875,0.7877,0.37825,33.798,0.56522,0.07587,0.5105,75.79,31.575,1992.95,MARGINAL,synthetic_physics
2297.5,30.4375,0.488,0.24876,28.77,0.64738,0.13573,0.5743,198.61,30.372,901.22,REJECT,synthetic_physics
2443.4,33.1875,0.7164,0.41619,37.303,0.43638,0.07123,0.427,91.11,33.132,1856.83,GOOD,synthetic_physics
2419.2,33.25,0.6125,0.31894,33.151,0.47797,0.08462,0.4088,124.71,33.287,1558.11,GOOD,synthetic_physics
2348.3,26.875,0.3777,0.13166,30.994,0.55384,0.11219,0.5083,185.5,27.306,1017.81,REJECT,synthetic_physics
2381.3,39.75,0.7966,0.37153,36.208,0.60636,0.08612,0.4913,84.75,39.998,1913.35,MARGINAL,synthetic_physics
2377.3,25.5,0.8519,0.29891,39.675,0.53943,0.08789,0.4914,81.27,25.817,1944.25,GOOD,synthetic_physics
2428.1,26.25,0.7241,0.33492,34.25,0.56937,0.11035,0.4919,99.16,26.303,1785.22,GOOD,synthetic_physics
2441.8,28.5,0.8337,0.44489,38.467,0.33907,0.0708,0.3873,67.0,28.315,2071.14,MARGINAL,synthetic_physics
2352.3,32.6875,0.9885,0.51145,42.664,0.57282,0.1011,0.5455,43.31,32.905,2281.65,MARGINAL,synthetic_physics
2435.3,36.5625,0.4635,0.3049,33.355,0.50367,0.06611,0.4138,185.0,36.46,1022.24,REJECT,synthetic_physics
2584.4,14.25,0.4131,0.30694,32.856,0.44582,0.07708,0.3672,192.84,13.917,952.56,REJECT,synthetic_physics
2379.7,47.9375,0.3986,0.31828,33.925,0.57289,0.0601,0.4148,191.53,48.0,964.19,REJECT,synthetic_physics
2457.9,18.75,0.5921,0.18742,32.127,0.56703,0.09206,0.4852,145.18,19.024,1376.17,MARGINAL,synthetic_physics
2271.7,29.0,0.3236,0.16522,29.551,0.61614,0.14791,0.6082,210.05,29.402,799.56,REJECT,synthetic_physics
2412.7,30.0,0.7194,0.28799,34.845,0.44268,0.05717,0.3986,120.18,29.968,1598.44,MARGINAL,synthetic_physics
2346.7,33.875,0.8045,0.29909,37.514,0.65836,0.10161,0.5461,93.49,33.824,1835.6,MARGINAL,synthetic_physics
2345.1,26.875,0.7873,0.3372,35.989,0.526,0.08784,0.5096,75.15,26.525,1998.63,MARGINAL,synthetic_physics
2240.3,30.625,0.3136,0.15016,27.417,0.71605,0.13539,0.626,213.26,30.6,771.06,REJECT,synthetic_physics
2480.4,25.125,0.6658,0.22517,37.061,0.57687,0.09569,0.4991,123.39,24.877,1569.87,GOOD,synthetic_physics
2387.8,25.9375,0.8734,0.36905,39.116,0.44482,0.08699,0.4713,82.09,25.605,1936.99,GOOD,synthetic_physics
2339.4,29.5625,0.3362,0.25739,34.51,0.47065,0.08048,0.3691,218.52,29.568,724.24,REJECT,synthetic_physics
2411.9,37.0625,0.856,0.38274,34.638,0.47744,0.07645,0.4363,86.28,37.146,1899.7,MARGINAL,synthetic_physics
2295.9,29.25,0.899,0.37512,36.255,0.55534,0.10031,0.5275,58.38,29.309,2147.72,MARGINAL,synthetic_physics
2211.3,29.4375,0.4596,0.16094,29.468,0.64494,0.12157,0.622,183.04,29.379,1039.63,REJECT,synthetic_physics
2328.9,35.9375,0.9269,0.43356,43.563,0.48361,0.10943,0.5225,26.27,36.001,2433.12,MARGINAL,synthetic_physics
2426.4,34.4375,0.7662,0.37826,43.751,0.48086,0.04602,0.4145,90.14,34.703,1865.41,GOOD,synthetic_physics
2254.8,27.9375,0.7686,0.31759,35.666,0.72112,0.09966,0.6285,78.28,28.196,1970.8,REJECT,synthetic_physics
2399.9,30.6875,0.5395,0.22112,32.065,0.4521,0.06359,0.4026,140.98,30.512,1413.54,MARGINAL,synthetic_physics
2316.0,32.875,0.9346,0.45153,40.436,0.59665,0.10686,0.5929,61.36,33.056,2121.25,REJECT,synthetic_physics
2312.0,27.25,0.6184,0.25592,29.595,0.66635,0.08529,0.5291,126.11,26.908,1545.65,MARGINAL,synthetic_physics
2381.3,33.5,0.7081,0.33679,36.827,0.49611,0.0551,0.4324,105.17,33.203,1731.82,GOOD,synthetic_physics
2499.8,28.25,0.6164,0.30716,34.501,0.42,0.06325,0.4262,123.88,28.264,1565.48,GOOD,synthetic_physics
2171.0,31.8125,0.4775,0.11386,23.657,0.70008,0.12395,0.6324,165.86,31.92,1192.36,REJECT,synthetic_physics
2581.2,21.625,0.6136,0.23609,34.314,0.55157,0.08425,0.3845,140.57,21.435,1417.18,MARGINAL,synthetic_physics
2428.1,38.5625,0.3421,0.25414,30.488,0.50959,0.11087,0.5009,205.79,38.409,837.44,REJECT,synthetic_physics
2606.2,28.625,0.4025,0.31451,32.31,0.35921,0.05517,0.3477,197.08,28.525,914.84,REJECT,synthetic_physics
2298.3,26.125,0.3819,0.24089,29.779,0.59831,0.10574,0.5377,192.85,25.905,952.45,REJECT,synthetic_physics
2349.1,31.0625,0.8282,0.41398,43.688,0.46237,0.06661,0.4353,61.66,31.405,2118.58,GOOD,synthetic_physics
2506.2,32.375,0.7324,0.42241,41.064,0.42139,0.04261,0.3747,102.09,32.635,1759.2,MARGINAL,synthetic_physics
2370.8,28.875,0.6719,0.27366,35.677,0.53315,0.08079,0.4802,108.63,28.909,1701.05,GOOD,synthetic_physics
2407.9,30.0,0.8022,0.42351,42.52,0.42327,0.06513,0.4094,70.61,29.94,2038.99,GOOD,synthetic_physics
2467.5,25.125,0.7347,0.37666,36.579,0.37145,0.05773,0.3999,82.9,25.146,1929.77,MARGINAL,synthetic_physics
2426.4,24.5625,0.985,0.47878,42.556,0.5697,0.05093,0.485,11.87,24.718,2561.16,MARGINAL,synthetic_physics
2337.8,30.1875,0.9283,0.46326,40.747,0.44554,0.07498,0.4947,44.2,30.326,2273.81,MARGINAL,synthetic_physics
2237.1,30.5,0.7912,0.37161,33.787,0.68666,0.09608,0.6291,71.69,30.456,2029.46,REJECT,synthetic_physics
2401.5,29.375,0.6279,0.25765,34.729,0.49806,0.07532,0.4372,116.98,29.459,1626.82,GOOD,synthetic_physics
2465.1,20.3125,0.6562,0.33968,35.312,0.47864,0.06972,0.4255,114.27,19.924,1650.96,GOOD,synthetic_physics
2429.7,21.625,1.0255,0.51359,44.0,0.44699,0.05938,0.4602,12.5,21.349,2555.59,MARGINAL,synthetic_physics
2382.9,15.4375,0.7185,0.40516,38.988,0.4163,0.04412,0.4033,99.86,15.475,1779.06,GOOD,synthetic_physics
2427.3,25.3125,0.8247,0.39738,36.755,0.48085,0.06577,0.4014,72.12,25.149,2025.57,GOOD,synthetic_physics
2457.1,31.125,0.851,0.46477,38.557,0.40167,0.08069,0.3762,64.48,31.288,2093.54,MARGINAL,synthetic_physics
2368.4,25.0,0.7449,0.30701,33.971,0.46781,0.06235,0.4305,100.62,24.635,1772.28,GOOD,synthetic_physics
2303.2,25.8125,1.0062,0.4212,39.049,0.58744,0.10597,0.6019,34.38,25.783,2361.04,REJECT,synthetic_physics
2536.8,29.875,0.7528,0.36605,39.17,0.45353,0.05403,0.3563,94.06,30.05,1830.62,MARGINAL,synthetic_physics
2329.7,34.5625,0.4591,0.22584,31.447,0.47991,0.09351,0.4539,173.1,34.758,1128.02,REJECT,synthetic_physics
2273.3,32.25,1.0124,0.43065,35.795,0.57022,0.09444,0.5638,35.03,32.126,2355.28,REJECT,synthetic_physics
2435.3,22.8125,0.676,0.42928,35.772,0.38244,0.05792,0.4002,100.25,22.678,1775.58,GOOD,synthetic_physics
2453.0,30.25,0.6192,0.35803,36.174,0.4758,0.08033,0.3958,124.2,30.411,1562.64,MARGINAL,synthetic_physics
2443.4,30.375,0.6282,0.38457,33.482,0.41194,0.07464,0.3906,119.52,30.137,1604.27,MARGINAL,synthetic_physics
2378.1,28.9375,0.725,0.31946,32.017,0.54324,0.10461,0.5053,100.16,29.209,1776.33,MARGINAL,synthetic_physics
2353.9,19.1875,0.7411,0.38826,37.196,0.50242,0.08066,0.4873,74.96,19.144,2000.32,GOOD,synthetic_physics
2213.7,32.6875,0.4279,0.18925,31.87,0.66707,0.09501,0.5796,178.61,32.967,1078.98,REJECT,synthetic_physics
2177.4,35.9375,0.9499,0.37397,34.255,0.60661,0.13376,0.6394,43.31,36.438,2281.65,REJECT,synthetic_physics
2298.3,31.3125,1.0075,0.44266,39.216,0.5111,0.09234,0.5387,37.69,31.476,2331.68,MARGINAL,synthetic_physics
2396.6,29.0625,0.8327,0.43142,41.328,0.53537,0.06281,0.4433,65.57,29.245,2083.84,GOOD,synthetic_physics
2321.7,21.0,0.7825,0.31041,34.277,0.53544,0.09904,0.55,78.93,20.891,1965.03,MARGINAL,synthetic_physics
2541.7,24.125,0.4983,0.24264,33.454,0.46461,0.05073,0.3165,160.13,24.113,1243.26,REJECT,synthetic_physics
2439.3,28.3125,0.9586,0.45392,37.752,0.55175,0.09117,0.5093,43.07,28.541,2283.82,MARGINAL,synthetic_physics
2473.2,38.6875,0.8329,0.32375,40.778,0.49018,0.07749,0.4099,84.69,38.793,1913.83,MARGINAL,synthetic_physics
2343.4,27.375,0.9007,0.35566,38.329,0.56733,0.07245,0.4893,62.42,27.668,2111.83,GOOD,synthetic_physics
2421.6,34.9375,0.6113,0.212,32.514,0.56166,0.09074,0.4577,140.54,35.194,1417.43,MARGINAL,synthetic_physics
2435.3,31.25,0.7362,0.41602,34.742,0.45357,0.05872,0.4374,78.36,31.242,1970.12,GOOD,synthetic_physics
2396.6,26.375,1.0325,0.47887,43.816,0.34258,0.07639,0.4117,22.32,26.219,2468.25,MARGINAL,synthetic_physics
2373.3,27.75,0.7258,0.32427,39.322,0.47757,0.08257,0.4517,90.09,27.781,1865.91,GOOD,synthetic_physics
2528.8,23.875,0.8312,0.49346,41.34,0.42505,0.0764,0.386,38.61,23.592,2323.43,MARGINAL,synthetic_physics
2189.5,33.9375,0.9211,0.44837,33.408,0.60536,0.1251,0.6333,27.71,33.947,2420.37,REJECT,synthetic_physics
2394.2,19.8125,0.897,0.46084,42.29,0.49746,0.0714,0.4879,62.32,19.405,2112.67,GOOD,synthetic_physics
2499.8,36.625,0.4993,0.27523,38.802,0.39277,0.0491,0.3062,149.78,36.605,1335.32,REJECT,synthetic_physics
2366.8,33.9375,0.5771,0.28275,37.814,0.5596,0.05834,0.4359,128.49,33.928,1524.51,MARGINAL,synthetic_physics
2409.5,27.75,0.4871,0.26691,30.73,0.59076,0.11848,0.5011,147.67,27.744,1354.04,MARGINAL,synthetic_physics
2405.5,32.8125,0.7697,0.36429,38.396,0.52109,0.07196,0.454,80.97,32.711,1946.92,GOOD,synthetic_physics
2317.7,22.6875,0.6941,0.34002,34.72,0.48969,0.05504,0.4491,92.35,22.821,1845.81,GOOD,synthetic_physics
2374.1,32.875,0.9973,0.55395,44.0,0.41394,0.04852,0.4194,19.58,32.8,2492.58,MARGINAL,synthetic_physics
2266.9,33.4375,0.7465,0.29013,32.507,0.62052,0.12368,0.609,86.01,33.001,1902.1,REJECT,synthetic_physics
2386.2,29.1875,1.0066,0.38803,41.55,0.36178,0.08393,0.4338,59.76,29.237,2135.47,GOOD,synthetic_physics
2320.9,31.125,0.8664,0.4171,34.502,0.55993,0.09119,0.5166,74.17,30.944,2007.4,MARGINAL,synthetic_physics
2311.2,28.3125,0.3784,0.22618,28.964,0.52225,0.09528,0.4685,199.93,28.39,889.54,REJECT,synthetic_physics
2429.7,32.4375,0.5471,0.18207,34.637,0.47526,0.07282,0.419,143.28,32.567,1393.07,MARGINAL,synthetic_physics
2154.9,38.125,0.7487,0.26451,34.589,0.6549,0.11428,0.5941,102.06,38.379,1759.5,REJECT,synthetic_physics
2369.2,24.875,0.7476,0.33049,36.909,0.56455,0.06719,0.4689,93.68,25.218,1833.92,GOOD,synthetic_physics
2511.1,31.0,0.5747,0.24004,35.174,0.37543,0.08006,0.3612,143.6,30.959,1390.25,MARGINAL,synthetic_physics
2425.6,33.3125,0.3905,0.29079,34.347,0.42138,0.05951,0.3542,175.75,33.707,1104.41,REJECT,synthetic_physics
2473.2,34.4375,1.048,0.57068,41.844,0.42898,0.05231,0.3916,12.4,34.38,2556.45,MARGINAL,synthetic_physics
2482.9,24.375,0.8648,0.48528,34.56,0.41115,0.04726,0.3386,82.11,24.715,1936.78,REJECT,synthetic_physics
2449.0,27.6875,0.7689,0.42756,39.568,0.28229,0.05895,0.3607,81.27,27.682,1944.27,MARGINAL,synthetic_physics
2325.7,39.0,0.3375,0.24926,32.186,0.57167,0.09232,0.4805,193.94,38.883,942.77,REJECT,synthetic_physics
2368.4,31.5625,0.8622,0.3916,37.185,0.60157,0.07891,0.5175,50.53,31.313,2217.54,MARGINAL,synthetic_physics
2323.3,18.9375,0.4688,0.13561,30.48,0.76296,0.14691,0.6399,166.4,18.564,1187.52,REJECT,synthetic_physics
2461.1,26.125,0.7495,0.37533,37.117,0.55239,0.05344,0.4162,93.15,26.076,1838.64,GOOD,synthetic_physics
2355.5,26.1875,0.9091,0.38485,42.292,0.46411,0.07793,0.496,53.77,25.971,2188.75,GOOD,synthetic_physics
2371.6,36.0,0.9386,0.44187,39.947,0.4323,0.07225,0.4839,32.56,36.15,2377.23,MARGINAL,synthetic_physics
2454.7,29.25,0.8036,0.38731,39.636,0.44968,0.07944,0.4409,95.97,28.953,1813.61,GOOD,synthetic_physics
2445.0,25.4375,0.6546,0.36042,36.391,0.43806,0.07263,0.4259,119.21,25.509,1606.98,GOOD,synthetic_physics
2574.7,11.9375,0.8729,0.47418,44.0,0.28763,0.03129,0.3327,36.56,12.183,2341.71,REJECT,synthetic_physics
2433.7,30.4375,0.6224,0.31541,35.322,0.56156,0.09115,0.4646,120.53,30.505,1595.3,GOOD,synthetic_physics
2319.3,22.5625,0.8353,0.37848,41.242,0.43675,0.09382,0.4513,79.94,22.062,1956.1,GOOD,synthetic_physics
2531.2,28.375,0.5654,0.26461,35.37,0.42398,0.05605,0.3155,138.75,28.35,1433.3,REJECT,synthetic_physics
2504.6,34.25,0.684,0.40489,40.553,0.3846,0.03563,0.3249,106.6,34.286,1719.07,REJECT,synthetic_physics
2288.6,33.1875,0.8113,0.36343,36.549,0.58405,0.12337,0.6213,74.15,33.262,2007.54,REJECT,synthetic_physics
2502.2,25.0625,0.9719,0.45887,40.865,0.45205,0.06163,0.4461,25.87,25.491,2436.68,MARGINAL,synthetic_physics
2219.3,38.375,1.039,0.41423,40.12,0.61123,0.12519,0.6379,11.35,38.492,2565.77,REJECT,synthetic_physics
2405.5,29.8125,0.8939,0.47701,41.314,0.39271,0.01511,0.4399,34.92,29.521,2356.26,MARGINAL,synthetic_physics
2345.9,29.625,0.6224,0.30744,35.169,0.4422,0.0972,0.4671,109.6,29.637,1692.44,GOOD,synthetic_physics
2229.8,30.25,0.4177,0.13719,24.743,0.6782,0.11247,0.6248,185.94,30.294,1013.85,REJECT,synthetic_physics
2196.0,30.1875,1.0415,0.38915,35.244,0.64192,0.10975,0.6362,31.6,29.825,2385.81,REJECT,synthetic_physics
2276.6,45.625,0.8171,0.41961,43.479,0.5331,0.0987,0.4769,74.25,45.586,2006.71,REJECT,synthetic_physics
2299.9,27.5625,0.7373,0.34394,34.024,0.61059,0.09577,0.5213,89.06,27.676,1875.01,MARGINAL,synthetic_physics
2271.7,23.5,0.9657,0.33329,38.071,0.66956,0.08957,0.5809,35.33,23.62,2352.6,REJECT,synthetic_physics
2382.1,24.3125,1.0426,0.46965,42.946,0.46082,0.0734,0.4821,26.06,24.7,2435.07,MARGINAL,synthetic_physics
2366.8,29.75,0.6664,0.32344,37.564,0.54613,0.07253,0.4497,111.07,29.651,1679.37,GOOD,synthetic_physics
2352.3,28.125,1.1163,0.53715,44.0,0.37909,0.04059,0.4224,20.85,27.662,2481.34,MARGINAL,synthetic_physics
2453.0,26.75,0.9302,0.47281,40.8,0.5202,0.06233,0.4476,33.18,26.72,2371.7,MARGINAL,synthetic_physics
2417.6,37.375,0.7016,0.33301,38.536,0.39225,0.09192,0.4214,102.83,37.099,1752.63,MARGINAL,synthetic_physics
2462.7,25.125,0.7698,0.3692,35.148,0.49103,0.0748,0.4661,88.88,25.303,1876.64,GOOD,synthetic_physics
2396.6,24.0,0.7004,0.35086,32.185,0.55251,0.07109,0.4967,101.69,24.139,1762.8,GOOD,synthetic_physics
2546.5,24.5,0.662,0.30683,37.62,0.4039,0.05734,0.3582,138.65,24.567,1434.23,MARGINAL,synthetic_physics
2479.6,33.125,0.6543,0.36956,35.037,0.38975,0.03933,0.3282,113.38,33.158,1658.82,REJECT,synthetic_physics
2474.8,26.375,0.5483,0.30443,30.366,0.5138,0.06033,0.3807,168.09,26.646,1172.56,REJECT,synthetic_physics
2318.5,27.1875,0.8687,0.36982,40.756,0.53741,0.06616,0.509,65.5,27.284,2084.45,MARGINAL,synthetic_physics
2418.4,29.3125,0.8802,0.48541,39.665,0.41854,0.05147,0.4212,51.61,29.245,2207.88,GOOD,synthetic_physics
2380.5,19.875,0.9472,0.40789,40.529,0.55177,0.09202,0.5536,35.83,19.914,2348.17,REJECT,synthetic_physics
2289.5,29.75,0.7278,0.38299,31.094,0.55853,0.09901,0.5583,65.92,29.905,2080.75,REJECT,synthetic_physics
2315.2,25.6875,0.8714,0.39798,38.195,0.52565,0.08977,0.5598,60.55,26.014,2128.43,REJECT,synthetic_physics
2198.4,26.8125,0.3554,0.22608,26.075,0.74069,0.12437,0.6467,206.65,26.471,829.76,REJECT,synthetic_physics
2163.7,28.5,0.3206,0.20199,22.658,0.67026,0.12281,0.6337,218.98,28.211,720.22,REJECT,synthetic_physics
2507.8,35.5,0.9491,0.47999,44.0,0.36952,0.05913,0.3271,42.34,35.57,2290.31,REJECT,synthetic_physics
2490.9,26.5625,0.804,0.38252,38.154,0.49602,0.0745,0.4387,83.45,26.605,1924.88,GOOD,synthetic_physics
2246.7,22.875,0.4663,0.15655,26.888,0.73817,0.12465,0.5958,185.46,22.931,1018.14,REJECT,synthetic_physics
2378.1,27.6875,0.8166,0.32488,34.238,0.56345,0.09735,0.4765,79.01,27.702,1964.38,GOOD,synthetic_physics
2303.2,32.6875,0.9039,0.46009,37.94,0.50387,0.10695,0.5518,45.51,32.494,2262.18,REJECT,synthetic_physics
2332.2,29.625,0.9089,0.43914,40.114,0.54752,0.07427,0.4606,46.8,29.781,2250.63,MARGINAL,synthetic_physics
2377.3,24.0,1.0028,0.36985,35.798,0.49954,0.10225,0.4923,53.18,24.577,2193.99,GOOD,synthetic_physics
2324.9,25.375,0.2701,0.17705,28.368,0.6232,0.10429,0.5739,219.37,25.345,716.67,REJECT,synthetic_physics
2341.0,28.9375,0.9562,0.44113,41.399,0.51365,0.07051,0.5206,29.61,28.852,2403.47,MARGINAL,synthetic_physics
2365.2,18.3125,0.3228,0.24633,24.72,0.71117,0.11374,0.6065,189.36,18.48,983.44,REJECT,synthetic_physics
2355.5,20.75,0.688,0.32635,32.657,0.51564,0.07407,0.4444,120.28,20.924,1597.48,GOOD,synthetic_physics
2540.1,23.625,0.3997,0.19825,35.25,0.48555,0.03783,0.3233,197.78,23.553,908.58,REJECT,synthetic_physics
2421.6,23.3125,0.5294,0.19867,34.168,0.56683,0.09771,0.4802,156.09,23.246,1279.18,REJECT,synthetic_physics
2521.5,36.375,0.4561,0.27156,33.353,0.35947,0.0558,0.3648,173.58,36.413,1123.7,REJECT,synthetic_physics
2466.7,29.125,1.0857,0.51531,44.0,0.34993,0.04975,0.3544,32.92,29.579,2374.07,MARGINAL,synthetic_physics
2436.9,31.125,0.7033,0.42977,38.557,0.39254,0.05591,0.4063,83.57,31.492,1923.84,GOOD,synthetic_physics
2496.6,33.9375,0.3655,0.28253,34.821,0.42681,0.07652,0.3737,208.83,34.076,810.44,REJECT,synthetic_physics
2460.3,22.75,0.8488,0.37657,36.113,0.52927,0.06869,0.495,73.97,22.859,2009.13,GOOD,synthetic_physics
2417.6,31.25,0.7156,0.35504,36.212,0.54182,0.06206,0.3788,106.85,31.106,1716.91,MARGINAL,synthetic_physics
2377.3,25.4375,0.8663,0.34716,41.153,0.46372,0.07482,0.475,56.66,25.67,2163.04,GOOD,synthetic_physics
2305.6,20.875,1.0376,0.48086,39.852,0.62562,0.11437,0.5817,26.37,21.047,2432.26,REJECT,synthetic_physics
2324.1,42.8125,0.8238,0.35468,37.828,0.56273,0.11289,0.5894,40.01,42.874,2311.05,REJECT,synthetic_physics
2450.6,31.0,0.7346,0.34653,40.874,0.50709,0.09563,0.4444,101.47,31.381,1764.68,GOOD,synthetic_physics
2374.9,32.375,0.6144,0.25096,31.762,0.55645,0.08112,0.4934,138.39,32.167,1436.55,MARGINAL,synthetic_physics
2407.9,33.5,0.8755,0.39481,38.263,0.4011,0.0495,0.4341,70.92,33.288,2036.26,GOOD,synthetic_physics
2435.3,38.25,0.7183,0.37787,37.809,0.53494,0.08434,0.4194,113.48,38.48,1657.94,MARGINAL,synthetic_physics
2229.0,38.6875,0.7313,0.26667,35.15,0.57575,0.10058,0.5494,115.71,38.803,1638.1,MARGINAL,synthetic_physics
2333.8,26.75,0.5876,0.3187,27.159,0.61339,0.09901,0.5683,112.7,26.377,1664.89,REJECT,synthetic_physics
2428.1,29.5625,0.9027,0.40047,39.689,0.41948,0.04377,0.3452,63.54,29.626,2101.87,REJECT,synthetic_physics
2503.8,31.3125,0.3788,0.25046,38.086,0.52821,0.0663,0.3486,201.16,30.994,878.62,REJECT,synthetic_physics
2465.9,30.875,0.7834,0.47942,37.822,0.37718,0.03636,0.3564,61.09,30.988,2123.65,MARGINAL,synthetic_physics
2428.1,34.3125,0.9287,0.41357,41.497,0.46262,0.05516,0.3733,64.33,34.341,2094.88,MARGINAL,synthetic_physics
2384.5,33.8125,0.7341,0.35543,35.862,0.40467,0.05143,0.3811,105.91,33.535,1725.27,MARGINAL,synthetic_physics
2480.4,30.3125,0.4215,0.27626,34.592,0.40843,0.03897,0.3623,179.7,30.189,1069.36,REJECT,synthetic_physics
2433.7,30.8125,0.8133,0.37212,38.958,0.49528,0.07138,0.4247,100.24,30.769,1775.68,GOOD,synthetic_physics
2319.3,27.6875,0.6838,0.2797,32.846,0.65325,0.09792,0.541,101.81,27.051,1761.66,MARGINAL,synthetic_physics
2402.3,22.4375,0.8925,0.40297,40.331,0.48878,0.07094,0.4826,59.41,22.579,2138.6,GOOD,synthetic_physics
2293.5,38.375,1.0722,0.45671,44.0,0.37374,0.08163,0.4691,13.39,38.384,2547.62,MARGINAL,synthetic_physics
2588.4,29.9375,0.4386,0.26161,35.63,0.45263,0.04844,0.3131,187.38,30.023,1001.03,REJECT,synthetic_physics
2352.3,30.25,0.8224,0.32989,37.612,0.49484,0.09662,0.495,85.1,30.519,1910.25,GOOD,synthetic_physics
2368.4,26.5,0.8607,0.44657,42.569,0.5364,0.0669,0.466,52.01,26.103,2204.33,GOOD,synthetic_physics
2383.7,24.75,0.6725,0.41944,40.081,0.34943,0.04897,0.3657,94.35,24.575,1828.0,MARGINAL,synthetic_physics
2313.6,27.8125,0.4793,0.19698,26.497,0.69474,0.12636,0.6003,158.28,27.667,1259.71,REJECT,synthetic_physics
2432.9,31.625,0.8323,0.37328,41.036,0.48818,0.0536,0.4291,69.62,31.944,2047.83,GOOD,synthetic_physics
2364.4,31.0,0.6186,0.28776,34.371,0.56365,0.08615,0.4872,118.61,31.083,1612.32,GOOD,synthetic_physics
2322.5,32.3125,0.6811,0.31161,30.217,0.49285,0.08086,0.4755,112.85,32.204,1663.6,GOOD,synthetic_physics
2460.3,24.125,0.678,0.2616,32.2,0.36699,0.07781,0.4543,119.13,24.236,1607.7,GOOD,synthetic_physics
2392.6,30.8125,0.7805,0.41756,38.587,0.51885,0.0475,0.4653,58.99,30.898,2142.32,GOOD,synthetic_physics
2360.4,28.625,0.7351,0.3039,35.621,0.48469,0.07243,0.4651,105.23,28.226,1731.3,GOOD,synthetic_physics
2316.0,33.25,0.4453,0.21142,27.987,0.6876,0.13442,0.5933,174.24,33.768,1117.85,REJECT,synthetic_physics
2264.5,27.25,1.0705,0.42183,37.545,0.54456,0.07922,0.5058,19.86,26.996,2490.16,MARGINAL,synthetic_physics
2318.5,31.8125,0.6633,0.31362,34.559,0.45933,0.08195,0.4698,114.31,31.473,1650.56,GOOD,synthetic_physics
2370.0,31.6875,0.5998,0.31082,29.775,0.52671,0.09174,0.4378,131.01,31.895,1502.1,MARGINAL,synthetic_physics
2417.6,31.1875,0.6933,0.26648,33.337,0.53446,0.09157,0.4845,112.69,30.987,1664.97,GOOD,synthetic_physics
2359.6,27.8125,0.6661,0.25782,30.93,0.57958,0.11706,0.5385,136.76,28.203,1450.99,MARGINAL,synthetic_physics
2352.3,25.0,0.489,0.19972,29.81,0.65369,0.09944,0.5522,146.72,25.136,1362.45,REJECT,synthetic_physics
2454.7,36.375,0.2918,0.26933,25.835,0.55219,0.06092,0.4588,219.06,36.285,719.47,REJECT,synthetic_physics
2263.7,28.5625,0.9362,0.44747,42.773,0.52381,0.10616,0.584,14.73,28.633,2535.75,REJECT,synthetic_physics
2258.0,41.875,0.837,0.36413,38.873,0.56964,0.09626,0.5027,66.29,41.772,2077.41,REJECT,synthetic_physics
2419.2,31.3125,0.6387,0.3359,36.595,0.5021,0.05896,0.4313,122.49,31.169,1577.83,GOOD,synthetic_physics
2464.3,31.125,0.9064,0.40825,42.493,0.36897,0.06744,0.4156,52.47,31.194,2200.26,GOOD,synthetic_physics
2165.3,26.6875,0.966,0.38795,37.678,0.6055,0.11827,0.6262,30.09,26.667,2399.21,REJECT,synthetic_physics
2320.1,27.5625,0.8484,0.38052,37.11,0.51491,0.05396,0.4422,55.78,27.36,2170.88,GOOD,synthetic_physics
2259.6,34.9375,0.5236,0.19184,26.929,0.72551,0.10094,0.5859,170.42,34.562,1151.81,REJECT,synthetic_physics
2473.2,32.4375,0.8508,0.405,44.0,0.38271,0.05571,0.4061,72.13,32.355,2025.52,GOOD,synthetic_physics
2351.5,31.3125,0.7697,0.37401,39.31,0.41903,0.0587,0.4214,81.96,31.194,1938.17,GOOD,synthetic_physics
2337.0,45.6875,0.6028,0.29036,29.225,0.55352,0.07757,0.4804,128.35,45.794,1525.8,REJECT,synthetic_physics
2503.0,29.8125,0.4506,0.30309,31.103,0.34657,0.0444,0.3571,188.96,29.949,986.98,REJECT,synthetic_physics
2283.8,21.3125,0.7215,0.1788,31.652,0.687,0.10062,0.5431,119.15,21.79,1607.54,MARGINAL,synthetic_physics
2527.2,25.375,0.6009,0.33079,34.246,0.42059,0.05319,0.3237,138.33,25.655,1437.11,REJECT,synthetic_physics
2287.8,19.9375,0.8851,0.37661,39.494,0.51859,0.08347,0.4921,72.22,19.895,2024.73,GOOD,synthetic_physics
2318.5,26.5,0.2668,0.16216,23.969,0.82603,0.14535,0.6495,217.88,26.65,729.94,REJECT,synthetic_physics
2515.9,29.375,0.4762,0.26443,32.123,0.45234,0.06726,0.3797,165.95,28.765,1191.59,REJECT,synthetic_physics
2368.4,33.9375,0.7904,0.31661,37.347,0.45715,0.07415,0.4429,89.24,34.094,1873.47,GOOD,synthetic_physics
2437.7,28.5625,0.702,0.40374,41.293,0.43737,0.0668,0.3805,85.53,28.252,1906.4,MARGINAL,synthetic_physics
2554.6,45.3125,0.4511,0.29749,35.88,0.34887,0.0694,0.3025,155.45,45.536,1284.88,REJECT,synthetic_physics
2381.3,30.875,0.6352,0.28498,33.898,0.55446,0.077,0.477,115.33,31.086,1641.53,GOOD,synthetic_physics
2422.4,34.0625,0.6116,0.28349,33.844,0.53161,0.07598,0.442,117.48,33.972,1622.4,GOOD,synthetic_physics
2295.1,31.6875,0.7455,0.34059,37.255,0.52702,0.09032,0.5267,92.45,31.605,1844.88,MARGINAL,synthetic_physics
2524.8,16.625,0.5941,0.32059,32.691,0.53635,0.07812,0.4136,120.7,16.546,1593.8,GOOD,synthetic_physics
2234.7,36.5625,0.7606,0.31905,34.695,0.54329,0.10937,0.5453,93.04,36.49,1839.61,MARGINAL,synthetic_physics
2463.5,44.6875,0.3681,0.2368,35.775,0.45808,0.07698,0.4086,194.27,45.001,939.86,REJECT,synthetic_physics
2431.3,13.0625,0.5718,0.33693,27.018,0.6027,0.07959,0.4646,143.27,13.161,1393.17,MARGINAL,synthetic_physics
2407.1,25.25,0.6644,0.36084,33.944,0.5651,0.09737,0.4899,117.35,25.313,1623.55,GOOD,synthetic_physics
2285.4,24.3125,0.4124,0.16931,27.757,0.67918,0.12343,0.6104,188.62,24.38,990.06,REJECT,synthetic_physics
2276.6,38.25,0.5151,0.21069,27.891,0.64731,0.12087,0.5798,156.57,38.579,1274.9,REJECT,synthetic_physics
2243.5,29.1875,0.7623,0.25733,32.184,0.58355,0.11179,0.5641,98.2,29.373,1793.79,REJECT,synthetic_physics
2483.7,34.5625,0.7363,0.35937,34.436,0.3709,0.05679,0.3281,113.53,34.411,1657.52,REJECT,synthetic_physics
2383.7,29.0625,1.0252,0.43887,44.0,0.4407,0.09192,0.5071,20.57,28.766,2483.83,MARGINAL,synthetic_physics
2326.5,33.5625,0.6515,0.33064,33.712,0.51495,0.0993,0.4639,112.58,33.763,1665.93,GOOD,synthetic_physics
2473.2,37.625,0.7972,0.4341,41.043,0.44996,0.05125,0.397,74.96,37.847,2000.39,MARGINAL,synthetic_physics
2314.4,28.125,0.7336,0.2971,33.493,0.52009,0.11125,0.4764,107.35,27.879,1712.44,GOOD,synthetic_physics
2500.6,23.4375,0.9667,0.50927,39.508,0.43804,0.06722,0.3923,62.58,23.458,2110.36,MARGINAL,synthetic_physics
2414.4,34.375,0.5922,0.24207,32.035,0.50568,0.05892,0.4218,146.17,34.22,1367.41,MARGINAL,synthetic_physics
2564.2,37.25,0.5652,0.32461,40.467,0.40941,0.03766,0.3055,137.99,37.414,1440.11,REJECT,synthetic_physics
2328.9,28.0625,1.0438,0.53942,44.0,0.4705,0.0553,0.47,13.25,28.321,2548.85,MARGINAL,synthetic_physics
2439.3,16.8125,0.4254,0.27332,31.278,0.52709,0.08017,0.4337,198.16,17.255,905.24,REJECT,synthetic_physics
2351.5,22.0625,0.88,0.38212,34.386,0.46217,0.0904,0.51,59.33,22.49,2139.24,MARGINAL,synthetic_physics
2392.6,32.6875,0.8209,0.48041,44.0,0.29466,0.04591,0.3572,51.33,32.23,2210.38,MARGINAL,synthetic_physics
2279.8,23.4375,0.8086,0.39401,37.461,0.50337,0.08494,0.4621,56.93,23.299,2160.62,GOOD,synthetic_physics
2481.2,33.25,0.3961,0.31115,34.781,0.54874,0.05219,0.3626,190.53,33.43,973.07,REJECT,synthetic_physics
2312.0,22.9375,0.8739,0.48787,40.927,0.55736,0.10679,0.5242,36.09,23.019,2345.86,MARGINAL,synthetic_physics
2414.4,18.9375,0.8065,0.45133,37.206,0.44561,0.06703,0.4048,69.7,18.612,2047.12,GOOD,synthetic_physics
2425.6,32.875,0.3172,0.26781,31.094,0.52427,0.07371,0.4307,207.51,33.075,822.09,REJECT,synthetic_physics
2601.3,28.625,0.4472,0.32252,34.941,0.3865,0.0354,0.3445,168.25,28.622,1171.11,REJECT,synthetic_physics
2499.0,27.9375,0.3046,0.25255,34.829,0.49296,0.1131,0.4419,213.78,28.128,766.38,REJECT,synthetic_physics
2420.0,23.8125,0.8986,0.43391,39.898,0.46222,0.10789,0.4873,61.37,23.677,2121.2,GOOD,synthetic_physics
2366.0,33.75,0.4891,0.24672,34.8,0.4788,0.08816,0.3889,154.43,33.929,1293.96,REJECT,synthetic_physics
2407.1,29.1875,0.9559,0.43269,41.048,0.4581,0.05277,0.4064,59.24,29.261,2140.06,GOOD,synthetic_physics
2386.2,32.1875,0.9433,0.45891,39.992,0.42307,0.06562,0.4009,64.2,32.043,2096.04,GOOD,synthetic_physics
2463.5,24.6875,0.6827,0.34281,36.368,0.42033,0.0519,0.3062,117.31,25.1,1623.89,REJECT,synthetic_physics
2172.6,26.8125,0.9703,0.36638,38.509,0.5673,0.13877,0.6395,44.92,26.91,2267.41,REJECT,synthetic_physics
2476.4,30.125,0.7256,0.3271,38.817,0.38446,0.06994,0.4129,91.38,30.14,1854.37,GOOD,synthetic_physics
2453.0,24.0625,0.5707,0.22187,30.138,0.60317,0.08325,0.4879,142.42,23.999,1400.69,MARGINAL,synthetic_physics
2398.2,35.625,0.8684,0.4089,41.158,0.48544,0.0864,0.4853,55.63,35.781,2172.22,MARGINAL,synthetic_physics
2397.4,31.25,1.01,0.50047,43.243,0.45108,0.05087,0.4085,34.65,31.41,2358.7,MARGINAL,synthetic_physics
2270.1,28.75,0.4138,0.14316,27.826,0.65134,0.11249,0.6355,187.67,28.871,998.47,REJECT,synthetic_physics
2287.8,25.0625,0.9332,0.40573,40.356,0.5176,0.0979,0.5676,38.84,25.376,2321.4,REJECT,synthetic_physics
2368.4,23.1875,0.7882,0.29263,37.081,0.59099,0.09376,0.5228,97.28,23.497,1801.93,MARGINAL,synthetic_physics
2352.3,23.3125,0.7676,0.37845,36.729,0.529,0.10022,0.4957,95.13,23.525,1821.09,GOOD,synthetic_physics
2333.8,20.0,0.5967,0.29895,32.978,0.59099,0.08545,0.5163,115.84,20.046,1637.0,MARGINAL,synthetic_physics
2362.0,38.4375,0.6886,0.35945,37.447,0.46074,0.07143,0.445,93.37,38.291,1836.74,MARGINAL,synthetic_physics
2484.5,30.6875,0.5861,0.38711,32.673,0.35836,0.057,0.3237,131.02,30.908,1502.01,REJECT,synthetic_physics
2258.8,33.4375,0.4467,0.18403,27.827,0.70088,0.12556,0.6073,175.06,33.249,1110.54,REJECT,synthetic_physics
2476.4,34.0,0.8186,0.41491,40.058,0.35288,0.04149,0.3483,67.46,34.399,2067.01,REJECT,synthetic_physics
2312.8,37.125,0.7783,0.31533,37.292,0.51996,0.05471,0.4391,92.88,37.075,1841.03,MARGINAL,synthetic_physics
2256.4,31.25,0.4105,0.15151,28.843,0.7088,0.13741,0.647,198.6,31.32,901.36,REJECT,synthetic_physics
2265.3,30.875,0.8923,0.35616,31.384,0.69981,0.1186,0.6214,63.67,30.692,2100.74,REJECT,synthetic_physics
2391.8,36.625,1.002,0.5195,44.0,0.39384,0.0379,0.4207,30.59,36.26,2394.79,MARGINAL,synthetic_physics
2273.3,28.5,1.0458,0.47587,43.173,0.51317,0.08215,0.5094,22.4,28.384,2467.58,MARGINAL,synthetic_physics
2355.5,39.625,0.6845,0.24419,29.604,0.44905,0.09618,0.473,120.46,39.509,1595.93,MARGINAL,synthetic_physics
2521.5,32.6875,0.6379,0.37923,36.456,0.43763,0.04658,0.3384,126.4,32.51,1543.14,REJECT,synthetic_physics
2466.7,34.5,0.3119,0.29534,34.558,0.49026,0.06686,0.3383,217.86,34.358,730.14,REJECT,synthetic_physics
2449.0,34.3125,0.7404,0.37433,40.462,0.46068,0.0723,0.4217,67.98,33.995,2062.37,GOOD,synthetic_physics
2544.9,27.9375,0.8666,0.38877,40.864,0.35783,0.03031,0.363,67.5,27.96,2066.7,MARGINAL,synthetic_physics
2321.7,21.125,0.8238,0.34949,36.959,0.56822,0.10051,0.5566,78.19,21.203,1971.68,REJECT,synthetic_physics
2362.0,20.125,0.651,0.20927,32.78,0.55905,0.08797,0.4904,120.37,20.668,1596.7,GOOD,synthetic_physics
2445.0,24.5,0.6413,0.32168,39.94,0.49109,0.06308,0.4076,100.32,24.676,1774.94,GOOD,synthetic_physics
2509.5,33.5,0.8554,0.37405,44.0,0.37332,0.03319,0.371,70.9,33.438,2036.42,MARGINAL,synthetic_physics
2398.2,36.75,0.8835,0.44853,40.125,0.4168,0.05224,0.4078,56.96,36.365,2160.37,MARGINAL,synthetic_physics
2468.4,37.8125,1.0187,0.51084,44.0,0.41748,0.04946,0.4017,34.98,37.622,2355.74,MARGINAL,synthetic_physics
2307.2,30.75,0.2443,0.24613,32.623,0.50428,0.08215,0.4561,211.21,30.983,789.27,REJECT,synthetic_physics
2360.4,28.0625,0.998,0.51561,44.0,0.38395,0.05942,0.4182,15.16,28.522,2531.95,MARGINAL,synthetic_physics
2383.7,34.4375,0.8881,0.38551,42.568,0.46245,0.06968,0.4385,58.49,34.357,2146.75,GOOD,synthetic_physics
2480.4,35.125,0.8446,0.44142,41.315,0.44827,0.03265,0.3959,65.62,34.73,2083.38,MARGINAL,synthetic_physics
2507.0,30.1875,0.548,0.26264,29.665,0.48637,0.06518,0.3876,147.11,30.164,1359.0,MARGINAL,synthetic_physics
2432.9,27.5,1.0494,0.43147,39.655,0.42432,0.05318,0.4207,57.62,27.694,2154.52,GOOD,synthetic_physics
2379.7,37.1875,0.7579,0.3326,37.638,0.39782,0.06387,0.3949,91.58,37.026,1852.58,MARGINAL,synthetic_physics
2480.4,24.75,0.3883,0.25734,36.495,0.38563,0.05381,0.3704,181.4,24.712,1054.19,REJECT,synthetic_physics
2503.0,36.3125,0.7857,0.42463,44.0,0.36939,0.04042,0.3626,98.45,36.284,1791.59,MARGINAL,synthetic_physics
2200.8,27.625,0.3721,0.1811,27.891,0.69707,0.14445,0.6444,202.97,27.778,862.48,REJECT,synthetic_physics
2481.2,29.75,0.9115,0.48368,44.0,0.36829,0.03795,0.3613,54.5,29.875,2182.21,MARGINAL,synthetic_physics
2360.4,32.75,0.743,0.3014,31.17,0.59749,0.08842,0.5126,111.53,32.538,1675.28,MARGINAL,synthetic_physics
2487.7,24.875,0.7327,0.33696,39.65,0.36225,0.06406,0.3607,105.0,24.664,1733.34,MARGINAL,synthetic_physics
2200.8,35.375,0.7631,0.25383,30.764,0.74109,0.10637,0.6226,96.75,35.656,1806.63,REJECT,synthetic_physics
2322.5,25.8125,0.8078,0.38395,37.807,0.48247,0.09296,0.5319,74.31,25.96,2006.13,MARGINAL,synthetic_physics
2374.9,32.5,0.8922,0.44227,38.187,0.46826,0.10288,0.45,59.98,32.51,2133.52,GOOD,synthetic_physics
2507.8,35.0625,0.8316,0.42131,42.624,0.35768,0.06163,0.3567,77.88,34.914,1974.39,MARGINAL,synthetic_physics
2458.7,20.5625,0.6875,0.43763,38.527,0.43957,0.06829,0.4129,115.61,20.492,1639.02,GOOD,synthetic_physics
2322.5,31.375,0.6318,0.35214,37.238,0.45245,0.06173,0.4019,108.12,31.565,1705.62,GOOD,synthetic_physics
2463.5,30.3125,0.4917,0.27324,33.115,0.33263,0.0646,0.3039,163.68,30.541,1211.71,REJECT,synthetic_physics
2357.1,29.6875,0.3482,0.22143,29.857,0.5413,0.10954,0.484,189.2,29.668,984.88,REJECT,synthetic_physics
2386.2,37.3125,1.0052,0.42505,37.682,0.44838,0.06294,0.4442,42.5,37.36,2288.87,MARGINAL,synthetic_physics
2375.7,27.0625,0.6613,0.3406,35.416,0.39825,0.08018,0.4536,119.77,26.885,1602.01,GOOD,synthetic_physics
2345.1,31.3125,1.1128,0.4249,41.846,0.44523,0.08798,0.4766,16.51,31.65,2519.92,MARGINAL,synthetic_physics
2353.1,32.875,0.9008,0.40945,36.658,0.5146,0.0721,0.5133,39.82,32.604,2312.68,MARGINAL,synthetic_physics
2356.3,27.1875,0.3282,0.2198,28.123,0.58721,0.08375,0.4954,207.73,27.278,820.14,REJECT,synthetic_physics
2346.7,24.0625,0.9142,0.42311,37.88,0.4762,0.05627,0.4569,57.74,24.042,2153.43,GOOD,synthetic_physics
2384.5,24.8125,0.8279,0.42947,38.331,0.37514,0.05857,0.4247,71.32,24.977,2032.67,GOOD,synthetic_physics
2359.6,31.0,0.6025,0.23788,35.351,0.46863,0.06361,0.4545,131.1,30.867,1501.31,MARGINAL,synthetic_physics
2315.2,33.0625,0.7757,0.38538,36.655,0.46688,0.08542,0.5134,84.4,33.126,1916.44,MARGINAL,synthetic_physics
2424.8,26.875,0.9968,0.45222,39.15,0.40518,0.07312,0.4503,56.41,26.812,2165.26,GOOD,synthetic_physics
2486.9,30.0,0.9905,0.50972,42.541,0.4288,0.0592,0.3593,28.43,30.144,2413.93,MARGINAL,synthetic_physics
2308.8,24.3125,0.9202,0.4465,43.49,0.45443,0.04958,0.4416,51.15,24.261,2212.01,GOOD,synthetic_physics
2278.2,29.375,0.6707,0.28049,32.306,0.55542,0.09374,0.5319,112.56,29.723,1666.15,MARGINAL,synthetic_physics
2208.1,25.8125,0.7536,0.28341,34.154,0.6513,0.10213,0.6024,99.29,26.03,1784.09,REJECT,synthetic_physics
2420.0,22.9375,0.6815,0.25959,31.395,0.45951,0.11424,0.4719,118.77,22.613,1610.94,GOOD,synthetic_physics
2318.5,30.25,0.7038,0.36813,39.289,0.51888,0.05049,0.4629,99.32,30.314,1783.82,GOOD,synthetic_physics
2344.2,34.5625,0.7201,0.26208,32.006,0.5423,0.09877,0.4909,108.47,34.681,1702.5,GOOD,synthetic_physics
2242.7,26.9375,0.9056,0.33039,43.287,0.57604,0.07486,0.548,62.64,26.702,2109.86,MARGINAL,synthetic_physics
2428.1,32.1875,0.8953,0.40854,41.377,0.35926,0.082,0.4221,78.06,32.132,1972.84,GOOD,synthetic_physics
2427.3,29.875,0.6974,0.33518,34.29,0.49411,0.07001,0.4286,113.56,29.889,1657.23,GOOD,synthetic_physics
2499.8,38.375,0.3024,0.31123,32.222,0.3376,0.05236,0.3281,215.8,38.009,748.44,REJECT,synthetic_physics
2290.3,33.0625,0.648,0.25535,29.628,0.64535,0.12662,0.5734,114.67,33.219,1647.37,REJECT,synthetic_physics
2538.5,29.0,0.9234,0.42395,40.403,0.40846,0.06963,0.4047,53.0,29.073,2195.53,GOOD,synthetic_physics
2523.2,31.625,0.5608,0.38649,35.225,0.42615,0.04282,0.3245,133.02,31.455,1484.31,REJECT,synthetic_physics
2308.0,36.3125,0.967,0.50669,42.566,0.52862,0.09201,0.5222,23.66,36.254,2456.4,MARGINAL,synthetic_physics
2463.5,28.3125,0.6993,0.30358,34.637,0.4658,0.09973,0.4688,102.46,27.926,1755.95,GOOD,synthetic_physics
2318.5,32.1875,0.726,0.29384,34.448,0.57654,0.0794,0.448,104.09,32.303,1741.42,GOOD,synthetic_physics
2347.5,26.125,0.6234,0.22399,29.948,0.61762,0.11911,0.6066,98.81,26.276,1788.39,REJECT,synthetic_physics
2403.9,31.1875,0.7585,0.38088,37.621,0.49497,0.08103,0.4732,83.01,31.205,1928.76,GOOD,synthetic_physics
2509.5,28.1875,0.8648,0.39585,39.894,0.49086,0.06813,0.4666,71.11,28.168,2034.61,GOOD,synthetic_physics
2432.1,31.625,0.8489,0.42078,44.0,0.35528,0.05843,0.4255,61.45,31.462,2120.41,GOOD,synthetic_physics
2374.1,29.1875,0.7897,0.34466,37.496,0.53501,0.08335,0.4896,96.19,29.113,1811.66,GOOD,synthetic_physics
2484.5,23.3125,0.9208,0.43265,42.571,0.36953,0.06119,0.4192,63.33,23.053,2103.76,GOOD,synthetic_physics
2257.2,30.5625,0.8476,0.37624,39.424,0.59891,0.09776,0.553,58.76,30.327,2144.33,REJECT,synthetic_physics
2273.3,35.125,0.2968,0.20215,28.435,0.67363,0.13599,0.6186,216.11,35.162,745.72,REJECT,synthetic_physics
2445.8,26.125,0.6885,0.33133,35.654,0.53382,0.05731,0.4142,99.04,26.137,1786.34,GOOD,synthetic_physics
2368.4,29.9375,0.6446,0.27892,36.9,0.41463,0.09146,0.4192,113.12,30.058,1661.15,GOOD,synthetic_physics
2295.1,30.75,0.6214,0.24328,32.838,0.68387,0.09864,0.5952,121.46,30.841,1587.0,REJECT,synthetic_physics
2328.9,24.375,0.8897,0.34876,38.909,0.53319,0.09607,0.5671,66.8,24.458,2072.88,REJECT,synthetic_physics
2449.0,32.5625,0.2705,0.23625,32.592,0.40645,0.06366,0.3539,218.69,32.699,722.72,REJECT,synthetic_physics
2445.8,24.125,0.8441,0.42386,34.838,0.46048,0.07116,0.4464,73.54,24.172,2012.94,GOOD,synthetic_physics
2411.1,27.6875,0.698,0.32428,36.85,0.49206,0.09498,0.4011,105.77,27.556,1726.53,GOOD,synthetic_physics
2373.3,25.875,0.7159,0.35462,34.013,0.51384,0.06247,0.4223,114.76,25.87,1646.57,GOOD,synthetic_physics
2370.0,27.75,0.814,0.3744,37.472,0.59038,0.0959,0.5198,68.93,27.672,2053.92,MARGINAL,synthetic_physics
2360.4,30.0,0.4296,0.22247,32.843,0.46826,0.07902,0.4249,180.42,30.039,1062.89,REJECT,synthetic_physics
2445.8,32.25,0.6468,0.30203,35.512,0.50266,0.0806,0.4346,115.71,32.429,1638.14,GOOD,synthetic_physics
2412.7,23.8125,0.8804,0.49104,39.316,0.49668,0.06158,0.4353,50.1,23.951,2221.31,GOOD,synthetic_physics
2391.0,26.1875,0.5856,0.29874,27.729,0.55045,0.07674,0.4617,125.1,26.297,1554.63,MARGINAL,synthetic_physics
2466.7,29.25,0.8487,0.48097,44.0,0.40117,0.04484,0.3647,50.04,29.368,2221.9,MARGINAL,synthetic_physics
2383.7,22.3125,0.8921,0.44483,42.01,0.58029,0.09412,0.4773,56.58,22.198,2163.69,GOOD,synthetic_physics
2276.6,33.0,0.7903,0.31522,34.46,0.6618,0.10115,0.6051,71.94,32.845,2027.17,REJECT,synthetic_physics
2446.6,20.0625,0.7581,0.34006,37.296,0.41798,0.03892,0.4115,108.46,19.915,1702.6,GOOD,synthetic_physics
2345.9,19.4375,1.1666,0.27478,34.622,0.6002,0.08779,0.5184,132.8,19.382,1486.22,MARGINAL,synthetic_physics
2262.1,24.625,1.0013,0.46571,41.704,0.58589,0.08147,0.5723,22.29,24.581,2468.56,REJECT,synthetic_physics
2360.4,19.9375,0.7671,0.39599,34.645,0.55994,0.04809,0.4852,80.12,20.181,1954.5,GOOD,synthetic_physics
2358.8,31.5,0.8802,0.52141,42.696,0.4523,0.05584,0.4141,52.78,31.575,2197.47,GOOD,synthetic_physics
2302.3,36.1875,0.9061,0.42445,35.015,0.47317,0.08169,0.4632,52.54,36.224,2199.68,MARGINAL,synthetic_physics
2434.5,33.125,0.4474,0.23064,32.708,0.46294,0.05364,0.3574,177.68,32.983,1087.27,REJECT,synthetic_physics
2427.3,32.0,0.7667,0.3153,35.537,0.46457,0.06157,0.4541,107.19,31.726,1713.87,GOOD,synthetic_physics
2326.5,26.4375,0.4823,0.19359,27.457,0.72999,0.11718,0.5893,171.47,26.197,1142.46,REJECT,synthetic_physics
2320.1,30.3125,0.8675,0.36435,40.617,0.58658,0.09572,0.5393,68.31,30.182,2059.42,MARGINAL,synthetic_physics
2258.0,34.375,0.9568,0.45804,42.409,0.6378,0.09667,0.5886,11.46,34.045,2564.82,REJECT,synthetic_physics
2256.4,24.125,0.6633,0.2494,27.034,0.6512,0.135,0.6335,126.05,24.314,1546.24,REJECT,synthetic_physics
2410.3,35.5,0.5693,0.29768,30.389,0.47798,0.08435,0.3929,146.13,35.266,1367.69,MARGINAL,synthetic_physics
2371.6,25.875,0.8046,0.44035,40.101,0.51842,0.08783,0.4548,60.6,25.969,2127.98,GOOD,synthetic_physics
2311.2,36.75,0.8323,0.46504,40.112,0.55166,0.08686,0.5154,57.65,36.982,2154.21,MARGINAL,synthetic_physics
2325.7,32.75,1.0854,0.48095,42.075,0.51543,0.06228,0.4641,20.96,32.517,2480.35,MARGINAL,synthetic_physics
2304.0,35.9375,0.7811,0.45966,42.629,0.37099,0.05982,0.3979,49.73,36.129,2224.61,MARGINAL,synthetic_physics
2425.6,27.0,0.9113,0.40361,40.426,0.41405,0.07922,0.4381,59.97,27.291,2133.58,GOOD,synthetic_physics
2478.8,33.125,0.7574,0.32762,41.247,0.39193,0.04758,0.3872,88.73,32.894,1877.94,MARGINAL,synthetic_physics
2437.7,35.25,0.5364,0.29067,29.025,0.35551,0.05691,0.3259,164.66,35.467,1203.06,REJECT,synthetic_physics
2337.0,40.4375,0.5218,0.25852,30.344,0.57332,0.09634,0.5055,145.15,40.581,1376.44,REJECT,synthetic_physics
2497.4,25.875,0.862,0.42412,37.936,0.33806,0.06181,0.362,83.9,25.962,1920.88,MARGINAL,synthetic_physics
2463.5,31.6875,0.9888,0.52889,44.0,0.44123,0.04047,0.3375,17.57,31.813,2510.51,REJECT,synthetic_physics
2436.9,27.0625,0.9158,0.48878,38.739,0.54554,0.08674,0.5004,37.82,26.837,2330.49,MARGINAL,synthetic_physics
2497.4,33.8125,0.7916,0.414,39.501,0.41529,0.02856,0.3515,73.06,34.028,2017.22,MARGINAL,synthetic_physics
2424.8,24.6875,0.5398,0.2215,38.128,0.5367,0.07866,0.4346,148.44,24.283,1347.21,MARGINAL,synthetic_physics
2502.2,27.375,0.7514,0.46989,42.958,0.36354,0.06227,0.4027,69.59,27.281,2048.08,GOOD,synthetic_physics
2519.1,27.9375,0.8342,0.33225,40.318,0.38407,0.05034,0.3725,94.19,27.471,1829.46,MARGINAL,synthetic_physics
2274.1,28.9375,0.6215,0.30592,32.088,0.52246,0.0953,0.5003,113.9,29.334,1654.21,MARGINAL,synthetic_physics
2422.4,38.9375,0.9277,0.40345,42.074,0.36952,0.04291,0.4087,62.77,38.82,2108.74,MARGINAL,synthetic_physics
2411.1,36.9375,0.9595,0.49402,44.0,0.5263,0.03625,0.3539,38.33,36.919,2325.97,MARGINAL,synthetic_physics
2428.1,23.5625,0.298,0.19236,33.082,0.56446,0.10039,0.4745,212.86,23.593,774.57,REJECT,synthetic_physics
2311.2,35.875,0.9305,0.45679,42.447,0.56984,0.08666,0.4724,47.84,35.927,2241.41,MARGINAL,synthetic_physics
2354.7,34.5,1.0137,0.48254,43.683,0.3998,0.06235,0.471,33.08,33.995,2372.63,MARGINAL,synthetic_physics
2320.1,25.125,0.4998,0.20884,26.264,0.66072,0.11608,0.6037,168.72,24.896,1166.95,REJECT,synthetic_physics
2323.3,27.75,0.6564,0.28671,30.416,0.58562,0.11323,0.5175,139.95,27.786,1422.69,MARGINAL,synthetic_physics
2288.6,25.25,0.5585,0.21217,34.573,0.64163,0.11071,0.5062,148.04,25.153,1350.78,MARGINAL,synthetic_physics
2389.4,24.3125,0.7829,0.3866,33.85,0.46547,0.08457,0.4346,97.72,23.871,1798.02,GOOD,synthetic_physics
2299.9,31.625,0.2765,0.21704,33.373,0.57378,0.10701,0.4845,219.63,31.532,714.37,REJECT,synthetic_physics
2273.3,32.1875,0.422,0.16794,26.057,0.61021,0.11733,0.575,183.09,32.115,1039.22,REJECT,synthetic_physics
2292.7,42.9375,0.7592,0.28813,32.414,0.58419,0.10892,0.5114,104.08,42.546,1741.48,REJECT,synthetic_physics
2368.4,29.875,0.9178,0.36483,38.75,0.56266,0.09146,0.5087,49.8,30.043,2224.03,MARGINAL,synthetic_physics
2376.5,32.25,0.7633,0.38479,38.581,0.35849,0.05117,0.4047,83.97,32.033,1920.23,GOOD,synthetic_physics
2314.4,32.6875,0.9796,0.36732,38.389,0.64693,0.08591,0.5617,57.93,32.927,2151.76,REJECT,synthetic_physics
2297.5,27.0625,0.6614,0.30105,35.771,0.64619,0.11676,0.5935,105.91,26.665,1725.21,REJECT,synthetic_physics
2404.7,30.3125,0.2695,0.23296,33.303,0.56646,0.07985,0.4803,208.31,30.347,814.98,REJECT,synthetic_physics
2295.1,33.8125,0.5591,0.2602,29.003,0.49915,0.10133,0.4573,144.4,33.773,1383.09,MARGINAL,synthetic_physics
2435.3,30.5,0.8881,0.45846,43.178,0.52466,0.06999,0.477,47.78,30.685,2241.94,MARGINAL,synthetic_physics
2337.0,29.6875,0.7914,0.39898,44.0,0.47848,0.07241,0.4623,82.08,29.847,1937.04,GOOD,synthetic_physics
2317.7,28.5,0.8257,0.39465,39.378,0.48779,0.06462,0.471,79.73,28.076,1957.95,GOOD,synthetic_physics
2374.9,26.125,0.6113,0.23886,37.412,0.52597,0.08978,0.4406,139.83,26.015,1423.73,MARGINAL,synthetic_physics
2478.8,32.375,0.7284,0.27863,39.701,0.47889,0.05013,0.4119,102.96,32.35,1751.44,GOOD,synthetic_physics
2430.5,29.25,0.4611,0.24104,30.718,0.54872,0.08062,0.4713,178.46,29.224,1080.38,REJECT,synthetic_physics
2404.7,18.1875,0.8951,0.46533,44.0,0.5333,0.0762,0.4555,50.53,18.205,2217.53,GOOD,synthetic_physics
2421.6,28.25,0.8162,0.39765,39.27,0.47553,0.0588,0.453,69.68,28.019,2047.32,GOOD,synthetic_physics
2383.7,30.9375,0.977,0.46813,42.031,0.46666,0.04859,0.4471,36.83,31.073,2339.26,MARGINAL,synthetic_physics
2381.3,28.0,0.6884,0.36224,35.685,0.48161,0.06651,0.4037,103.76,28.007,1744.33,GOOD,synthetic_physics
2496.6,26.8125,0.8761,0.422,42.986,0.40377,0.053,0.4095,45.89,26.559,2258.71,MARGINAL,synthetic_physics
2372.5,26.0,0.7175,0.3403,36.208,0.4908,0.08732,0.5129,100.99,26.252,1768.98,MARGINAL,synthetic_physics
2374.9,31.3125,0.6841,0.35307,39.183,0.46944,0.0705,0.46,102.81,31.456,1752.81,GOOD,synthetic_physics
2276.6,36.9375,0.9495,0.40236,40.882,0.48035,0.08519,0.5336,30.12,36.932,2398.93,MARGINAL,synthetic_physics
2466.7,31.625,0.8201,0.37979,41.911,0.36161,0.05907,0.3985,90.03,31.593,1866.42,MARGINAL,synthetic_physics
2384.5,36.875,0.7222,0.34782,40.171,0.60695,0.09324,0.496,83.07,36.938,1928.26,MARGINAL,synthetic_physics
2461.1,27.25,1.1044,0.47667,43.284,0.40711,0.06754,0.459,10.24,27.419,2575.69,MARGINAL,synthetic_physics
2474.0,40.625,0.5265,0.17633,27.559,0.55815,0.093,0.4566,166.02,40.892,1190.97,REJECT,synthetic_physics
2225.8,39.9375,0.3272,0.23572,30.511,0.67879,0.09279,0.5107,209.79,39.707,801.84,REJECT,synthetic_physics
2420.0,26.5625,0.9769,0.4699,44.0,0.46989,0.08058,0.4289,48.25,26.419,2237.74,MARGINAL,synthetic_physics
2473.2,27.1875,0.8252,0.44977,40.554,0.44652,0.04274,0.3856,66.36,26.968,2076.78,MARGINAL,synthetic_physics
2584.4,20.9375,1.0489,0.49706,44.0,0.40311,0.04061,0.3512,10.42,21.109,2574.05,MARGINAL,synthetic_physics
2341.0,29.9375,0.8585,0.4568,38.635,0.51896,0.06329,0.4824,46.61,29.936,2252.37,MARGINAL,synthetic_physics
2289.5,29.75,0.8137,0.30656,37.357,0.4565,0.1007,0.4799,91.56,30.134,1852.76,GOOD,synthetic_physics
2360.4,32.5,0.4643,0.21487,30.647,0.53507,0.08266,0.4423,167.04,32.53,1181.9,REJECT,synthetic_physics
2261.2,25.25,0.5555,0.27504,31.206,0.59116,0.10885,0.5287,134.76,25.235,1468.77,MARGINAL,synthetic_physics
2394.2,19.125,0.7047,0.33495,37.615,0.51332,0.07532,0.4658,95.76,18.975,1815.48,GOOD,synthetic_physics
2595.7,34.0,0.5184,0.28971,35.121,0.44695,0.02916,0.3168,152.1,34.178,1314.67,REJECT,synthetic_physics
2412.7,30.5,0.7459,0.34833,37.389,0.42327,0.0568,0.4106,106.28,30.321,1721.92,GOOD,synthetic_physics
2461.9,24.0625,0.7688,0.36021,36.658,0.39731,0.07082,0.4164,87.35,23.989,1890.24,GOOD,synthetic_physics
2412.7,33.375,0.9027,0.35279,39.453,0.33548,0.05595,0.4039,57.05,33.433,2159.53,GOOD,synthetic_physics
2462.7,17.625,0.7712,0.38436,36.721,0.53644,0.07789,0.4131,103.0,17.596,1751.13,GOOD,synthetic_physics
2465.9,30.8125,0.5565,0.29043,31.239,0.42708,0.0451,0.4152,119.82,31.089,1601.64,GOOD,synthetic_physics
2408.7,29.0,1.0629,0.52043,42.6,0.37103,0.06891,0.3939,31.53,29.212,2386.37,MARGINAL,synthetic_physics
2515.9,28.5,0.673,0.37223,37.443,0.37198,0.04896,0.3449,108.32,28.12,1703.8,REJECT,synthetic_physics
2424.0,28.4375,0.7917,0.41497,38.472,0.3478,0.05847,0.4375,61.72,28.722,2118.08,GOOD,synthetic_physics
2463.5,38.25,0.8938,0.46284,38.963,0.41555,0.07403,0.4257,43.32,38.064,2281.62,MARGINAL,synthetic_physics
2282.2,36.4375,0.9607,0.48084,38.493,0.52147,0.09882,0.5408,32.03,36.702,2381.95,MARGINAL,synthetic_physics
2496.6,22.0625,1.0229,0.53147,44.0,0.46879,0.03822,0.3798,21.28,22.075,2477.5,MARGINAL,synthetic_physics
2319.3,35.9375,1.0545,0.53556,41.301,0.5152,0.10012,0.5053,13.87,35.859,2543.38,MARGINAL,synthetic_physics
2421.6,38.875,0.5588,0.2532,32.133,0.4077,0.06218,0.3341,137.96,38.712,1440.34,REJECT,synthetic_physics
2438.5,19.875,0.7954,0.33615,37.716,0.3835,0.0605,0.4069,84.44,19.979,1916.11,GOOD,synthetic_physics
2324.9,31.5,0.6339,0.29791,33.118,0.54137,0.06966,0.4712,131.65,31.688,1496.46,MARGINAL,synthetic_physics
2352.3,15.25,0.4129,0.18484,29.73,0.65039,0.11177,0.5787,169.42,15.629,1160.72,REJECT,synthetic_physics
2438.5,34.0625,0.8389,0.46454,40.138,0.40339,0.04622,0.3587,70.32,33.887,2041.64,MARGINAL,synthetic_physics
2208.9,38.8125,0.6287,0.2692,29.404,0.75624,0.11892,0.6451,116.74,38.912,1628.96,REJECT,synthetic_physics
2382.9,30.75,0.6296,0.19108,30.288,0.56806,0.0883,0.4701,147.68,31.29,1353.96,MARGINAL,synthetic_physics
2344.2,36.8125,0.612,0.23696,35.08,0.67963,0.11516,0.5492,127.06,37.128,1537.29,MARGINAL,synthetic_physics
2391.0,25.125,0.5942,0.21311,35.986,0.43599,0.05721,0.433,132.36,25.419,1490.12,MARGINAL,synthetic_physics
2512.7,30.1875,0.6123,0.3131,40.634,0.43351,0.05321,0.3561,142.4,29.621,1400.86,MARGINAL,synthetic_physics
2404.7,30.8125,0.8193,0.29118,30.685,0.59112,0.11092,0.5551,84.75,30.745,1913.33,REJECT,synthetic_physics
2359.6,32.625,0.619,0.24256,30.904,0.57426,0.10964,0.5518,118.7,32.389,1611.57,REJECT,synthetic_physics
2200.8,35.9375,0.6317,0.22911,26.85,0.64905,0.1201,0.5993,141.3,36.208,1410.63,REJECT,synthetic_physics
2375.7,20.25,0.6459,0.3608,38.578,0.54633,0.09438,0.4955,106.21,19.987,1722.58,GOOD,synthetic_physics
2327.3,45.1875,0.4655,0.26636,30.312,0.53831,0.09595,0.4521,172.31,45.336,1135.03,REJECT,synthetic_physics
2378.9,32.0,1.0862,0.478,44.0,0.36935,0.02663,0.4166,12.35,32.008,2556.86,MARGINAL,synthetic_physics
2270.9,36.4375,0.9101,0.43407,37.608,0.6268,0.08037,0.5362,54.3,36.619,2183.96,MARGINAL,synthetic_physics
2324.9,23.625,0.7589,0.29868,35.592,0.5887,0.11615,0.5666,88.86,23.54,1876.79,REJECT,synthetic_physics
2474.0,35.75,1.0145,0.54144,44.0,0.32334,0.03964,0.3084,17.15,35.649,2514.21,REJECT,synthetic_physics
2506.2,16.0625,0.7042,0.37108,37.027,0.38301,0.04231,0.3975,87.43,15.929,1889.52,MARGINAL,synthetic_physics
2394.2,19.1875,1.0205,0.40948,44.0,0.36312,0.04303,0.3994,33.36,19.318,2370.15,MARGINAL,synthetic_physics
2241.9,23.125,0.9727,0.39043,40.62,0.65859,0.10585,0.6208,25.99,23.132,2435.64,REJECT,synthetic_physics
2290.3,33.1875,0.7113,0.31573,32.317,0.61692,0.08259,0.5401,108.91,33.177,1698.57,MARGINAL,synthetic_physics
2357.9,26.6875,0.3836,0.27265,31.281,0.54555,0.08504,0.4398,191.28,26.977,966.42,REJECT,synthetic_physics
2445.0,27.8125,0.7396,0.29857,36.563,0.46528,0.06514,0.4119,106.25,27.678,1722.21,GOOD,synthetic_physics
2403.1,33.3125,0.828,0.39777,44.0,0.48847,0.05085,0.4262,56.71,32.981,2162.55,GOOD,synthetic_physics
2410.3,30.6875,0.5036,0.19223,36.285,0.53775,0.09671,0.4775,155.2,30.551,1287.13,REJECT,synthetic_physics
2317.7,24.625,1.7028,0.41871,39.509,0.51589,0.11152,0.5651,47.26,24.471,2246.59,REJECT,synthetic_physics
2456.3,23.625,0.5712,0.34293,35.042,0.46232,0.06252,0.3725,129.7,23.783,1513.76,MARGINAL,synthetic_physics
2335.4,32.75,0.8168,0.37535,39.534,0.48683,0.07786,0.4794,95.13,32.942,1821.07,GOOD,synthetic_physics
2397.4,26.4375,0.5609,0.2835,33.762,0.56033,0.07785,0.4428,140.95,26.459,1413.79,MARGINAL,synthetic_physics
2501.4,34.4375,0.4822,0.24263,32.2,0.4597,0.05872,0.3548,164.83,34.205,1201.49,REJECT,synthetic_physics
2362.0,31.4375,0.7498,0.32471,36.487,0.44184,0.06796,0.47,92.62,31.42,1843.41,GOOD,synthetic_physics
2439.3,34.125,0.5992,0.34068,38.32,0.50313,0.05151,0.4161,134.67,34.344,1469.56,MARGINAL,synthetic_physics
2337.8,32.6875,0.8566,0.45087,37.403,0.55571,0.09292,0.5095,53.2,33.086,2193.77,MARGINAL,synthetic_physics
2246.7,24.5625,0.3835,0.15379,27.922,0.80404,0.13635,0.6367,196.46,24.559,920.31,REJECT,synthetic_physics
2428.9,33.625,0.8384,0.42025,41.925,0.51612,0.05402,0.448,52.67,33.669,2198.45,GOOD,synthetic_physics
2395.0,28.0,0.5888,0.30802,35.625,0.50869,0.06161,0.3596,123.85,28.23,1565.75,MARGINAL,synthetic_physics
2344.2,24.75,0.8642,0.41353,40.33,0.45538,0.10864,0.5323,69.27,24.445,2050.9,MARGINAL,synthetic_physics
2488.5,25.375,1.0111,0.52122,44.0,0.36112,0.0533,0.3921,31.56,25.565,2386.16,MARGINAL,synthetic_physics
2381.3,28.125,0.7918,0.35251,33.632,0.46599,0.08763,0.4757,87.28,27.984,1890.84,GOOD,synthetic_physics
2300.7,34.0,0.8632,0.27588,38.132,0.61534,0.10782,0.5741,83.52,34.147,1924.27,REJECT,synthetic_physics
2278.2,34.0,0.4023,0.1921,31.076,0.74768,0.09928,0.5452,180.83,34.129,1059.3,REJECT,synthetic_physics
2503.8,28.1875,0.8538,0.43285,40.667,0.29623,0.03844,0.3546,64.87,28.462,2090.01,MARGINAL,synthetic_physics
2260.4,28.8125,1.0438,0.45001,44.0,0.62823,0.10774,0.6258,15.61,28.9,2527.95,REJECT,synthetic_physics
2442.6,17.8125,0.7123,0.32501,38.382,0.418,0.04948,0.3705,101.06,18.062,1768.35,MARGINAL,synthetic_physics
2452.2,30.1875,0.8756,0.45752,40.057,0.42443,0.05105,0.3978,56.89,30.289,2160.97,MARGINAL,synthetic_physics
2478.8,30.375,1.0336,0.45515,44.0,0.39826,0.03211,0.391,26.03,29.866,2435.26,MARGINAL,synthetic_physics
2274.1,31.9375,0.4221,0.14149,25.95,0.66315,0.10502,0.532,178.15,32.065,1083.1,REJECT,synthetic_physics
2340.2,31.0,1.05,0.51785,42.947,0.4941,0.09524,0.4877,12.98,31.212,2551.3,MARGINAL,synthetic_physics
2349.1,31.25,0.9962,0.46932,42.169,0.44252,0.07668,0.5094,16.48,30.965,2520.17,MARGINAL,synthetic_physics
2348.3,35.5625,0.5382,0.16824,28.843,0.61623,0.12636,0.5304,161.86,35.747,1227.88,REJECT,synthetic_physics
2400.7,41.125,0.7605,0.38536,38.421,0.39085,0.05455,0.3642,94.74,41.353,1824.53,REJECT,synthetic_physics
2296.7,22.9375,0.5502,0.18717,27.373,0.64614,0.13333,0.5896,150.04,23.249,1333.02,REJECT,synthetic_physics
2391.8,28.6875,0.7588,0.36839,32.604,0.57658,0.08106,0.4537,71.52,28.498,2030.95,GOOD,synthetic_physics
2389.4,30.125,0.8015,0.28754,30.77,0.59154,0.07719,0.4628,104.03,30.095,1741.98,GOOD,synthetic_physics
2328.9,25.625,0.764,0.3475,40.413,0.664,0.10798,0.5603,77.12,25.926,1981.18,REJECT,synthetic_physics
2250.0,28.875,0.3341,0.17668,24.525,0.68635,0.14203,0.6345,209.04,28.968,808.57,REJECT,synthetic_physics
2492.5,29.1875,0.9369,0.45959,44.0,0.31495,0.05583,0.3545,48.24,29.605,2237.91,MARGINAL,synthetic_physics
2373.3,22.375,1.0172,0.48729,44.0,0.49302,0.07262,0.4947,16.05,22.544,2524.04,MARGINAL,synthetic_physics
2488.5,22.8125,0.6946,0.37,39.756,0.40348,0.05875,0.4025,111.18,22.518,1678.37,GOOD,synthetic_physics
2478.0,36.25,0.9232,0.4956,44.0,0.33339,0.06084,0.3508,53.29,36.048,2192.98,MARGINAL,synthetic_physics
2283.0,25.4375,1.1067,0.43177,42.427,0.63632,0.08199,0.5646,24.88,25.453,2445.52,REJECT,synthetic_physics
2420.8,28.3125,0.983,0.48291,44.0,0.3532,0.04799,0.3623,22.54,28.051,2466.34,MARGINAL,synthetic_physics
2332.2,29.75,0.6564,0.23338,32.438,0.47695,0.07756,0.4686,114.94,29.536,1644.96,GOOD,synthetic_physics
2353.1,30.5625,0.7224,0.38013,42.829,0.38688,0.07753,0.4181,82.53,30.347,1933.02,GOOD,synthetic_physics
2457.9,36.6875,0.7211,0.34997,36.661,0.48346,0.09151,0.4657,87.98,36.299,1884.66,MARGINAL,synthetic_physics
2375.7,33.625,0.7004,0.27831,35.329,0.63763,0.09206,0.4857,116.49,33.594,1631.16,GOOD,synthetic_physics
2437.7,33.0625,0.321,0.20555,30.87,0.58462,0.08455,0.4655,210.53,33.073,795.25,REJECT,synthetic_physics
2443.4,19.0,0.6923,0.28917,38.67,0.43132,0.059,0.4262,97.83,19.42,1797.06,GOOD,synthetic_physics
2515.1,28.3125,0.4002,0.30836,33.962,0.33795,0.0284,0.3055,202.52,28.466,866.46,REJECT,synthetic_physics
2396.6,31.125,0.5868,0.2722,30.292,0.43527,0.06401,0.3717,140.15,31.263,1420.9,MARGINAL,synthetic_physics
2190.3,24.6875,0.8204,0.34944,38.232,0.69931,0.1141,0.6031,79.76,24.718,1957.67,REJECT,synthetic_physics
2275.8,29.125,0.6446,0.17043,29.842,0.74471,0.10695,0.6264,162.67,29.05,1220.71,REJECT,synthetic_physics
2511.9,34.125,0.5737,0.29986,36.542,0.43678,0.05437,0.3231,127.18,34.114,1536.18,REJECT,synthetic_physics
2423.2,30.8125,0.7598,0.44047,38.889,0.45025,0.08277,0.4333,87.5,30.803,1888.85,GOOD,synthetic_physics
2364.4,23.5,0.8722,0.37818,36.92,0.4667,0.08727,0.4697,83.08,23.413,1928.18,GOOD,synthetic_physics
2233.8,32.5,0.7959,0.37565,40.233,0.52324,0.08446,0.5071,61.19,32.356,2122.79,MARGINAL,synthetic_physics
2297.5,26.75,0.6713,0.28535,34.706,0.62851,0.09791,0.5326,101.23,26.589,1766.85,MARGINAL,synthetic_physics
2320.9,32.5,0.6959,0.29396,34.625,0.46122,0.07727,0.4657,112.21,32.661,1669.21,GOOD,synthetic_physics
2529.6,24.8125,0.8543,0.45754,41.918,0.32347,0.03908,0.3285,44.94,24.581,2267.17,REJECT,synthetic_physics
2403.1,22.5,0.7748,0.41918,34.468,0.46105,0.08303,0.4804,73.16,22.32,2016.31,GOOD,synthetic_physics
2411.1,45.0625,0.375,0.19881,30.203,0.59465,0.10796,0.534,188.7,44.627,989.29,REJECT,synthetic_physics
2515.9,25.375,0.596,0.30321,32.841,0.58874,0.04674,0.4059,122.33,25.139,1579.25,GOOD,synthetic_physics
2429.7,30.9375,0.7233,0.3897,37.548,0.45671,0.07273,0.4273,108.83,30.536,1699.28,GOOD,synthetic_physics
2398.2,35.8125,0.5878,0.30815,34.335,0.47608,0.07857,0.4249,137.7,35.793,1442.67,MARGINAL,synthetic_physics
2281.4,25.4375,0.8389,0.48104,42.65,0.52408,0.08752,0.4683,38.11,25.259,2327.89,MARGINAL,synthetic_physics
2474.0,26.875,0.9531,0.54841,44.0,0.23065,0.03376,0.3624,36.47,26.993,2342.5,MARGINAL,synthetic_physics
2636.0,15.0625,0.5281,0.22608,32.925,0.3248,0.04297,0.3277,159.71,14.698,1247.0,REJECT,synthetic_physics
2333.0,30.0,0.6145,0.2097,29.73,0.49589,0.10644,0.5007,125.6,29.958,1550.26,MARGINAL,synthetic_physics
2370.8,30.125,0.8335,0.41673,35.465,0.37674,0.05568,0.4236,89.76,30.297,1868.77,GOOD,synthetic_physics
2419.2,30.5625,0.7785,0.39176,41.545,0.41926,0.05616,0.4023,68.45,30.578,2058.18,GOOD,synthetic_physics
2270.9,27.75,0.9494,0.53195,40.138,0.52839,0.11745,0.6086,17.62,27.814,2510.04,REJECT,synthetic_physics
2304.0,32.4375,0.8991,0.42804,40.024,0.56938,0.11735,0.5517,48.09,32.119,2239.23,REJECT,synthetic_physics
2307.2,33.375,0.5255,0.19851,32.394,0.52983,0.12403,0.5446,129.19,33.106,1518.29,MARGINAL,synthetic_physics
2333.0,30.3125,0.4627,0.20598,32.161,0.65336,0.13094,0.5827,161.37,30.17,1232.31,REJECT,synthetic_physics
2381.3,26.5625,0.7933,0.36284,41.697,0.40899,0.07903,0.4201,70.97,26.397,2035.83,GOOD,synthetic_physics
2413.6,33.9375,0.8036,0.43285,40.618,0.40465,0.06862,0.4428,53.63,33.346,2189.92,GOOD,synthetic_physics
2320.9,31.9375,0.8425,0.36016,37.659,0.38099,0.08039,0.442,94.03,32.088,1830.8,GOOD,synthetic_physics
2486.1,36.75,0.9806,0.50861,43.63,0.37781,0.02242,0.3287,31.99,36.821,2382.28,REJECT,synthetic_physics
2328.9,33.4375,1.0716,0.45354,44.0,0.50569,0.06797,0.4818,11.29,33.334,2566.31,MARGINAL,synthetic_physics
2312.8,39.875,0.4953,0.22514,27.106,0.67573,0.11127,0.5836,176.45,40.136,1098.26,REJECT,synthetic_physics
2330.5,28.625,0.7024,0.2825,36.708,0.53978,0.09856,0.5149,83.16,28.931,1927.49,MARGINAL,synthetic_physics
2301.5,24.25,0.5013,0.23495,31.331,0.62259,0.12256,0.5444,164.09,24.263,1208.09,REJECT,synthetic_physics
2473.2,19.0,0.7233,0.29055,34.516,0.46767,0.0926,0.484,104.11,19.161,1741.23,GOOD,synthetic_physics
2449.8,18.875,0.8458,0.49318,44.0,0.40374,0.03896,0.4281,57.3,18.842,2157.37,GOOD,synthetic_physics
2449.8,27.75,0.4902,0.24877,35.24,0.42592,0.04244,0.3518,161.26,27.907,1233.26,REJECT,synthetic_physics
2219.3,43.375,0.5628,0.15316,32.464,0.67909,0.0965,0.6314,135.11,43.022,1465.71,REJECT,synthetic_physics
2353.1,30.6875,0.6959,0.31178,30.253,0.52979,0.07869,0.4688,128.45,30.554,1524.89,MARGINAL,synthetic_physics
2357.1,18.75,0.7964,0.36653,37.704,0.47189,0.06673,0.4679,63.65,18.972,2100.91,GOOD,synthetic_physics
2395.0,33.8125,0.6581,0.4093,41.389,0.3793,0.04732,0.3512,105.82,33.755,1726.0,MARGINAL,synthetic_physics
2474.0,28.4375,0.9554,0.48586,42.2,0.4078,0.04164,0.3723,70.42,28.632,2040.71,MARGINAL,synthetic_physics
2276.6,38.0,0.3636,0.23437,29.312,0.59937,0.12718,0.5374,204.5,37.974,848.87,REJECT,synthetic_physics
2213.7,41.25,0.7121,0.26363,29.123,0.64972,0.13349,0.6368,115.25,41.064,1642.22,REJECT,synthetic_physics
2302.3,26.75,0.835,0.42599,37.946,0.47934,0.09418,0.4973,69.08,27.222,2052.59,GOOD,synthetic_physics
2467.5,27.5,0.7948,0.39169,38.961,0.39867,0.04551,0.4015,86.15,27.631,1900.92,GOOD,synthetic_physics
2345.9,17.625,0.7854,0.36636,37.49,0.53847,0.09574,0.5121,80.82,17.639,1948.27,MARGINAL,synthetic_physics
2274.9,28.5,0.376,0.17788,32.359,0.76223,0.12296,0.5909,205.8,28.348,837.29,REJECT,synthetic_physics
2566.7,24.6875,0.8443,0.41199,44.0,0.34221,0.03579,0.31,63.03,24.761,2106.44,REJECT,synthetic_physics
2335.4,21.5625,0.9368,0.42969,39.354,0.55737,0.0981,0.5439,40.87,21.366,2303.39,MARGINAL,synthetic_physics
2457.1,27.625,0.8522,0.39239,40.959,0.4489,0.05366,0.3862,68.65,27.472,2056.45,MARGINAL,synthetic_physics
2324.1,35.5625,0.3569,0.10325,27.201,0.66347,0.12203,0.5514,212.35,35.457,779.1,REJECT,synthetic_physics
2335.4,34.8125,0.6887,0.31714,37.774,0.63778,0.11297,0.5198,112.73,34.97,1664.62,MARGINAL,synthetic_physics
2387.8,26.0625,0.8085,0.45789,37.365,0.39603,0.0738,0.4516,64.38,25.785,2094.36,GOOD,synthetic_physics
2446.6,26.625,0.5105,0.2581,32.256,0.50255,0.06971,0.4588,164.0,27.052,1208.89,REJECT,synthetic_physics
2483.7,24.1875,0.3107,0.3005,30.346,0.51106,0.04628,0.3923,216.15,23.949,745.3,REJECT,synthetic_physics
2416.8,20.1875,0.7291,0.40473,36.276,0.38718,0.07169,0.4129,95.57,20.223,1817.16,GOOD,synthetic_physics
2385.3,29.0,0.5633,0.29002,34.289,0.56344,0.09488,0.4624,120.21,29.174,1598.14,GOOD,synthetic_physics
2367.6,26.5,0.7932,0.3161,37.347,0.61033,0.09274,0.53,100.88,26.614,1769.96,MARGINAL,synthetic_physics
2280.6,24.8125,0.6293,0.34004,36.878,0.58431,0.08605,0.4835,104.98,25.099,1733.52,GOOD,synthetic_physics
2407.9,25.0625,0.8953,0.38449,35.972,0.67508,0.10039,0.5238,77.19,24.894,1980.54,MARGINAL,synthetic_physics
2353.9,42.6875,0.7298,0.37456,35.782,0.41761,0.08781,0.4425,89.36,42.924,1872.38,REJECT,synthetic_physics
2342.6,33.75,0.7325,0.39156,36.049,0.50384,0.10922,0.445,81.29,33.763,1944.08,GOOD,synthetic_physics
2488.5,23.5625,0.981,0.50546,40.271,0.30178,0.02533,0.3344,41.65,23.733,2296.48,REJECT,synthetic_physics
2370.0,26.6875,0.863,0.42541,40.975,0.50758,0.07506,0.4597,53.05,26.693,2195.07,GOOD,synthetic_physics
2284.6,28.375,0.8935,0.43128,42.136,0.55151,0.10865,0.5711,35.91,28.578,2347.43,REJECT,synthetic_physics
2266.1,26.4375,0.8289,0.32434,39.587,0.63833,0.12607,0.6247,71.65,26.403,2029.76,REJECT,synthetic_physics
2255.6,33.9375,0.7881,0.34108,31.034,0.71625,0.10475,0.5881,78.66,33.888,1967.5,REJECT,synthetic_physics
2345.9,38.125,0.8102,0.36757,33.594,0.55935,0.06994,0.4704,86.53,38.06,1897.5,MARGINAL,synthetic_physics
2521.5,33.5,0.7076,0.36782,39.074,0.36243,0.03722,0.4088,95.58,33.48,1817.05,GOOD,synthetic_physics
2205.6,31.125,0.5541,0.16798,27.91,0.71746,0.11483,0.6201,139.88,30.722,1423.26,REJECT,synthetic_physics
2308.8,30.6875,0.4961,0.17733,28.865,0.63805,0.11127,0.559,155.05,30.524,1288.41,REJECT,synthetic_physics
2348.3,32.875,0.9419,0.47667,40.15,0.50772,0.08554,0.5072,47.79,32.961,2241.88,MARGINAL,synthetic_physics
2304.0,34.4375,1.0212,0.46675,40.22,0.65055,0.13034,0.6448,16.46,34.195,2520.36,REJECT,synthetic_physics
2458.7,33.1875,0.746,0.33318,38.848,0.58889,0.07865,0.4775,107.95,32.907,1707.15,GOOD,synthetic_physics
2277.4,27.625,0.601,0.24662,29.814,0.5182,0.12276,0.5394,142.55,27.878,1399.56,MARGINAL,synthetic_physics
2419.2,31.0,0.7351,0.42673,42.209,0.37109,0.05335,0.3451,69.3,30.915,2050.69,REJECT,synthetic_physics
2345.9,36.4375,0.7639,0.38049,37.466,0.45951,0.11282,0.4365,72.35,36.494,2023.56,MARGINAL,synthetic_physics
2557.0,24.5625,0.311,0.33975,32.352,0.46421,0.08239,0.3283,210.26,24.751,797.7,REJECT,synthetic_physics
2486.9,35.5,0.4587,0.32992,33.922,0.41288,0.06219,0.3658,192.51,35.634,955.48,REJECT,synthetic_physics
2295.9,30.125,0.3021,0.24019,33.163,0.61625,0.10738,0.5273,218.83,30.106,721.5,REJECT,synthetic_physics
2456.3,20.875,0.7392,0.32903,38.422,0.51793,0.07411,0.4278,98.91,21.219,1787.47,GOOD,synthetic_physics
2389.4,28.4375,0.796,0.36037,41.466,0.45644,0.07599,0.4283,88.46,28.645,1880.36,GOOD,synthetic_physics
2380.5,29.25,0.9002,0.47932,43.825,0.37982,0.06527,0.4219,58.99,29.284,2142.32,GOOD,synthetic_physics
2532.8,32.625,0.2967,0.18342,34.947,0.41901,0.06181,0.334,219.2,32.511,718.18,REJECT,synthetic_physics
2288.6,38.9375,0.3701,0.16602,28.979,0.70996,0.1146,0.5492,191.93,39.036,960.66,REJECT,synthetic_physics
2281.4,27.625,0.9576,0.49262,44.0,0.5003,0.09598,0.5496,23.39,27.714,2458.77,MARGINAL,synthetic_physics
2340.2,27.3125,0.6686,0.33427,34.987,0.4049,0.0755,0.4399,114.9,27.261,1645.33,GOOD,synthetic_physics
2358.8,29.5,0.7272,0.41339,33.624,0.38822,0.05302,0.447,96.11,29.569,1812.32,GOOD,synthetic_physics
2423.2,36.375,0.7923,0.38068,36.131,0.47009,0.08118,0.4731,84.52,36.292,1915.4,MARGINAL,synthetic_physics
2305.6,15.125,0.9876,0.51731,43.265,0.43826,0.07373,0.4666,22.61,14.65,2465.69,MARGINAL,synthetic_physics
2427.3,34.125,0.7809,0.33011,36.93,0.35974,0.07834,0.3792,98.65,33.731,1789.75,MARGINAL,synthetic_physics
2319.3,21.6875,0.6139,0.23171,29.163,0.67419,0.1131,0.5964,142.79,21.861,1397.41,REJECT,synthetic_physics
2362.0,26.0,0.7454,0.33422,39.19,0.58343,0.1085,0.516,87.97,26.117,1884.71,MARGINAL,synthetic_physics
2314.4,36.625,0.4111,0.20876,30.713,0.64037,0.08353,0.5061,203.44,36.859,858.28,REJECT,synthetic_physics
2276.6,32.8125,0.7961,0.33773,39.543,0.5387,0.08893,0.5255,80.31,32.895,1952.76,MARGINAL,synthetic_physics
2419.2,28.5,0.9427,0.5036,39.721,0.46329,0.05627,0.4442,48.25,28.036,2237.74,MARGINAL,synthetic_physics
2449.0,30.625,0.731,0.32496,33.53,0.4085,0.07328,0.4368,104.58,30.723,1737.05,GOOD,synthetic_physics
2331.4,34.625,0.8781,0.33345,35.974,0.57103,0.11713,0.6098,60.5,34.758,2128.87,REJECT,synthetic_physics
2349.1,36.625,1.0424,0.47364,44.0,0.45334,0.06886,0.4275,18.43,36.919,2502.82,MARGINAL,synthetic_physics
2240.3,36.625,0.5765,0.24983,30.81,0.62985,0.11676,0.6056,116.82,36.104,1628.28,REJECT,synthetic_physics
2435.3,24.0625,0.9346,0.44394,39.592,0.37521,0.07423,0.418,59.1,24.538,2141.37,GOOD,synthetic_physics
2364.4,30.4375,0.8551,0.46127,41.609,0.40492,0.07335,0.4703,48.39,30.441,2236.51,MARGINAL,synthetic_physics
2390.2,35.3125,0.64,0.30359,37.229,0.39714,0.04053,0.3802,114.09,35.279,1652.51,MARGINAL,synthetic_physics
2492.5,30.8125,0.6003,0.30437,34.5,0.51078,0.06212,0.4045,142.01,31.077,1404.38,MARGINAL,synthetic_physics
2436.1,37.875,0.9408,0.52855,44.0,0.38318,0.03637,0.3933,17.17,38.021,2514.06,MARGINAL,synthetic_physics
2312.8,32.1875,0.9673,0.48339,43.32,0.50658,0.11682,0.5481,21.76,32.16,2473.22,MARGINAL,synthetic_physics
2266.9,39.6875,0.4854,0.18869,33.556,0.6438,0.08937,0.5276,178.99,39.614,1075.65,REJECT,synthetic_physics
2406.3,29.5,0.5408,0.33003,30.297,0.5368,0.08278,0.3919,159.44,29.001,1249.41,REJECT,synthetic_physics
2444.2,31.4375,0.7922,0.34816,37.234,0.4072,0.0498,0.3655,111.58,31.734,1674.8,MARGINAL,synthetic_physics
2352.3,40.375,1.1439,0.39902,40.164,0.49078,0.09626,0.5361,16.08,40.779,2523.72,REJECT,synthetic_physics
2434.5,23.8125,0.5826,0.29829,33.042,0.4718,0.05768,0.4002,149.48,23.581,1337.97,MARGINAL,synthetic_physics
2308.0,31.0,0.5755,0.26913,31.968,0.66174,0.10258,0.5612,131.91,30.904,1494.12,REJECT,synthetic_physics
2372.5,31.8125,1.0352,0.54853,44.0,0.32237,0.03844,0.4041,13.28,31.911,2548.59,MARGINAL,synthetic_physics
2375.7,30.125,0.8044,0.35119,35.708,0.46525,0.0612,0.4278,65.68,30.136,2082.82,GOOD,synthetic_physics
2352.3,35.875,0.8291,0.37287,38.925,0.50115,0.07481,0.5041,60.86,35.872,2125.7,MARGINAL,synthetic_physics
2482.9,23.6875,0.7259,0.40625,42.175,0.36159,0.04163,0.3855,77.06,23.8,1981.71,MARGINAL,synthetic_physics
2302.3,31.3125,0.5729,0.23313,30.542,0.62605,0.0877,0.4982,140.72,31.229,1415.8,MARGINAL,synthetic_physics
2407.1,32.75,0.6762,0.2678,37.001,0.54296,0.05988,0.433,131.5,33.059,1497.82,MARGINAL,synthetic_physics
2256.4,28.25,1.0087,0.47531,41.479,0.60613,0.05709,0.5344,47.77,28.348,2242.08,MARGINAL,synthetic_physics
2339.4,32.8125,1.0646,0.433,40.387,0.40171,0.07662,0.4825,22.43,32.751,2467.3,MARGINAL,synthetic_physics
2404.7,36.25,0.674,0.29996,35.641,0.40564,0.0878,0.4487,108.45,36.266,1702.66,MARGINAL,synthetic_physics
2279.0,27.125,0.9589,0.37756,39.295,0.64124,0.12379,0.6473,32.9,27.265,2374.25,REJECT,synthetic_physics
2441.8,20.9375,0.6913,0.22251,39.668,0.49234,0.09093,0.4549,107.78,20.847,1708.62,GOOD,synthetic_physics
2408.7,34.625,0.7258,0.35964,40.982,0.49093,0.07495,0.4024,102.54,34.757,1755.17,GOOD,synthetic_physics
2457.1,29.625,0.6279,0.36538,35.804,0.41991,0.0722,0.4002,98.53,29.629,1790.82,GOOD,synthetic_physics
2304.8,25.75,0.7731,0.4138,39.096,0.52703,0.09036,0.4977,77.95,25.703,1973.79,GOOD,synthetic_physics
2238.7,31.8125,0.4718,0.18117,31.213,0.62636,0.11764,0.597,157.52,32.163,1266.46,REJECT,synthetic_physics
2600.5,29.5625,0.7302,0.40734,41.158,0.41673,0.05689,0.3657,94.68,29.753,1825.11,MARGINAL,synthetic_physics
2353.9,26.4375,0.877,0.48317,38.803,0.61441,0.09654,0.5306,41.57,25.911,2297.14,MARGINAL,synthetic_physics
2570.7,26.9375,0.9273,0.52527,40.658,0.37292,0.06211,0.3192,41.75,27.002,2295.58,REJECT,synthetic_physics
2316.8,36.8125,0.8593,0.4223,40.23,0.64383,0.07028,0.5186,51.39,36.686,2209.87,MARGINAL,synthetic_physics
2387.8,29.5,0.7052,0.37001,38.175,0.47299,0.08363,0.4797,95.67,29.347,1816.25,GOOD,synthetic_physics
2382.9,19.375,0.7804,0.33048,35.029,0.57253,0.09171,0.478,88.94,19.303,1876.06,GOOD,synthetic_physics
2432.9,23.375,0.4453,0.22686,28.461,0.40682,0.07002,0.4184,164.04,23.531,1208.52,REJECT,synthetic_physics
2483.7,42.8125,0.8726,0.45846,42.099,0.2995,0.05557,0.3725,57.18,42.895,2158.36,REJECT,synthetic_physics
2390.2,35.75,0.5567,0.28799,32.24,0.56098,0.06401,0.4399,134.96,35.726,1467.03,MARGINAL,synthetic_physics
2305.6,31.5625,0.827,0.38662,42.826,0.44625,0.05176,0.417,64.38,31.203,2094.4,GOOD,synthetic_physics
2374.1,34.4375,0.9185,0.55292,42.692,0.47028,0.06771,0.4652,43.06,34.4,2283.89,MARGINAL,synthetic_physics
2276.6,27.5,0.4412,0.17337,26.884,0.71614,0.12862,0.6061,179.34,27.585,1072.52,REJECT,synthetic_physics
2424.0,27.3125,0.723,0.39385,39.847,0.50007,0.05223,0.4286,74.22,27.401,2006.93,GOOD,synthetic_physics
2457.1,31.125,0.9121,0.49391,44.0,0.39289,0.05586,0.3427,38.01,31.129,2328.8,REJECT,synthetic_physics
2399.9,27.3125,0.4756,0.21198,27.754,0.61905,0.11407,0.5108,178.56,27.397,1079.43,REJECT,synthetic_physics
2446.6,23.75,0.5727,0.24703,28.932,0.474,0.06522,0.4647,151.41,23.484,1320.83,REJECT,synthetic_physics
2323.3,33.6875,0.7672,0.28084,38.695,0.47303,0.09114,0.5247,78.78,33.691,1966.36,MARGINAL,synthetic_physics
2419.2,32.0625,0.6995,0.19166,36.369,0.50921,0.08868,0.4284,106.97,31.888,1715.85,GOOD,synthetic_physics
2456.3,34.0,0.8597,0.49569,43.016,0.40227,0.06098,0.4003,40.08,33.989,2310.39,MARGINAL,synthetic_physics
2269.3,42.125,1.0053,0.57139,44.0,0.4863,0.092,0.4717,19.75,41.857,2491.11,REJECT,synthetic_physics
2279.8,24.25,0.892,0.34623,37.821,0.54161,0.08052,0.4827,78.14,24.233,1972.06,GOOD,synthetic_physics
2343.4,39.9375,0.8812,0.37622,40.875,0.51071,0.0795,0.4995,55.16,39.767,2176.37,MARGINAL,synthetic_physics
2361.2,20.625,0.7269,0.37835,38.847,0.47905,0.07786,0.4742,85.38,20.539,1907.71,GOOD,synthetic_physics
2225.8,26.5,0.3678,0.16725,31.18,0.70337,0.12983,0.6234,203.74,26.911,855.66,REJECT,synthetic_physics
2420.0,21.8125,0.4703,0.22962,29.652,0.41421,0.07774,0.433,177.02,21.684,1093.2,REJECT,synthetic_physics
2288.6,36.6875,0.876,0.44203,38.854,0.61418,0.08986,0.5235,47.65,36.748,2243.15,MARGINAL,synthetic_physics
2382.9,26.5,0.8073,0.38755,35.493,0.54239,0.07701,0.4448,75.71,26.755,1993.66,GOOD,synthetic_physics
2443.4,28.3125,0.4671,0.19464,35.079,0.54539,0.05831,0.3986,179.94,28.113,1067.16,REJECT,synthetic_physics
2316.8,30.25,0.4746,0.26059,32.024,0.57228,0.08744,0.4469,174.39,30.335,1116.57,REJECT,synthetic_physics
2450.6,24.5625,0.9329,0.51702,43.124,0.36594,0.06431,0.4384,19.86,24.753,2490.17,MARGINAL,synthetic_physics
2383.7,26.3125,0.6458,0.3361,35.745,0.53151,0.07996,0.4449,122.08,26.231,1581.55,GOOD,synthetic_physics
2441.8,28.0625,0.9082,0.48399,44.0,0.4824,0.08275,0.4726,34.44,27.482,2360.49,MARGINAL,synthetic_physics
2450.6,28.375,1.0232,0.53385,43.644,0.24013,0.0619,0.3289,20.93,28.464,2480.62,REJECT,synthetic_physics
2236.3,41.8125,0.4663,0.16238,31.246,0.62861,0.08458,0.4635,181.78,41.802,1050.82,REJECT,synthetic_physics
2524.8,38.375,0.4438,0.33909,31.581,0.42002,0.0417,0.3173,169.45,37.885,1160.45,REJECT,synthetic_physics
2337.8,26.375,0.6914,0.34362,33.26,0.54777,0.09438,0.5207,97.2,26.441,1802.65,MARGINAL,synthetic_physics
2475.6,29.9375,0.5499,0.26137,36.018,0.51221,0.06288,0.3752,142.04,29.732,1404.09,MARGINAL,synthetic_physics
2471.6,34.5625,0.7907,0.38755,34.338,0.47139,0.06107,0.4243,110.59,34.549,1683.61,GOOD,synthetic_physics
2383.7,28.625,1.0101,0.40184,43.402,0.4839,0.06904,0.5193,19.89,28.421,2489.84,MARGINAL,synthetic_physics
2411.9,31.3125,0.9558,0.41721,41.281,0.52836,0.05481,0.4463,56.77,31.389,2162.08,GOOD,synthetic_physics
2383.7,20.75,0.7783,0.41963,39.306,0.39987,0.0795,0.4169,82.29,20.724,1935.18,GOOD,synthetic_physics
2414.4,32.3125,0.6788,0.33033,34.854,0.43073,0.07338,0.4058,115.51,32.063,1639.88,GOOD,synthetic_physics
2445.0,27.75,0.8257,0.45764,41.024,0.46387,0.04586,0.3884,60.83,27.708,2125.97,MARGINAL,synthetic_physics
2548.9,26.25,0.4297,0.17031,37.617,0.36504,0.02955,0.3578,194.13,26.305,941.11,REJECT,synthetic_physics
2531.2,29.9375,0.7013,0.29501,37.725,0.42747,0.09263,0.4249,109.68,29.837,1691.77,GOOD,synthetic_physics
2312.0,23.625,0.3698,0.20186,29.183,0.66227,0.11218,0.5444,201.33,23.596,877.06,REJECT,synthetic_physics
2387.0,31.5,0.5679,0.18655,29.512,0.52742,0.09679,0.4964,145.6,31.497,1372.49,MARGINAL,synthetic_physics
2436.1,31.4375,0.8599,0.49091,39.693,0.41723,0.05614,0.4044,61.13,30.996,2123.33,GOOD,synthetic_physics
2403.9,31.375,0.6948,0.33572,35.895,0.45341,0.0706,0.4622,111.52,31.27,1675.42,GOOD,synthetic_physics
2494.1,32.9375,0.4014,0.37724,32.187,0.48135,0.04372,0.3453,186.67,33.28,1007.36,REJECT,synthetic_physics
2363.6,33.625,0.552,0.23157,33.911,0.52805,0.07857,0.4245,140.91,33.433,1414.16,MARGINAL,synthetic_physics
2406.3,33.3125,0.9694,0.44311,41.348,0.46675,0.06847,0.4906,43.99,33.548,2275.64,MARGINAL,synthetic_physics
2391.8,22.6875,0.6658,0.27919,35.278,0.46878,0.07631,0.439,102.78,22.752,1753.03,GOOD,synthetic_physics
2269.3,36.8125,0.6641,0.30586,37.71,0.47076,0.11384,0.5319,115.84,36.771,1636.97,MARGINAL,synthetic_physics
2542.5,21.0625,0.5158,0.26453,35.455,0.40995,0.07489,0.3192,148.5,21.322,1346.65,REJECT,synthetic_physics
2424.0,24.125,0.7443,0.36873,36.711,0.5378,0.09,0.4745,81.15,24.271,1945.36,GOOD,synthetic_physics
2326.5,27.125,0.742,0.34766,41.325,0.49006,0.08181,0.51,99.25,27.093,1784.46,MARGINAL,synthetic_physics
2387.0,31.1875,0.7993,0.348,37.196,0.5517,0.07639,0.4801,86.05,31.149,1901.76,GOOD,synthetic_physics
2399.9,30.375,0.8177,0.34417,38.182,0.50382,0.06953,0.4587,86.09,29.924,1901.44,GOOD,synthetic_physics
2420.8,27.25,1.0929,0.51035,44.0,0.51872,0.07576,0.4584,12.94,27.84,2551.61,MARGINAL,synthetic_physics
2402.3,32.8125,0.7712,0.42812,39.461,0.48933,0.07077,0.4548,75.59,33.123,1994.71,GOOD,synthetic_physics
2345.1,37.375,0.6607,0.33501,39.298,0.46658,0.06403,0.4284,112.56,37.201,1666.13,MARGINAL,synthetic_physics
2328.9,32.0,0.351,0.25127,31.505,0.61925,0.13002,0.5747,208.41,31.6,814.12,REJECT,synthetic_physics
2515.9,28.5,1.0824,0.52983,44.0,0.33367,0.04746,0.3468,19.83,28.519,2490.4,REJECT,synthetic_physics
2503.0,25.125,0.6528,0.31943,38.604,0.61528,0.08239,0.4341,101.88,25.207,1761.08,GOOD,synthetic_physics
2508.6,29.9375,0.7654,0.39628,38.888,0.52394,0.07227,0.4193,86.27,30.246,1899.8,GOOD,synthetic_physics
2247.5,24.0625,0.9797,0.44461,39.406,0.60847,0.11632,0.5897,29.86,24.047,2401.24,REJECT,synthetic_physics
2332.2,31.9375,0.776,0.323,33.523,0.68167,0.11338,0.6006,76.38,31.895,1987.77,REJECT,synthetic_physics
2443.4,39.3125,1.0863,0.54844,42.572,0.37559,0.05319,0.4055,16.91,39.685,2516.39,MARGINAL,synthetic_physics
2395.8,21.4375,0.7889,0.3787,39.334,0.38535,0.06484,0.4468,74.99,21.169,2000.1,GOOD,synthetic_physics
2419.2,33.625,0.898,0.47054,40.232,0.40635,0.07338,0.4124,58.26,33.719,2148.8,GOOD,synthetic_physics
2216.1,28.0625,0.796,0.31584,35.966,0.50114,0.10652,0.5258,82.6,28.241,1932.45,MARGINAL,synthetic_physics
2267.7,31.375,0.4382,0.15432,30.292,0.69339,0.09415,0.6079,178.65,31.504,1078.65,REJECT,synthetic_physics
2382.9,31.4375,0.7338,0.40882,40.529,0.4397,0.05331,0.4218,83.01,31.49,1928.78,GOOD,synthetic_physics
2345.1,28.5625,0.7496,0.38372,35.36,0.39006,0.06446,0.4211,104.2,28.113,1740.49,GOOD,synthetic_physics
2356.3,14.25,0.6992,0.33016,36.199,0.45014,0.06994,0.4574,97.1,14.049,1803.55,GOOD,synthetic_physics
2328.9,26.5625,0.8868,0.42476,44.0,0.40532,0.07679,0.4663,62.21,26.757,2113.67,GOOD,synthetic_physics
2396.6,39.875,0.3095,0.16097,26.814,0.70086,0.12276,0.5957,215.22,40.178,753.62,REJECT,synthetic_physics
2445.0,28.375,0.8565,0.36248,44.0,0.40122,0.07086,0.4054,61.04,28.189,2124.1,GOOD,synthetic_physics
2366.0,37.1875,0.9498,0.51856,42.324,0.48178,0.04864,0.4581,31.2,37.222,2389.33,MARGINAL,synthetic_physics
2293.5,30.125,0.4998,0.20925,27.606,0.61042,0.10619,0.5083,158.02,30.229,1262.08,REJECT,synthetic_physics
2354.7,38.875,0.2895,0.22246,34.295,0.45997,0.07493,0.4391,218.33,38.984,725.95,REJECT,synthetic_physics
2403.1,36.5625,0.8402,0.46781,40.8,0.622,0.06428,0.4258,71.3,36.308,2032.87,MARGINAL,synthetic_physics
2319.3,32.75,0.7743,0.33593,36.329,0.52877,0.08834,0.4991,90.67,32.254,1860.71,GOOD,synthetic_physics
2237.1,26.6875,0.2801,0.14004,28.9,0.72003,0.1273,0.6464,218.83,26.88,721.48,REJECT,synthetic_physics
2288.6,20.0625,0.8163,0.38889,33.959,0.63762,0.1165,0.6078,63.23,20.111,2104.65,REJECT,synthetic_physics
2418.4,26.875,0.8893,0.37329,38.507,0.54323,0.05119,0.4342,77.59,26.944,1977.01,GOOD,synthetic_physics
2407.9,29.3125,0.6719,0.3663,36.998,0.3944,0.09217,0.4521,98.05,29.379,1795.11,GOOD,synthetic_physics
2390.2,34.375,0.8391,0.44313,41.428,0.47417,0.06817,0.4125,67.06,34.476,2070.59,GOOD,synthetic_physics
2359.6,25.625,0.4511,0.23693,29.322,0.60828,0.1024,0.5205,189.29,25.499,984.05,REJECT,synthetic_physics
2295.1,37.625,0.5249,0.26664,28.808,0.4803,0.08428,0.5011,149.49,37.496,1337.84,MARGINAL,synthetic_physics
2490.1,28.125,0.6956,0.37413,38.162,0.44636,0.07525,0.3357,105.57,27.79,1728.26,REJECT,synthetic_physics
2388.6,31.9375,0.7349,0.39135,38.837,0.44156,0.08643,0.4599,88.07,32.104,1883.82,GOOD,synthetic_physics
2307.2,27.6875,0.8748,0.43547,38.817,0.50231,0.07192,0.517,55.59,27.494,2172.56,MARGINAL,synthetic_physics
2434.5,32.25,1.127,0.52655,44.0,0.31881,0.04329,0.3968,15.57,32.246,2528.25,MARGINAL,synthetic_physics
2397.4,40.625,0.8285,0.46266,40.999,0.45359,0.04564,0.3773,67.73,40.384,2064.61,REJECT,synthetic_physics
2342.6,31.6875,0.7666,0.35026,37.32,0.40527,0.03883,0.4221,103.36,31.935,1747.93,GOOD,synthetic_physics
2324.1,28.8125,0.6888,0.36334,36.27,0.47337,0.10344,0.4775,96.82,28.774,1806.01,GOOD,synthetic_physics
2457.9,37.9375,0.474,0.25641,40.771,0.38179,0.06129,0.3364,171.33,37.632,1143.73,REJECT,synthetic_physics
2215.3,30.5625,0.4456,0.17501,26.935,0.65774,0.11018,0.5966,188.52,30.596,990.95,REJECT,synthetic_physics
2376.5,23.5,0.8274,0.37898,37.121,0.58397,0.08685,0.5327,62.87,23.448,2107.8,MARGINAL,synthetic_physics
2348.3,27.5,0.6926,0.2873,35.006,0.38426,0.07105,0.4226,97.37,27.437,1801.16,GOOD,synthetic_physics
2455.5,21.1875,1.0094,0.51408,44.0,0.28807,0.03727,0.3642,23.26,21.369,2459.91,MARGINAL,synthetic_physics
2325.7,21.25,0.5414,0.15785,28.279,0.65295,0.13833,0.5843,148.98,21.176,1342.43,REJECT,synthetic_physics
2377.3,28.5,0.7363,0.37221,43.336,0.54305,0.0699,0.459,80.55,28.847,1950.65,GOOD,synthetic_physics
2385.3,16.125,0.7298,0.41149,39.9,0.57068,0.07341,0.4342,84.34,16.596,1916.99,GOOD,synthetic_physics
2348.3,34.1875,0.5876,0.30474,33.143,0.61718,0.09831,0.471,123.17,34.197,1571.81,GOOD,synthetic_physics
2424.0,29.4375,0.8489,0.45489,40.051,0.43856,0.04266,0.4414,55.75,29.557,2171.11,GOOD,synthetic_physics
2242.7,37.8125,1.0279,0.42847,40.22,0.60535,0.10323,0.6301,24.51,37.465,2448.81,REJECT,synthetic_physics
2361.2,15.375,0.779,0.41456,38.077,0.53631,0.07989,0.4582,88.3,15.313,1881.79,GOOD,synthetic_physics
2437.7,26.6875,0.5957,0.34486,35.053,0.45135,0.07579,0.3841,128.63,26.647,1523.26,MARGINAL,synthetic_physics
2257.2,25.1875,0.4084,0.25498,30.263,0.60034,0.10164,0.5379,202.64,25.106,865.44,REJECT,synthetic_physics
2410.3,30.875,0.8298,0.37869,39.925,0.51864,0.07804,0.4837,68.67,30.846,2056.29,GOOD,synthetic_physics
2206.4,27.6875,0.9429,0.42964,40.092,0.61142,0.13387,0.6175,28.98,27.51,2409.05,REJECT,synthetic_physics
2353.1,27.9375,0.8669,0.43832,42.964,0.52649,0.08903,0.4536,67.64,27.767,2065.44,GOOD,synthetic_physics
2392.6,30.3125,0.8199,0.41309,37.435,0.38969,0.0417,0.4094,78.8,29.795,1966.26,GOOD,synthetic_physics
2466.7,28.5,0.418,0.28582,33.753,0.47005,0.07135,0.3279,174.62,28.305,1114.52,REJECT,synthetic_physics
2308.0,27.875,0.9017,0.42223,37.141,0.67674,0.11469,0.5679,33.49,27.691,2368.97,REJECT,synthetic_physics
2181.5,28.875,0.3409,0.20292,31.781,0.72005,0.13676,0.6293,205.8,29.409,837.36,REJECT,synthetic_physics
2364.4,32.75,0.6167,0.20866,31.921,0.58234,0.07884,0.4507,140.8,32.711,1415.09,MARGINAL,synthetic_physics
2412.7,32.5,0.8233,0.41596,44.0,0.39524,0.07236,0.4307,72.19,32.253,2025.0,GOOD,synthetic_physics
2462.7,22.1875,0.8997,0.43167,42.902,0.35951,0.03536,0.343,46.15,22.463,2256.43,REJECT,synthetic_physics
2454.7,21.625,0.5854,0.28493,33.251,0.53354,0.04801,0.3633,130.79,21.853,1504.13,MARGINAL,synthetic_physics
2337.8,28.5,0.842,0.38044,40.713,0.46309,0.06266,0.4291,84.48,28.15,1915.69,GOOD,synthetic_physics
2237.1,32.4375,0.3411,0.20823,28.282,0.75582,0.13345,0.6359,192.64,32.402,954.34,REJECT,synthetic_physics
2470.8,23.625,0.6298,0.29518,31.345,0.53199,0.10167,0.4457,135.64,23.724,1461.0,MARGINAL,synthetic_physics
2514.3,31.9375,0.9028,0.44822,44.0,0.39604,0.05285,0.3583,55.18,31.842,2176.14,MARGINAL,synthetic_physics
2495.8,24.3125,0.9987,0.42012,44.0,0.48866,0.04577,0.3926,37.49,23.889,2333.43,MARGINAL,synthetic_physics
2359.6,31.875,0.9834,0.38771,39.781,0.48026,0.08846,0.4769,55.01,32.179,2177.66,GOOD,synthetic_physics
2320.1,24.625,0.6864,0.2967,35.577,0.59827,0.12245,0.524,89.99,24.565,1866.75,MARGINAL,synthetic_physics
2311.2,23.75,0.8545,0.45283,35.988,0.53917,0.07682,0.4672,63.57,23.765,2101.64,GOOD,synthetic_physics
2439.3,27.0625,0.8851,0.44415,40.475,0.42082,0.06055,0.4387,59.28,27.268,2139.77,GOOD,synthetic_physics
2423.2,28.1875,1.0671,0.48018,43.461,0.61202,0.0645,0.5181,13.49,28.151,2546.72,MARGINAL,synthetic_physics
2440.1,21.8125,0.8811,0.4542,40.809,0.3528,0.06686,0.4206,55.38,21.752,2174.43,GOOD,synthetic_physics
2494.1,32.5,0.3015,0.30636,32.816,0.39168,0.05514,0.3622,210.72,32.566,793.59,REJECT,synthetic_physics
2401.5,31.1875,0.868,0.39667,39.38,0.564,0.10355,0.4839,73.04,31.299,2017.4,GOOD,synthetic_physics
2372.5,24.875,0.9924,0.38992,41.987,0.58954,0.08465,0.459,39.31,24.566,2317.21,MARGINAL,synthetic_physics
2339.4,28.25,0.7149,0.34867,32.423,0.50988,0.07668,0.4391,114.6,28.518,1647.99,GOOD,synthetic_physics
2247.5,30.375,0.3996,0.14669,25.587,0.68148,0.12523,0.6306,197.62,30.153,910.09,REJECT,synthetic_physics
2390.2,27.875,0.9122,0.37188,38.906,0.4166,0.05687,0.4275,62.9,28.009,2107.53,GOOD,synthetic_physics
2312.0,34.5,0.9651,0.54141,42.808,0.36385,0.04758,0.4384,10.38,34.584,2574.39,MARGINAL,synthetic_physics
2401.5,19.875,0.5776,0.24072,31.449,0.50361,0.10201,0.4663,142.85,19.749,1396.89,MARGINAL,synthetic_physics
2449.8,25.125,0.7869,0.446,38.738,0.49535,0.07468,0.4347,76.87,24.77,1983.35,GOOD,synthetic_physics
2280.6,30.9375,0.935,0.28538,35.456,0.63266,0.13271,0.6063,74.92,30.938,2000.7,REJECT,synthetic_physics
2466.7,31.9375,0.9028,0.46882,41.268,0.3645,0.04545,0.3768,48.07,32.163,2239.35,MARGINAL,synthetic_physics
2403.1,31.4375,0.6857,0.3389,32.528,0.64642,0.06697,0.4883,113.18,31.221,1660.65,GOOD,synthetic_physics
2356.3,27.1875,0.7032,0.2397,35.178,0.52234,0.11698,0.5414,123.24,26.725,1571.21,MARGINAL,synthetic_physics
2431.3,27.375,0.8956,0.38194,42.848,0.44867,0.06081,0.4128,60.83,27.358,2125.91,GOOD,synthetic_physics
2434.5,28.8125,0.6712,0.33633,42.663,0.43157,0.09477,0.4507,99.4,28.566,1783.09,GOOD,synthetic_physics
2441.0,31.3125,0.886,0.45772,38.235,0.32597,0.04873,0.4024,66.44,31.78,2076.09,GOOD,synthetic_physics
2534.4,27.125,0.6171,0.3201,32.962,0.4234,0.05909,0.3211,128.75,27.567,1522.2,REJECT,synthetic_physics
2287.0,24.6875,0.7831,0.32882,34.033,0.60065,0.10553,0.6092,67.66,24.78,2065.22,REJECT,synthetic_physics
2356.3,33.9375,0.6857,0.35621,35.68,0.40732,0.03232,0.4026,121.38,33.847,1587.78,GOOD,synthetic_physics
2362.0,22.25,0.6186,0.3337,36.265,0.42316,0.08874,0.4395,121.21,22.275,1589.26,GOOD,synthetic_physics
2421.6,29.5625,0.828,0.42,40.462,0.40499,0.07239,0.4364,63.01,29.454,2106.58,GOOD,synthetic_physics
2424.8,30.0625,0.977,0.52661,44.0,0.34381,0.05765,0.3935,26.21,30.193,2433.7,MARGINAL,synthetic_physics
2306.4,34.625,0.822,0.42331,40.025,0.50992,0.07131,0.4437,85.11,34.7,1910.13,GOOD,synthetic_physics
2564.2,31.1875,0.6481,0.29795,36.353,0.44175,0.03938,0.3608,132.34,31.184,1490.3,MARGINAL,synthetic_physics
2287.0,39.4375,0.9836,0.46337,38.944,0.50289,0.10559,0.5637,22.66,39.39,2465.29,REJECT,synthetic_physics
2385.3,32.75,0.8356,0.44895,38.467,0.42714,0.073,0.3935,59.4,32.912,2138.68,MARGINAL,synthetic_physics
2467.5,33.25,0.6653,0.27565,34.513,0.46294,0.08181,0.4291,120.43,33.353,1596.16,GOOD,synthetic_physics
2501.4,33.3125,0.69,0.29604,38.994,0.32812,0.03797,0.3276,111.18,33.252,1678.36,REJECT,synthetic_physics
2510.3,31.5,0.4481,0.31522,33.057,0.35957,0.06381,0.3267,189.85,31.576,979.07,REJECT,synthetic_physics
2397.4,23.25,0.7838,0.30944,43.952,0.63714,0.08449,0.4965,81.8,23.419,1939.53,GOOD,synthetic_physics
2359.6,21.75,0.7167,0.28562,33.034,0.48333,0.10751,0.4862,116.36,21.644,1632.34,GOOD,synthetic_physics
2362.8,39.5625,0.901,0.48764,39.821,0.32988,0.06917,0.4061,37.29,39.82,2335.23,MARGINAL,synthetic_physics
2300.7,20.875,0.9945,0.41058,35.516,0.48308,0.07182,0.4629,54.58,20.962,2181.55,GOOD,synthetic_physics
2434.5,24.9375,0.8272,0.43003,42.605,0.43121,0.06163,0.4061,60.67,25.091,2127.38,GOOD,synthetic_physics
2403.1,40.25,0.7479,0.44772,43.818,0.43729,0.06817,0.3868,77.22,39.938,1980.25,MARGINAL,synthetic_physics
2482.1,27.1875,0.3416,0.31399,35.889,0.45924,0.05431,0.33,210.86,27.087,792.37,REJECT,synthetic_physics
2361.2,34.625,0.5284,0.17595,31.189,0.60693,0.09535,0.5116,161.11,35.053,1234.61,REJECT,synthetic_physics
2532.8,30.375,1.047,0.50085,44.0,0.34735,0.0375,0.3087,37.53,30.353,2333.08,REJECT,synthetic_physics
2343.4,19.8125,0.4668,0.13833,31.92,0.67128,0.10709,0.5606,162.66,19.811,1220.76,REJECT,synthetic_physics
2270.1,31.4375,0.3505,0.31773,27.998,0.60173,0.11122,0.5611,218.67,31.172,722.95,REJECT,synthetic_physics
2503.0,15.4375,0.649,0.27907,34.004,0.49667,0.06291,0.4147,124.22,15.134,1562.45,GOOD,synthetic_physics
2470.0,23.8125,0.7577,0.31777,33.256,0.47186,0.06134,0.4306,110.24,23.499,1686.73,GOOD,synthetic_physics
2328.9,31.0,0.786,0.36683,39.571,0.51389,0.08383,0.4899,79.27,30.759,1962.08,GOOD,synthetic_physics
2441.8,27.6875,0.4191,0.29414,31.991,0.4569,0.06932,0.4095,186.35,27.749,1010.26,REJECT,synthetic_physics
2493.3,34.375,0.8874,0.48195,42.844,0.40957,0.05188,0.4197,57.22,34.226,2158.08,GOOD,synthetic_physics
2349.1,29.8125,0.8431,0.41148,42.615,0.47035,0.08443,0.4713,54.08,29.713,2185.94,GOOD,synthetic_physics
2333.8,30.6875,0.3659,0.25069,34.715,0.42391,0.07448,0.4484,200.56,30.486,883.9,REJECT,synthetic_physics
2425.6,30.9375,0.3653,0.28199,33.127,0.48568,0.06875,0.3835,205.45,31.109,840.44,REJECT,synthetic_physics
2465.1,20.8125,0.7742,0.37412,37.239,0.35919,0.05376,0.3565,90.35,20.849,1863.55,MARGINAL,synthetic_physics
2446.6,26.5,0.5906,0.29715,37.122,0.45542,0.06272,0.3929,131.16,26.322,1500.76,MARGINAL,synthetic_physics
2534.4,25.25,0.8183,0.34637,40.038,0.48443,0.04959,0.3799,78.07,25.281,1972.7,MARGINAL,synthetic_physics
2513.5,22.1875,0.5918,0.29516,39.846,0.40069,0.08305,0.3906,123.73,22.221,1566.8,MARGINAL,synthetic_physics
2528.0,37.375,0.7486,0.30132,31.898,0.43963,0.05659,0.391,116.48,37.148,1631.28,MARGINAL,synthetic_physics
2482.9,33.5,0.6592,0.30142,36.723,0.41318,0.0512,0.3742,113.92,33.666,1654.03,MARGINAL,synthetic_physics
2416.0,29.875,0.7689,0.33791,37.636,0.42346,0.04967,0.3903,86.35,29.891,1899.07,MARGINAL,synthetic_physics
2354.7,33.75,0.4817,0.23552,27.734,0.49844,0.08233,0.4352,163.97,33.562,1209.18,REJECT,synthetic_physics
2474.8,31.875,0.8657,0.43237,41.098,0.42477,0.07729,0.4411,59.79,31.625,2135.22,GOOD,synthetic_physics
2558.6,25.6875,0.5889,0.33849,32.149,0.3524,0.07132,0.3098,154.81,25.837,1290.56,REJECT,synthetic_physics
2324.1,35.0,0.3953,0.23002,35.672,0.44296,0.05535,0.4338,182.27,35.132,1046.52,REJECT,synthetic_physics
2340.2,29.1875,0.6876,0.31598,34.145,0.43514,0.06847,0.4857,109.24,29.179,1695.65,GOOD,synthetic_physics
2201.6,31.0,0.3166,0.21223,31.397,0.63848,0.13847,0.6246,216.07,30.871,746.05,REJECT,synthetic_physics
2304.0,32.3125,0.9685,0.46491,42.146,0.58615,0.08493,0.556,23.78,32.601,2455.3,REJECT,synthetic_physics
2310.4,33.9375,0.7194,0.3079,38.551,0.45321,0.09869,0.4516,101.48,33.452,1764.66,GOOD,synthetic_physics
2357.9,32.0625,0.84,0.31945,35.556,0.47408,0.07124,0.4913,69.88,32.422,2045.53,GOOD,synthetic_physics
2380.5,26.125,0.7906,0.32494,36.615,0.55265,0.07931,0.4589,86.43,26.196,1898.44,GOOD,synthetic_physics
2319.3,32.5625,0.8661,0.39216,38.965,0.45925,0.05137,0.4437,64.29,32.37,2095.22,GOOD,synthetic_physics
2501.4,29.1875,0.5192,0.36331,32.466,0.35852,0.06469,0.3248,146.26,29.27,1366.57,REJECT,synthetic_physics
2276.6,30.4375,0.9922,0.4973,37.703,0.53479,0.08471,0.5597,19.85,30.647,2490.27,REJECT,synthetic_physics
2387.8,27.9375,0.359,0.16215,29.197,0.73421,0.11349,0.5686,196.05,27.788,923.98,REJECT,synthetic_physics
2377.3,33.6875,0.7433,0.37092,44.0,0.43982,0.06248,0.3781,111.34,33.92,1676.99,MARGINAL,synthetic_physics
2490.1,29.8125,0.8775,0.45133,41.833,0.44,0.05421,0.3568,53.52,29.648,2190.98,MARGINAL,synthetic_physics
2403.9,27.9375,0.5894,0.32246,31.957,0.52936,0.08083,0.4895,130.46,28.275,1507.04,MARGINAL,synthetic_physics
2270.1,22.125,0.8485,0.39172,34.193,0.62272,0.09757,0.588,60.44,21.827,2129.4,REJECT,synthetic_physics
2218.5,31.4375,0.7066,0.2463,36.221,0.57343,0.11705,0.594,106.26,31.291,1722.13,REJECT,synthetic_physics
2354.7,33.875,0.7958,0.3875,38.607,0.48013,0.10478,0.4966,75.84,33.972,1992.5,GOOD,synthetic_physics
2381.3,27.0625,0.367,0.17701,31.886,0.56933,0.08981,0.4736,201.03,26.67,879.77,REJECT,synthetic_physics
2192.7,40.6875,0.3321,0.21964,34.26,0.60895,0.10871,0.5372,202.38,40.352,867.73,REJECT,synthetic_physics
2335.4,30.125,0.8961,0.3857,38.398,0.57107,0.08469,0.4647,80.14,30.123,1954.35,GOOD,synthetic_physics
2331.4,36.8125,1.0323,0.50263,38.62,0.36562,0.04745,0.4322,16.18,37.069,2522.88,MARGINAL,synthetic_physics
2413.6,33.25,0.7564,0.40175,36.4,0.41718,0.04068,0.3777,83.57,33.124,1923.85,MARGINAL,synthetic_physics
2507.8,29.875,0.7939,0.41222,38.386,0.41096,0.03503,0.3548,100.2,29.844,1776.02,MARGINAL,synthetic_physics
2480.4,39.6875,0.335,0.25698,31.154,0.46414,0.04731,0.3464,216.1,39.233,745.75,REJECT,synthetic_physics
2346.7,22.75,0.662,0.39082,37.94,0.59292,0.09621,0.4988,90.39,23.176,1863.2,GOOD,synthetic_physics
2216.1,35.0,0.2668,0.21238,31.898,0.63036,0.11557,0.5381,219.46,34.843,715.88,REJECT,synthetic_physics
2323.3,34.875,0.7651,0.36871,34.202,0.6257,0.07407,0.5061,91.63,34.804,1852.16,MARGINAL,synthetic_physics
2352.3,28.25,1.3844,0.41841,42.823,0.54031,0.08185,0.4948,54.09,28.367,2185.84,GOOD,synthetic_physics
2523.2,26.6875,0.9514,0.45576,37.966,0.48367,0.08309,0.4413,55.59,26.382,2172.56,GOOD,synthetic_physics
2349.1,31.625,0.8509,0.41428,40.036,0.55548,0.0851,0.5319,53.93,31.446,2187.28,MARGINAL,synthetic_physics
2465.9,39.6875,0.9425,0.36159,38.742,0.41635,0.05427,0.3922,43.55,39.977,2279.58,MARGINAL,synthetic_physics
2342.6,30.9375,0.8367,0.32635,38.066,0.48563,0.0975,0.528,68.42,30.807,2058.45,MARGINAL,synthetic_physics
2380.5,26.4375,0.4095,0.21271,31.834,0.61614,0.10637,0.4701,192.02,26.961,959.83,REJECT,synthetic_physics
2320.9,30.3125,0.3911,0.17672,27.38,0.64509,0.12667,0.5977,193.42,30.349,947.34,REJECT,synthetic_physics
2359.6,30.4375,0.9247,0.53746,42.624,0.42885,0.06643,0.3824,55.81,30.992,2170.61,MARGINAL,synthetic_physics
2422.4,24.6875,0.9697,0.46161,41.933,0.32785,0.04011,0.4046,43.28,24.865,2281.98,MARGINAL,synthetic_physics
2322.5,22.8125,0.9625,0.4411,37.529,0.40038,0.07303,0.4945,58.67,23.162,2145.16,GOOD,synthetic_physics
2397.4,37.125,0.8393,0.35092,37.149,0.44237,0.06434,0.4146,84.32,37.146,1917.17,MARGINAL,synthetic_physics
2392.6,28.3125,0.7783,0.37887,40.208,0.51368,0.07768,0.3995,91.98,28.651,1849.09,MARGINAL,synthetic_physics
2456.3,30.0,0.8796,0.4544,42.009,0.3099,0.06924,0.4411,56.21,30.026,2167.05,GOOD,synthetic_physics
2494.9,26.125,0.6586,0.36349,33.04,0.46439,0.06478,0.4036,102.44,26.43,1756.09,GOOD,synthetic_physics
2245.9,27.0,0.7507,0.232,30.621,0.64332,0.10023,0.5654,109.68,27.104,1691.69,REJECT,synthetic_physics
2446.6,28.9375,0.5828,0.39366,33.569,0.47642,0.09205,0.4122,116.91,29.114,1627.45,GOOD,synthetic_physics
2450.6,32.5,0.5404,0.28284,36.812,0.33088,0.04704,0.3267,139.02,32.512,1430.92,REJECT,synthetic_physics
2197.6,38.9375,0.9075,0.47394,41.789,0.558,0.09011,0.5189,48.97,39.019,2231.34,MARGINAL,synthetic_physics
2481.2,28.8125,0.3915,0.30299,34.104,0.40847,0.04998,0.3322,168.19,28.927,1171.68,REJECT,synthetic_physics
2297.5,33.4375,0.8309,0.37424,37.337,0.49732,0.08957,0.4974,94.68,33.268,1825.09,GOOD,synthetic_physics
2273.3,31.6875,0.9156,0.37279,37.205,0.51969,0.11685,0.5791,55.31,31.453,2174.99,REJECT,synthetic_physics
2250.8,33.375,0.8299,0.35716,40.999,0.59456,0.10405,0.5917,53.63,33.563,2189.92,REJECT,synthetic_physics
2409.5,27.0625,0.7809,0.36068,40.268,0.48545,0.06581,0.4575,67.72,27.375,2064.7,GOOD,synthetic_physics
2326.5,34.25,0.9181,0.3929,35.787,0.50438,0.06152,0.5286,44.54,34.235,2270.79,MARGINAL,synthetic_physics
2411.1,30.125,0.8948,0.49135,44.0,0.39054,0.05423,0.4288,48.35,29.944,2236.92,MARGINAL,synthetic_physics
2384.5,33.125,0.8016,0.32271,39.282,0.46428,0.08454,0.4518,93.8,33.015,1832.91,GOOD,synthetic_physics
2315.2,27.75,0.6045,0.19512,31.311,0.59665,0.13974,0.5978,141.55,27.794,1408.44,REJECT,synthetic_physics
2298.3,32.5625,1.161,0.42106,42.978,0.52484,0.0978,0.5516,33.06,32.819,2372.77,REJECT,synthetic_physics
2491.7,33.0,0.4087,0.20739,35.286,0.42566,0.07033,0.336,178.18,33.165,1082.81,REJECT,synthetic_physics
2399.9,27.625,0.85,0.39534,38.332,0.54078,0.09496,0.4952,66.72,27.631,2073.64,GOOD,synthetic_physics
2271.7,22.4375,0.6633,0.29272,33.742,0.5938,0.11284,0.5329,116.8,22.313,1628.41,MARGINAL,synthetic_physics
2463.5,34.5,0.9589,0.53681,44.0,0.36381,0.03245,0.3107,42.37,34.733,2290.05,REJECT,synthetic_physics
2458.7,27.875,0.7302,0.37608,34.015,0.54753,0.07204,0.4423,104.35,28.069,1739.11,GOOD,synthetic_physics
2501.4,35.75,0.8091,0.37803,43.311,0.36869,0.04933,0.3307,96.79,35.509,1806.33,REJECT,synthetic_physics
2341.8,25.8125,0.7637,0.36373,41.802,0.47809,0.05169,0.4108,84.3,25.531,1917.31,GOOD,synthetic_physics
2482.1,31.0,0.6573,0.35875,36.238,0.35676,0.05243,0.3779,120.05,31.136,1599.57,MARGINAL,synthetic_physics
2238.7,29.5,0.6285,0.15691,28.557,0.62308,0.09959,0.5467,151.56,29.057,1319.43,REJECT,synthetic_physics
2393.4,31.8125,0.8033,0.29058,36.146,0.55949,0.08426,0.503,86.64,31.749,1896.52,MARGINAL,synthetic_physics
2359.6,28.3125,0.7788,0.34405,30.88,0.53656,0.08734,0.4925,101.21,28.281,1767.01,GOOD,synthetic_physics
2490.1,26.9375,0.6122,0.32485,34.539,0.50566,0.08171,0.4236,150.82,27.268,1326.07,REJECT,synthetic_physics
2407.9,27.25,0.771,0.35609,38.007,0.49649,0.08991,0.4922,61.65,27.083,2118.69,GOOD,synthetic_physics
2426.4,33.25,0.7974,0.35734,37.769,0.4464,0.08108,0.4814,85.84,33.542,1903.67,GOOD,synthetic_physics
2368.4,37.875,0.6344,0.27076,34.171,0.47822,0.1005,0.4353,123.3,37.488,1570.67,MARGINAL,synthetic_physics
2500.6,29.9375,0.7158,0.29388,35.545,0.37013,0.05551,0.377,118.35,29.8,1614.69,MARGINAL,synthetic_physics
2437.7,28.3125,0.631,0.37347,39.636,0.58638,0.08791,0.4337,120.07,28.465,1599.36,GOOD,synthetic_physics
2432.9,32.5625,0.7641,0.36544,41.193,0.42852,0.06429,0.3877,81.76,32.565,1939.93,MARGINAL,synthetic_physics
2427.3,21.9375,0.6646,0.32265,31.415,0.45238,0.05918,0.446,128.0,21.82,1528.89,MARGINAL,synthetic_physics
2233.8,28.4375,0.499,0.23487,27.178,0.77965,0.1157,0.6349,152.6,28.236,1310.2,REJECT,synthetic_physics
2276.6,39.8125,0.9542,0.42107,40.231,0.50266,0.09303,0.5596,45.7,39.432,2260.41,REJECT,synthetic_physics
2439.3,22.75,0.7853,0.403,40.277,0.33877,0.04659,0.4271,82.43,22.904,1933.99,GOOD,synthetic_physics
2443.4,30.625,0.8318,0.38472,32.46,0.43206,0.05917,0.4426,77.5,30.979,1977.79,GOOD,synthetic_physics
2328.1,29.375,0.6805,0.34603,31.862,0.57794,0.08071,0.4741,109.93,29.441,1689.48,GOOD,synthetic_physics
2445.8,26.0625,0.3422,0.20635,30.939,0.52923,0.08356,0.4303,210.63,25.903,794.37,REJECT,synthetic_physics
2350.7,26.3125,0.7975,0.39253,36.498,0.51124,0.07603,0.488,65.05,26.288,2088.44,GOOD,synthetic_physics
2340.2,29.1875,0.6191,0.27813,36.985,0.40889,0.09498,0.4483,129.71,29.212,1513.69,MARGINAL,synthetic_physics
2289.5,28.3125,0.6343,0.21338,30.156,0.61074,0.10015,0.549,123.92,28.08,1565.12,MARGINAL,synthetic_physics
2486.1,36.4375,0.8597,0.44333,42.584,0.26641,0.04702,0.3655,58.5,36.239,2146.67,MARGINAL,synthetic_physics
2532.8,29.75,0.5626,0.33625,34.616,0.36699,0.05606,0.3459,123.07,29.883,1572.67,REJECT,synthetic_physics
2517.5,31.0625,0.6005,0.31077,37.008,0.4392,0.0626,0.3107,126.27,31.11,1544.28,REJECT,synthetic_physics
2458.7,22.375,0.8771,0.48013,40.757,0.31702,0.03864,0.3602,47.33,22.185,2245.94,MARGINAL,synthetic_physics
2331.4,31.5625,0.7082,0.37111,35.042,0.587,0.07252,0.4783,107.53,31.605,1710.82,GOOD,synthetic_physics
2470.0,35.375,0.7943,0.3661,38.994,0.36927,0.06545,0.3656,88.57,35.395,1879.38,MARGINAL,synthetic_physics
2501.4,37.6875,0.7392,0.39077,36.549,0.36671,0.03782,0.3044,98.46,37.409,1791.46,REJECT,synthetic_physics
2402.3,37.25,0.3825,0.23538,33.203,0.43879,0.08909,0.4362,184.39,36.774,1027.67,REJECT,synthetic_physics
2328.1,34.9375,1.0011,0.50636,39.343,0.53426,0.1094,0.5208,20.77,34.773,2482.05,MARGINAL,synthetic_physics
2469.2,25.125,0.6657,0.34686,37.844,0.3511,0.04308,0.3661,115.47,24.985,1640.31,MARGINAL,synthetic_physics
2348.3,27.25,0.617,0.14926,27.906,0.65567,0.09942,0.5385,139.87,27.404,1423.4,MARGINAL,synthetic_physics
2286.2,34.9375,0.7212,0.31653,37.426,0.66318,0.10444,0.5268,112.51,35.338,1666.59,MARGINAL,synthetic_physics
2288.6,20.5,0.3055,0.21619,32.683,0.57689,0.08125,0.4529,214.5,20.617,759.99,REJECT,synthetic_physics
2374.9,24.0625,0.8208,0.36524,38.965,0.48182,0.09994,0.4972,77.21,23.933,1980.39,GOOD,synthetic_physics
2278.2,28.0,0.627,0.28742,31.6,0.62968,0.11804,0.541,121.86,27.766,1583.46,MARGINAL,synthetic_physics
2470.0,26.375,0.6834,0.33628,34.693,0.32312,0.0672,0.3321,117.04,26.367,1626.29,REJECT,synthetic_physics
2355.5,33.5625,0.51,0.25118,27.607,0.50678,0.0981,0.4953,160.93,33.959,1236.16,REJECT,synthetic_physics
2271.7,36.6875,0.8903,0.40125,35.816,0.58738,0.11567,0.5236,85.55,36.556,1906.18,MARGINAL,synthetic_physics
2477.2,23.0,0.5133,0.27802,39.736,0.45175,0.0732,0.3976,148.27,23.332,1348.7,MARGINAL,synthetic_physics
2434.5,39.0,0.4583,0.30432,33.543,0.50105,0.07994,0.4279,182.73,39.322,1042.36,REJECT,synthetic_physics
2259.6,39.4375,0.9414,0.47924,42.298,0.60701,0.07837,0.5605,18.33,39.435,2503.74,REJECT,synthetic_physics
2466.7,35.5,0.6382,0.28304,36.885,0.38346,0.07907,0.3409,127.55,35.329,1532.85,REJECT,synthetic_physics
2345.9,34.125,0.7782,0.38196,35.729,0.54328,0.07584,0.4951,87.84,34.682,1885.88,GOOD,synthetic_physics
2324.9,23.25,0.775,0.33872,36.237,0.5831,0.09196,0.4985,96.17,23.196,1811.84,GOOD,synthetic_physics
2349.9,33.125,0.4967,0.23507,34.328,0.54196,0.08767,0.4713,161.65,33.335,1229.81,REJECT,synthetic_physics
2341.8,28.625,0.6563,0.19866,30.364,0.6648,0.12344,0.6198,136.02,28.356,1457.58,REJECT,synthetic_physics
2441.8,31.5625,0.4685,0.18585,33.5,0.56002,0.06389,0.4021,157.54,31.706,1266.35,REJECT,synthetic_physics
2250.0,25.0625,0.5913,0.18734,28.391,0.70354,0.11888,0.6375,144.32,25.2,1383.78,REJECT,synthetic_physics
2263.7,35.9375,0.8884,0.45597,38.559,0.60806,0.11359,0.5853,48.16,35.943,2238.61,REJECT,synthetic_physics
2287.8,27.5,0.6018,0.21941,28.614,0.63908,0.10468,0.5199,140.67,27.357,1416.31,MARGINAL,synthetic_physics
2395.8,28.25,0.7009,0.29366,35.534,0.46182,0.07058,0.4471,121.34,28.277,1588.05,GOOD,synthetic_physics
2410.3,27.125,0.7232,0.36263,36.796,0.48385,0.0804,0.42,115.69,27.263,1638.3,GOOD,synthetic_physics
2411.1,24.625,0.2713,0.25913,33.245,0.47129,0.07963,0.3808,216.39,24.685,743.21,REJECT,synthetic_physics
2435.3,32.0,0.6762,0.3773,39.299,0.38805,0.05915,0.3682,103.4,32.253,1747.59,MARGINAL,synthetic_physics
2401.5,22.0,0.7362,0.33113,37.229,0.43794,0.06992,0.4639,105.03,21.664,1733.09,GOOD,synthetic_physics
2278.2,29.9375,1.0054,0.41076,38.136,0.55982,0.0997,0.5383,38.68,30.234,2322.87,MARGINAL,synthetic_physics
2519.1,28.9375,0.5825,0.30895,35.619,0.4807,0.05537,0.3032,142.76,29.243,1397.64,REJECT,synthetic_physics
2508.6,23.9375,0.4479,0.2994,34.317,0.4708,0.06236,0.3922,190.55,23.892,972.92,REJECT,synthetic_physics
2447.4,26.9375,0.6957,0.37001,39.891,0.38035,0.07474,0.4228,94.5,27.033,1826.64,GOOD,synthetic_physics
2237.1,31.125,0.487,0.19556,28.549,0.64753,0.13001,0.6243,156.16,30.858,1278.58,REJECT,synthetic_physics
2457.9,37.8125,0.6916,0.34018,38.61,0.39168,0.05543,0.3971,105.53,38.158,1728.59,MARGINAL,synthetic_physics
2466.7,29.5625,0.701,0.44697,37.37,0.32046,0.04178,0.3535,88.36,29.647,1881.2,MARGINAL,synthetic_physics
2272.5,35.3125,0.9201,0.4447,36.688,0.46165,0.0896,0.4735,45.83,35.196,2259.31,MARGINAL,synthetic_physics
2420.8,20.0625,0.6864,0.21276,34.159,0.56788,0.08403,0.4954,117.14,20.15,1625.43,GOOD,synthetic_physics
2388.6,33.9375,0.7291,0.28545,37.057,0.44392,0.07798,0.4309,109.32,34.006,1694.97,GOOD,synthetic_physics
2357.1,31.5625,0.9044,0.52131,44.0,0.39458,0.04301,0.4155,20.55,31.651,2483.98,MARGINAL,synthetic_physics
2317.7,38.375,0.9181,0.4213,37.014,0.55886,0.06961,0.4449,47.47,38.24,2244.75,MARGINAL,synthetic_physics
2307.2,33.875,0.4983,0.23682,30.71,0.53833,0.0995,0.5054,147.05,33.98,1359.54,MARGINAL,synthetic_physics
2424.0,32.5,0.6305,0.21221,32.473,0.59788,0.11418,0.5092,126.28,32.844,1544.22,MARGINAL,synthetic_physics
2341.8,29.4375,0.5336,0.19724,33.282,0.5649,0.07879,0.4996,166.44,29.397,1187.16,REJECT,synthetic_physics
2255.6,31.75,0.8358,0.45549,39.54,0.53575,0.08026,0.4882,59.76,32.209,2135.5,GOOD,synthetic_physics
2312.8,29.3125,0.649,0.1728,29.692,0.61154,0.10756,0.6168,133.97,29.108,1475.85,REJECT,synthetic_physics
2127.5,21.25,0.439,0.09605,27.516,0.73835,0.14545,0.6266,169.0,21.383,1164.41,REJECT,synthetic_physics
2428.9,33.375,0.9646,0.40747,41.097,0.3362,0.07192,0.4533,54.38,33.39,2183.31,GOOD,synthetic_physics
2428.9,22.875,0.8074,0.42406,33.944,0.54622,0.06049,0.4786,76.54,23.013,1986.28,GOOD,synthetic_physics
2422.4,23.75,0.466,0.24519,28.288,0.50829,0.06958,0.4557,199.94,23.875,889.4,REJECT,synthetic_physics
2369.2,26.625,0.6444,0.33098,39.214,0.47797,0.08115,0.4651,93.93,26.432,1831.73,GOOD,synthetic_physics
2491.7,32.8125,0.5779,0.24518,26.435,0.44519,0.07264,0.3285,148.56,32.663,1346.15,REJECT,synthetic_physics
2357.1,32.4375,0.7399,0.34589,35.644,0.43497,0.07202,0.441,105.81,32.418,1726.16,GOOD,synthetic_physics
2295.1,23.375,0.5228,0.17347,32.821,0.72903,0.11181,0.561,152.74,23.361,1308.95,REJECT,synthetic_physics
2186.3,26.25,0.4795,0.1402,23.492,0.77761,0.14163,0.6281,187.5,26.575,1000.03,REJECT,synthetic_physics
2500.6,20.125,0.6859,0.35824,40.234,0.44825,0.08154,0.4327,108.4,19.949,1703.15,GOOD,synthetic_physics
2171.0,31.75,0.3351,0.09527,26.959,0.82209,0.14548,0.6418,202.33,31.706,868.18,REJECT,synthetic_physics
2387.8,27.0625,1.4146,0.40875,36.765,0.38751,0.05241,0.4556,57.78,26.878,2153.08,GOOD,synthetic_physics
2416.8,24.0,0.8548,0.4041,39.994,0.58282,0.05609,0.4556,71.22,24.159,2033.61,GOOD,synthetic_physics
2461.9,29.5625,0.7577,0.50306,35.575,0.4296,0.03742,0.4232,62.55,29.843,2110.67,GOOD,synthetic_physics
2343.4,34.125,0.9951,0.49421,37.11,0.45763,0.08318,0.494,40.04,33.982,2310.77,MARGINAL,synthetic_physics
2529.6,22.5,0.5539,0.26493,30.658,0.39342,0.05988,0.3697,159.85,22.271,1245.78,REJECT,synthetic_physics
2320.9,27.75,0.6096,0.29044,36.381,0.64255,0.09481,0.4964,109.43,28.002,1693.99,GOOD,synthetic_physics
2473.2,32.3125,0.3782,0.2633,35.059,0.40584,0.06142,0.3288,199.85,32.479,890.2,REJECT,synthetic_physics
2424.8,29.3125,0.6662,0.33098,36.823,0.55031,0.06335,0.4231,111.65,29.46,1674.23,GOOD,synthetic_physics
2399.9,21.0625,0.7518,0.35885,35.815,0.58641,0.09279,0.5091,83.42,21.469,1925.11,MARGINAL,synthetic_physics
2364.4,31.75,0.5783,0.29737,33.946,0.44394,0.081,0.4401,122.58,31.93,1577.06,GOOD,synthetic_physics
2442.6,31.625,0.6558,0.30986,39.46,0.35527,0.04351,0.3422,119.03,31.912,1608.64,REJECT,synthetic_physics
2282.2,38.3125,0.9373,0.45495,39.945,0.61637,0.09448,0.5712,26.31,38.548,2432.81,REJECT,synthetic_physics
2372.5,34.875,1.0151,0.5343,43.312,0.39769,0.04807,0.4744,11.9,34.791,2560.93,MARGINAL,synthetic_physics
2315.2,34.375,0.5963,0.34268,30.013,0.5516,0.08767,0.4797,123.6,34.937,1567.96,GOOD,synthetic_physics
2408.7,30.625,0.7247,0.28753,37.228,0.43547,0.06846,0.4144,92.92,30.75,1840.68,GOOD,synthetic_physics
2481.2,17.8125,0.4183,0.17968,29.49,0.54369,0.09529,0.5182,190.57,17.579,972.67,REJECT,synthetic_physics
2399.9,24.25,0.7511,0.45719,39.632,0.41206,0.04381,0.3763,76.6,24.475,1985.74,MARGINAL,synthetic_physics
2250.0,26.375,0.3772,0.15183,29.432,0.76818,0.1254,0.6493,188.09,26.128,994.72,REJECT,synthetic_physics
2303.2,33.625,0.3957,0.22535,25.221,0.66462,0.1307,0.5802,175.53,33.627,1106.36,REJECT,synthetic_physics
2419.2,30.1875,0.4873,0.22263,33.935,0.53278,0.07664,0.4146,146.91,30.427,1360.81,MARGINAL,synthetic_physics
2473.2,24.625,0.5577,0.25527,31.769,0.44528,0.06645,0.3784,143.77,24.781,1388.71,MARGINAL,synthetic_physics
2559.4,31.5625,1.0068,0.54828,43.724,0.26948,0.03374,0.3036,35.06,30.935,2354.98,REJECT,synthetic_physics
2347.5,35.375,0.9264,0.40581,38.842,0.44594,0.06329,0.4953,31.45,35.109,2387.09,MARGINAL,synthetic_physics
2397.4,28.9375,0.6845,0.31277,35.569,0.54085,0.05649,0.4605,115.41,28.989,1640.79,GOOD,synthetic_physics
2304.0,33.4375,0.7269,0.26296,31.74,0.50619,0.08982,0.4891,105.82,33.324,1726.01,GOOD,synthetic_physics
2397.4,32.1875,0.5468,0.25788,35.331,0.48269,0.08813,0.4238,147.67,32.036,1354.05,MARGINAL,synthetic_physics
2424.0,28.3125,0.7395,0.43067,35.98,0.51027,0.07193,0.4493,77.23,28.132,1980.15,GOOD,synthetic_physics
2458.7,21.9375,0.6105,0.35108,33.333,0.39465,0.06131,0.4235,107.36,22.068,1712.38,GOOD,synthetic_physics
2457.9,29.0,0.3915,0.28541,29.763,0.58125,0.08816,0.4738,182.61,29.175,1043.43,REJECT,synthetic_physics
2402.3,20.875,0.8446,0.4291,43.003,0.49017,0.07791,0.4333,56.8,20.898,2161.78,GOOD,synthetic_physics
2265.3,30.0625,0.5058,0.15291,20.432,0.76513,0.14154,0.6421,176.77,30.231,1095.36,REJECT,synthetic_physics
2438.5,33.125,0.9772,0.5542,40.094,0.35117,0.03267,0.3751,30.28,33.69,2397.54,MARGINAL,synthetic_physics
2457.1,33.5625,0.8568,0.39297,38.308,0.45361,0.06229,0.4148,62.96,33.69,2107.0,GOOD,synthetic_physics
2428.1,20.5,0.7596,0.35351,32.01,0.45766,0.06182,0.4117,95.18,20.395,1820.66,GOOD,synthetic_physics
2362.8,19.25,0.9581,0.44819,43.539,0.41039,0.07983,0.4826,29.61,18.937,2403.44,MARGINAL,synthetic_physics
2378.9,32.625,0.7664,0.43573,43.359,0.39475,0.04458,0.3752,89.09,32.616,1874.8,MARGINAL,synthetic_physics
2250.0,26.75,0.3991,0.19365,23.211,0.52504,0.12952,0.5422,177.96,26.552,1084.81,REJECT,synthetic_physics
2314.4,21.8125,0.7472,0.37457,35.588,0.54477,0.09365,0.4867,93.08,21.66,1839.25,GOOD,synthetic_physics
2348.3,38.0,0.3939,0.18635,31.272,0.56553,0.09134,0.4906,193.59,38.223,945.89,REJECT,synthetic_physics
2424.0,30.3125,0.7494,0.34533,32.535,0.55686,0.06907,0.4089,111.28,30.374,1677.47,GOOD,synthetic_physics
2470.0,39.4375,0.6013,0.35372,38.047,0.38329,0.05019,0.3392,130.14,39.207,1509.86,REJECT,synthetic_physics
2495.8,21.0,0.738,0.37013,37.202,0.42213,0.08604,0.4738,87.53,21.345,1888.61,GOOD,synthetic_physics
2391.0,30.5,0.7722,0.36729,39.222,0.53146,0.08369,0.4797,84.48,30.325,1915.77,GOOD,synthetic_physics
2166.2,31.875,0.3786,0.17764,23.727,0.71787,0.13667,0.6394,193.37,31.894,947.79,REJECT,synthetic_physics
2389.4,25.3125,0.8547,0.48416,39.735,0.46623,0.06575,0.4523,57.96,25.53,2151.44,GOOD,synthetic_physics
2440.1,29.75,0.9906,0.54879,44.0,0.30523,0.0678,0.3653,18.18,30.176,2505.06,MARGINAL,synthetic_physics
2302.3,35.1875,0.4315,0.23598,31.395,0.53816,0.0991,0.4992,185.57,35.488,1017.14,REJECT,synthetic_physics
2445.0,22.5625,0.4117,0.26159,30.715,0.49159,0.08163,0.4258,177.39,22.637,1089.82,REJECT,synthetic_physics
2252.4,43.1875,0.998,0.4408,43.34,0.69394,0.10264,0.61,37.41,43.371,2334.13,REJECT,synthetic_physics
2472.4,26.5,0.5344,0.2571,29.844,0.46944,0.05641,0.4039,158.22,26.451,1260.25,REJECT,synthetic_physics
2333.0,35.4375,0.9223,0.41605,39.681,0.52366,0.08556,0.4998,45.37,35.576,2263.36,MARGINAL,synthetic_physics
2426.4,27.125,0.7247,0.29558,34.705,0.53129,0.0905,0.4926,104.92,27.341,1734.05,GOOD,synthetic_physics
2569.1,21.1875,0.9724,0.4401,38.09,0.42265,0.04626,0.3558,58.25,21.288,2148.86,MARGINAL,synthetic_physics
2382.1,24.125,0.5742,0.26559,30.165,0.49894,0.0777,0.4843,135.1,24.007,1465.77,MARGINAL,synthetic_physics
2281.4,32.4375,0.7093,0.24606,30.814,0.59012,0.09426,0.5182,109.55,32.54,1692.87,MARGINAL,synthetic_physics
2368.4,26.5,0.4789,0.21164,29.104,0.53296,0.07685,0.4446,176.67,26.264,1096.3,REJECT,synthetic_physics
2480.4,27.5,0.6988,0.28693,30.348,0.39965,0.06738,0.4003,128.68,27.831,1522.82,MARGINAL,synthetic_physics
2234.7,32.75,0.5728,0.24367,27.161,0.65811,0.167,0.6415,129.83,32.802,1512.6,REJECT,synthetic_physics
2376.5,31.8125,0.6873,0.35999,39.747,0.55078,0.08243,0.4525,107.16,32.065,1714.12,GOOD,synthetic_physics
2400.7,26.75,0.8027,0.38204,38.519,0.5699,0.1122,0.5491,60.75,27.017,2126.71,MARGINAL,synthetic_physics
2358.8,33.0,0.6079,0.31978,36.987,0.46157,0.09562,0.4203,129.31,33.158,1517.24,MARGINAL,synthetic_physics
2382.1,26.5625,0.6066,0.28027,32.683,0.48496,0.11102,0.4778,124.34,26.435,1561.41,GOOD,synthetic_physics
2345.9,36.8125,0.5551,0.2979,32.946,0.49903,0.10593,0.4851,128.57,36.672,1523.82,MARGINAL,synthetic_physics
2453.0,21.375,0.9767,0.45557,44.0,0.42302,0.05951,0.4352,54.38,21.398,2183.31,GOOD,synthetic_physics
2490.1,28.125,0.5376,0.29877,34.092,0.44141,0.06792,0.3937,148.54,28.304,1346.34,MARGINAL,synthetic_physics
2554.6,30.625,0.8571,0.44093,41.248,0.38275,0.04364,0.371,49.65,30.508,2225.32,MARGINAL,synthetic_physics
2304.8,27.5625,0.7468,0.25418,31.401,0.62965,0.10554,0.5499,130.17,27.764,1509.6,MARGINAL,synthetic_physics
2460.3,33.5625,0.4398,0.25653,34.442,0.43771,0.09543,0.4103,169.26,33.819,1162.16,REJECT,synthetic_physics
2345.1,21.6875,1.0669,0.45441,42.323,0.51614,0.09533,0.5446,21.08,21.96,2479.28,MARGINAL,synthetic_physics
2284.6,21.125,0.5665,0.19858,29.865,0.76779,0.1494,0.6324,141.63,21.048,1407.71,REJECT,synthetic_physics
2421.6,36.1875,0.7359,0.40174,40.16,0.42806,0.05717,0.3798,97.03,36.196,1804.22,MARGINAL,synthetic_physics
2446.6,19.4375,0.5195,0.23324,33.957,0.46792,0.08104,0.4085,153.46,19.16,1302.55,REJECT,synthetic_physics
2427.3,30.6875,0.7367,0.3617,39.021,0.37977,0.06897,0.4012,97.67,30.382,1798.44,GOOD,synthetic_physics
2302.3,25.5,0.7242,0.23816,28.276,0.63674,0.10235,0.5541,131.68,25.34,1496.15,REJECT,synthetic_physics
2392.6,37.5625,0.8811,0.40821,39.771,0.50355,0.07306,0.41,72.19,37.56,2024.94,MARGINAL,synthetic_physics
2371.6,26.4375,0.6667,0.25014,26.677,0.4549,0.05893,0.4568,120.48,26.596,1595.71,GOOD,synthetic_physics
2270.9,26.9375,0.6594,0.27189,33.842,0.48746,0.08955,0.5292,107.82,26.596,1708.24,MARGINAL,synthetic_physics
2343.4,32.375,0.749,0.31399,35.182,0.50934,0.06446,0.4648,95.08,32.753,1821.51,GOOD,synthetic_physics
2447.4,31.875,0.7151,0.37359,37.875,0.47602,0.05943,0.4332,80.97,31.449,1946.93,GOOD,synthetic_physics
2411.1,37.75,0.9061,0.45682,39.958,0.50043,0.07243,0.4423,52.88,37.653,2196.61,MARGINAL,synthetic_physics
2216.1,34.625,0.777,0.32641,34.186,0.68894,0.13526,0.6266,80.84,34.297,1948.11,REJECT,synthetic_physics
2328.9,24.125,1.0547,0.4052,39.165,0.52658,0.09043,0.4751,62.71,24.434,2109.27,GOOD,synthetic_physics
2382.9,28.25,0.7257,0.23797,39.529,0.49049,0.07711,0.452,107.53,28.492,1710.81,GOOD,synthetic_physics
2422.4,23.625,0.6274,0.3478,33.393,0.45656,0.05732,0.3325,126.94,23.562,1538.32,REJECT,synthetic_physics
2391.0,33.3125,0.5915,0.34402,33.937,0.47478,0.08046,0.4603,123.55,33.449,1568.48,GOOD,synthetic_physics
2470.0,35.3125,0.6331,0.35353,35.403,0.49649,0.04661,0.3534,137.53,35.41,1444.14,MARGINAL,synthetic_physics
2331.4,28.3125,0.7543,0.30926,31.506,0.55071,0.09548,0.5116,107.19,28.428,1713.86,MARGINAL,synthetic_physics
2385.3,30.6875,0.7147,0.32824,40.772,0.54177,0.10924,0.444,107.03,30.697,1715.32,GOOD,synthetic_physics
2477.2,26.5,0.3745,0.23686,33.628,0.40118,0.04686,0.3262,196.74,26.593,917.84,REJECT,synthetic_physics
2499.0,29.4375,0.6844,0.35133,39.147,0.40014,0.05792,0.4055,94.74,29.837,1824.55,GOOD,synthetic_physics
2387.8,34.125,0.3483,0.24996,32.901,0.41169,0.07923,0.4104,199.1,33.687,896.89,REJECT,synthetic_physics
2324.9,29.625,1.2058,0.44567,38.334,0.52103,0.0793,0.5591,28.43,29.37,2413.93,REJECT,synthetic_physics
2505.4,31.25,0.6294,0.27464,36.205,0.41507,0.08289,0.4136,131.86,31.174,1494.58,MARGINAL,synthetic_physics
2496.6,28.3125,1.066,0.55949,44.0,0.40966,0.04633,0.3955,24.49,28.06,2448.96,MARGINAL,synthetic_physics
2214.5,28.5,0.9354,0.32606,38.529,0.71912,0.13564,0.6342,47.08,28.8,2248.14,REJECT,synthetic_physics
2402.3,36.0,0.9393,0.48409,40.305,0.54298,0.08364,0.4822,35.12,35.757,2354.49,MARGINAL,synthetic_physics
2399.9,30.5625,0.7156,0.3047,32.671,0.44583,0.06836,0.448,118.03,30.685,1617.55,GOOD,synthetic_physics
2290.3,37.1875,0.9871,0.44458,44.0,0.50797,0.07808,0.4747,21.63,36.941,2474.4,MARGINAL,synthetic_physics
2464.3,22.8125,0.7915,0.41537,36.932,0.56244,0.05746,0.4802,84.13,22.792,1918.82,GOOD,synthetic_physics
2510.3,30.125,0.6547,0.37639,41.576,0.5131,0.03693,0.415,91.09,29.829,1856.99,GOOD,synthetic_physics
2495.8,25.5,0.9735,0.5117,44.0,0.27029,0.03648,0.3078,27.29,25.835,2424.11,REJECT,synthetic_physics
2328.1,29.1875,0.6804,0.31574,37.249,0.52642,0.07334,0.4334,115.19,29.444,1642.78,GOOD,synthetic_physics
2506.2,30.75,0.8609,0.4402,39.701,0.44694,0.06578,0.3669,64.96,30.566,2089.23,MARGINAL,synthetic_physics
2512.7,13.1875,0.7931,0.36827,36.573,0.44494,0.06,0.3995,61.26,13.01,2122.17,MARGINAL,synthetic_physics
2262.1,28.75,0.6407,0.25085,27.63,0.79488,0.13606,0.6098,127.96,28.642,1529.28,REJECT,synthetic_physics
2465.9,32.0,0.6877,0.34452,35.288,0.52736,0.08716,0.4403,102.25,32.004,1757.77,GOOD,synthetic_physics
2444.2,33.375,0.7917,0.38167,37.238,0.56241,0.08935,0.4608,71.54,33.099,2030.76,GOOD,synthetic_physics
2308.8,24.375,0.8841,0.41591,35.984,0.4228,0.06747,0.4494,60.6,24.608,2128.03,GOOD,synthetic_physics
2385.3,22.5,0.5437,0.22304,31.49,0.49815,0.11171,0.4933,145.05,22.402,1377.31,MARGINAL,synthetic_physics
2396.6,25.5625,0.717,0.33899,33.481,0.4915,0.08438,0.46,104.18,25.201,1740.66,GOOD,synthetic_physics
2374.1,32.375,0.7336,0.34841,35.563,0.48021,0.06453,0.4244,88.7,32.282,1878.26,GOOD,synthetic_physics
2396.6,34.0625,0.713,0.31556,33.934,0.46264,0.09887,0.4811,101.52,34.171,1764.28,GOOD,synthetic_physics
2432.1,30.75,0.9714,0.52709,40.863,0.49756,0.08022,0.4499,40.12,30.601,2310.03,MARGINAL,synthetic_physics
2230.6,38.375,0.8836,0.34383,34.788,0.6576,0.1011,0.5683,74.12,38.28,2007.86,REJECT,synthetic_physics
2400.7,29.25,0.7038,0.32676,35.605,0.48834,0.07248,0.4692,104.23,28.887,1740.18,GOOD,synthetic_physics
2318.5,35.9375,0.6192,0.2148,33.204,0.53762,0.09975,0.5472,121.41,36.132,1587.46,MARGINAL,synthetic_physics
2291.1,27.6875,0.8048,0.29668,34.609,0.67951,0.11239,0.5516,103.44,28.134,1747.18,REJECT,synthetic_physics
2374.9,28.0,0.4535,0.21717,30.759,0.48359,0.08536,0.4442,196.21,28.072,922.61,REJECT,synthetic_physics
2453.8,26.5,0.899,0.49238,39.23,0.35134,0.04946,0.3705,37.45,26.617,2333.74,MARGINAL,synthetic_physics
2383.7,31.3125,0.8588,0.3979,43.347,0.40916,0.06957,0.445,51.13,31.374,2212.19,GOOD,synthetic_physics
2324.1,40.0625,0.4813,0.2208,26.471,0.6127,0.11589,0.5259,170.19,40.282,1153.87,REJECT,synthetic_physics
2434.5,32.1875,0.2841,0.24933,36.403,0.50565,0.03243,0.3121,219.23,32.15,717.92,REJECT,synthetic_physics
2290.3,30.5,0.889,0.41444,43.884,0.49497,0.07998,0.5462,37.66,30.616,2331.91,MARGINAL,synthetic_physics
2280.6,26.3125,0.5365,0.21554,29.764,0.51963,0.10413,0.559,135.75,26.178,1460.03,REJECT,synthetic_physics
2287.0,31.4375,0.7427,0.45716,39.076,0.47424,0.08584,0.4735,79.52,31.658,1959.86,GOOD,synthetic_physics
2366.0,25.125,0.8393,0.30315,39.349,0.58574,0.09341,0.5223,65.41,24.939,2085.25,MARGINAL,synthetic_physics
2357.9,43.0,0.9005,0.43967,37.959,0.43789,0.07492,0.4543,51.72,43.25,2206.89,REJECT,synthetic_physics
2338.6,30.875,0.8632,0.46889,37.022,0.4341,0.07257,0.4784,66.96,30.939,2071.44,GOOD,synthetic_physics
2397.4,18.125,0.339,0.19593,31.348,0.5802,0.13454,0.5405,202.96,18.197,862.59,REJECT,synthetic_physics
2353.1,20.1875,0.9829,0.44667,41.779,0.50049,0.06276,0.4146,35.94,20.244,2347.21,MARGINAL,synthetic_physics
2409.5,28.8125,1.0542,0.56995,44.0,0.35072,0.03873,0.3613,23.92,28.399,2454.05,MARGINAL,synthetic_physics
2191.1,42.9375,0.6739,0.29633,27.947,0.58588,0.10774,0.5578,94.43,42.903,1827.28,REJECT,synthetic_physics
2279.0,34.3125,1.0502,0.48973,38.738,0.55729,0.10918,0.5245,12.31,34.356,2557.25,MARGINAL,synthetic_physics
2332.2,27.9375,0.9467,0.28452,36.892,0.65069,0.11748,0.635,59.06,28.138,2141.67,REJECT,synthetic_physics
2440.1,25.8125,0.9529,0.51792,44.0,0.43771,0.05961,0.4341,26.92,25.818,2427.39,MARGINAL,synthetic_physics
2413.6,31.875,0.6237,0.30437,37.259,0.4133,0.08774,0.4344,111.3,32.259,1677.32,GOOD,synthetic_physics
2474.8,28.6875,0.5953,0.33688,35.367,0.36323,0.05972,0.3896,129.77,28.909,1513.15,MARGINAL,synthetic_physics
2526.4,37.0,1.054,0.52341,44.0,0.38163,0.05921,0.3713,16.52,37.137,2519.8,MARGINAL,synthetic_physics
2447.4,26.9375,0.6438,0.27521,33.827,0.5478,0.07269,0.4189,108.41,26.988,1702.99,GOOD,synthetic_physics
2474.0,31.0625,0.7101,0.33103,38.445,0.53615,0.05299,0.4028,105.05,31.228,1732.9,GOOD,synthetic_physics
2358.8,28.625,0.6915,0.28479,34.712,0.53515,0.05645,0.4218,117.91,28.443,1618.56,GOOD,synthetic_physics
2494.9,26.4375,0.8113,0.41487,41.525,0.46728,0.06917,0.4097,75.99,26.514,1991.23,GOOD,synthetic_physics
2470.8,36.0625,0.5152,0.27193,29.112,0.47262,0.05759,0.3314,146.53,36.081,1364.13,REJECT,synthetic_physics
2408.7,31.5,0.8021,0.4302,36.786,0.40619,0.043,0.3687,76.35,31.718,1988.03,MARGINAL,synthetic_physics
2507.8,21.9375,0.7163,0.36067,37.087,0.45561,0.04114,0.3822,98.84,22.418,1788.08,MARGINAL,synthetic_physics
2438.5,29.5,0.5791,0.29358,35.323,0.45659,0.06365,0.4384,124.31,29.297,1561.66,GOOD,synthetic_physics
2276.6,40.8125,0.793,0.38605,38.281,0.46809,0.06928,0.5021,56.75,40.989,2162.25,REJECT,synthetic_physics
2366.0,28.375,0.7008,0.24778,34.277,0.58626,0.09316,0.4975,96.04,28.406,1812.94,GOOD,synthetic_physics
2267.7,26.3125,0.6894,0.25787,33.257,0.68916,0.10399,0.5594,111.56,26.296,1675.06,REJECT,synthetic_physics
2370.8,33.25,0.3853,0.18541,34.85,0.61177,0.11241,0.5131,165.35,33.336,1196.9,REJECT,synthetic_physics
2395.8,32.4375,0.7638,0.43208,41.259,0.44557,0.05426,0.4336,85.46,32.445,1907.0,GOOD,synthetic_physics
2390.2,20.25,0.3117,0.19976,27.888,0.75624,0.10625,0.5421,210.06,19.998,799.47,REJECT,synthetic_physics
2517.5,29.5,0.7682,0.38837,39.033,0.36526,0.03353,0.3261,84.63,29.204,1914.43,REJECT,synthetic_physics
2254.0,33.125,0.4619,0.11854,31.794,0.67143,0.11336,0.5948,179.58,33.006,1070.43,REJECT,synthetic_physics
2342.6,29.5625,0.9932,0.44633,42.832,0.48525,0.0874,0.502,36.61,29.413,2341.25,MARGINAL,synthetic_physics
2447.4,30.5,0.6511,0.33481,39.004,0.50365,0.0546,0.4088,119.47,30.356,1604.74,GOOD,synthetic_physics
2370.0,26.375,0.4954,0.22601,27.264,0.7421,0.11203,0.6087,158.02,26.348,1262.02,REJECT,synthetic_physics
2471.6,34.5,0.5185,0.32083,31.477,0.40922,0.05036,0.3809,172.4,34.202,1134.25,REJECT,synthetic_physics
2401.5,32.6875,0.7176,0.28539,33.362,0.49058,0.06798,0.444,115.27,32.755,1642.06,GOOD,synthetic_physics
2329.7,36.25,1.0149,0.51536,43.544,0.50119,0.08827,0.5214,23.64,36.412,2456.54,MARGINAL,synthetic_physics
2443.4,32.625,0.5809,0.35935,40.814,0.49224,0.05046,0.3997,116.73,32.514,1629.11,MARGINAL,synthetic_physics
2504.6,38.75,0.5108,0.20455,33.962,0.42599,0.05143,0.3405,157.81,39.045,1263.87,REJECT,synthetic_physics
2272.5,16.375,0.6358,0.21004,26.679,0.64077,0.15064,0.6386,127.82,16.781,1530.49,REJECT,synthetic_physics
2441.0,28.0,0.5485,0.25992,32.343,0.42296,0.04991,0.3866,165.2,28.105,1198.22,REJECT,synthetic_physics
2429.7,31.375,0.9775,0.5493,44.0,0.41284,0.03471,0.3214,23.02,31.641,2462.02,REJECT,synthetic_physics
2254.0,21.5625,0.6141,0.21584,29.411,0.67907,0.10875,0.6325,137.88,21.185,1441.1,REJECT,synthetic_physics
2427.3,27.125,0.543,0.14367,34.493,0.53305,0.0546,0.4293,139.31,27.59,1428.35,MARGINAL,synthetic_physics
2385.3,25.1875,0.4628,0.25883,28.33,0.58228,0.13479,0.5235,197.58,25.17,910.38,REJECT,synthetic_physics
2401.5,26.5,0.6176,0.30184,36.677,0.44418,0.06848,0.4055,121.19,26.446,1589.4,GOOD,synthetic_physics
2184.7,25.875,0.625,0.23034,25.526,0.65957,0.13414,0.65,119.27,26.061,1606.47,REJECT,synthetic_physics
2315.2,31.6875,0.6506,0.36698,32.215,0.41843,0.08754,0.4215,134.28,31.867,1473.03,MARGINAL,synthetic_physics
2347.5,26.6875,0.714,0.28323,33.398,0.61338,0.07135,0.4962,92.87,26.354,1841.17,GOOD,synthetic_physics
2323.3,19.625,0.5742,0.21084,30.118,0.70579,0.11392,0.5271,140.33,19.499,1419.29,MARGINAL,synthetic_physics
2328.1,39.75,0.31,0.27423,28.161,0.59665,0.09226,0.4832,211.34,40.057,788.08,REJECT,synthetic_physics
2341.8,32.1875,0.4582,0.10063,31.629,0.66559,0.09591,0.5458,146.01,32.377,1368.76,MARGINAL,synthetic_physics
2294.3,28.1875,0.3742,0.1781,27.684,0.70989,0.11751,0.6114,206.44,28.159,831.64,REJECT,synthetic_physics
2463.5,34.5,0.8425,0.37584,34.991,0.47785,0.10036,0.4647,85.51,34.354,1906.61,GOOD,synthetic_physics
2351.5,24.125,0.7839,0.39804,35.423,0.4117,0.0945,0.4805,87.57,23.88,1888.26,GOOD,synthetic_physics
2509.5,29.0625,1.0344,0.53443,44.0,0.33476,0.04288,0.3476,22.78,29.301,2464.18,REJECT,synthetic_physics
2307.2,29.5625,0.6298,0.29487,29.702,0.56132,0.08589,0.5411,134.8,30.013,1468.47,MARGINAL,synthetic_physics
2464.3,23.4375,0.6374,0.31849,34.539,0.40851,0.0704,0.3961,130.26,23.509,1508.83,MARGINAL,synthetic_physics
2392.6,22.9375,0.8895,0.41302,38.417,0.55347,0.08381,0.5127,52.11,22.554,2203.48,MARGINAL,synthetic_physics
2465.9,30.9375,0.4971,0.26386,35.406,0.37875,0.06022,0.4185,153.35,30.977,1303.58,REJECT,synthetic_physics
2442.6,39.25,0.8604,0.48239,40.763,0.35863,0.04424,0.3891,62.95,39.298,2107.08,MARGINAL,synthetic_physics
2316.8,30.3125,0.5787,0.20909,31.221,0.55038,0.09371,0.5375,138.34,30.495,1437.0,MARGINAL,synthetic_physics
2309.6,27.375,0.6849,0.3447,36.599,0.58759,0.08067,0.4885,84.29,27.535,1917.43,GOOD,synthetic_physics
2229.8,23.1875,0.6892,0.17974,28.398,0.68048,0.14207,0.6488,134.95,23.188,1467.09,REJECT,synthetic_physics
2407.1,33.0625,0.606,0.36963,29.397,0.51412,0.07178,0.4504,114.53,32.963,1648.62,GOOD,synthetic_physics
2316.0,35.5,0.8104,0.3975,35.016,0.44443,0.0921,0.4637,76.22,34.986,1989.2,GOOD,synthetic_physics
2213.7,30.6875,0.404,0.1752,23.814,0.62043,0.10272,0.5834,204.02,30.62,853.15,REJECT,synthetic_physics
2448.2,33.3125,0.7366,0.42939,34.516,0.4178,0.06171,0.412,92.34,33.429,1845.91,GOOD,synthetic_physics
2359.6,38.0,0.9106,0.35429,41.614,0.59756,0.06969,0.5294,62.61,38.287,2110.1,MARGINAL,synthetic_physics
2498.2,30.0,0.4016,0.26601,31.199,0.48224,0.04878,0.4009,178.48,29.673,1080.16,REJECT,synthetic_physics
2407.9,31.9375,0.7183,0.304,37.74,0.42517,0.05659,0.3957,112.55,31.314,1666.25,MARGINAL,synthetic_physics
2327.3,33.75,0.3353,0.25279,27.207,0.6116,0.11821,0.495,200.1,34.063,888.04,REJECT,synthetic_physics
2481.2,33.75,0.3951,0.25873,30.298,0.37249,0.0461,0.3532,182.85,33.537,1041.3,REJECT,synthetic_physics
2445.8,30.625,1.1227,0.47901,44.0,0.4494,0.08814,0.4745,10.92,30.59,2569.57,MARGINAL,synthetic_physics
2228.2,32.375,0.5729,0.19559,32.074,0.64179,0.09739,0.5437,152.51,32.311,1311.05,REJECT,synthetic_physics
2509.5,35.0625,0.9467,0.51641,43.072,0.44456,0.03079,0.3263,55.64,35.466,2172.12,REJECT,synthetic_physics
2344.2,28.5,0.7023,0.31824,35.797,0.56535,0.10705,0.4964,112.29,28.353,1668.51,GOOD,synthetic_physics
2478.0,33.3125,0.7295,0.38584,38.847,0.44824,0.06939,0.3995,99.0,33.097,1786.7,MARGINAL,synthetic_physics
2324.9,30.8125,0.3805,0.27424,30.75,0.45342,0.08646,0.456,197.17,31.155,914.07,REJECT,synthetic_physics
2254.8,32.375,0.7278,0.34845,31.344,0.52393,0.10543,0.488,100.56,32.769,1772.82,GOOD,synthetic_physics
2337.8,36.875,0.3594,0.21013,28.73,0.64189,0.10921,0.5579,199.23,37.139,895.72,REJECT,synthetic_physics
2344.2,22.6875,0.8367,0.39086,41.671,0.47001,0.03972,0.4092,63.23,22.306,2104.59,GOOD,synthetic_physics
2377.3,29.75,0.6908,0.33669,40.004,0.45493,0.06417,0.409,95.52,29.662,1817.58,GOOD,synthetic_physics
2320.1,30.75,0.5307,0.20541,30.44,0.5717,0.08249,0.51,145.73,30.5,1371.26,MARGINAL,synthetic_physics
2408.7,27.4375,0.7455,0.39112,38.7,0.48045,0.0535,0.4549,77.98,27.444,1973.47,GOOD,synthetic_physics
2371.6,34.5625,0.5326,0.19486,35.603,0.58863,0.07089,0.4864,139.41,34.343,1427.49,MARGINAL,synthetic_physics
2347.5,27.8125,0.7109,0.40287,36.355,0.52199,0.06568,0.4654,95.47,27.787,1818.01,GOOD,synthetic_physics
2428.9,33.25,0.6019,0.32284,33.58,0.40803,0.06274,0.397,139.52,33.153,1426.45,MARGINAL,synthetic_physics
2402.3,37.5625,0.6043,0.25995,31.889,0.60674,0.10121,0.5246,127.4,37.232,1534.23,MARGINAL,synthetic_physics
2499.0,33.0625,1.0403,0.57301,44.0,0.28356,0.04214,0.3166,13.06,32.888,2550.6,REJECT,synthetic_physics
2200.8,27.9375,0.911,0.42986,39.901,0.64888,0.08895,0.6053,28.48,28.239,2413.53,REJECT,synthetic_physics
2412.7,28.75,0.9631,0.43095,39.676,0.39073,0.04946,0.4297,52.62,29.024,2198.97,GOOD,synthetic_physics
2370.0,28.5,0.6481,0.22519,37.731,0.62838,0.10317,0.4889,121.23,28.098,1589.09,GOOD,synthetic_physics
2392.6,24.75,0.9634,0.46856,43.152,0.54971,0.07234,0.4621,42.28,24.438,2290.85,MARGINAL,synthetic_physics
2296.7,34.4375,0.5533,0.19959,32.831,0.59663,0.11653,0.5215,140.17,34.249,1420.75,MARGINAL,synthetic_physics
2370.8,25.0625,0.6857,0.33305,32.949,0.5393,0.07599,0.4519,90.84,25.274,1859.18,GOOD,synthetic_physics
2373.3,31.5625,0.9639,0.47273,43.321,0.44211,0.06723,0.4564,50.13,31.768,2221.08,GOOD,synthetic_physics
2533.6,36.125,0.7667,0.32082,35.764,0.29977,0.07904,0.3253,117.03,36.224,1626.39,REJECT,synthetic_physics
2208.9,28.375,0.338,0.13269,28.922,0.7172,0.13589,0.6479,207.51,28.565,822.13,REJECT,synthetic_physics
2366.0,22.6875,0.8409,0.3521,39.12,0.50847,0.09009,0.4943,75.68,22.706,1993.93,GOOD,synthetic_physics
2403.1,28.8125,0.9882,0.43112,41.833,0.43292,0.06238,0.4588,55.69,28.657,2171.66,GOOD,synthetic_physics
2538.5,22.0625,0.9223,0.57841,43.793,0.27617,0.04772,0.345,11.89,21.993,2560.97,REJECT,synthetic_physics
2563.4,20.1875,1.0208,0.54862,44.0,0.39607,0.05601,0.373,13.72,20.027,2544.68,MARGINAL,synthetic_physics
2354.7,25.1875,0.8881,0.43347,39.54,0.41423,0.07765,0.4569,59.9,25.113,2134.25,GOOD,synthetic_physics
2468.4,28.25,0.9268,0.42423,38.884,0.51435,0.07493,0.4096,84.8,28.313,1912.87,GOOD,synthetic_physics
2437.7,27.125,0.7341,0.29629,31.472,0.6483,0.09981,0.4915,111.6,27.565,1674.65,GOOD,synthetic_physics
2182.3,44.5,0.3986,0.1509,30.181,0.57617,0.11763,0.5625,188.73,44.689,989.1,REJECT,synthetic_physics
2442.6,31.4375,0.8615,0.47369,40.993,0.31991,0.04904,0.4101,38.54,31.619,2324.1,MARGINAL,synthetic_physics
2423.2,17.0,0.3755,0.21471,31.556,0.52177,0.10029,0.494,194.27,16.869,939.84,REJECT,synthetic_physics
2395.0,26.75,0.8834,0.42624,44.0,0.48379,0.0326,0.4102,56.36,26.827,2165.65,GOOD,synthetic_physics
2241.9,19.375,0.8332,0.2996,34.046,0.44491,0.1198,0.5182,97.95,19.462,1796.04,MARGINAL,synthetic_physics
2415.2,23.125,0.7047,0.31843,36.865,0.5462,0.09227,0.4845,99.58,23.337,1781.55,GOOD,synthetic_physics
2441.0,38.9375,0.3083,0.24445,34.12,0.57217,0.0736,0.4199,211.65,38.767,785.37,REJECT,synthetic_physics
2482.1,28.5,0.6461,0.35269,37.86,0.44416,0.06195,0.4495,102.27,28.289,1757.57,GOOD,synthetic_physics
2316.0,30.0625,0.6347,0.27426,29.103,0.60674,0.08821,0.4955,123.8,30.674,1566.18,GOOD,synthetic_physics
2352.3,26.9375,0.9185,0.47603,43.818,0.43701,0.05631,0.4801,22.72,27.258,2464.68,MARGINAL,synthetic_physics
2556.2,32.8125,0.3507,0.26733,32.332,0.43872,0.03402,0.3195,210.54,32.741,795.22,REJECT,synthetic_physics
2227.4,35.3125,0.4941,0.08741,27.013,0.68257,0.11821,0.6496,154.4,35.237,1294.18,REJECT,synthetic_physics
2158.9,28.875,0.5336,0.18366,20.892,0.66905,0.14423,0.6458,151.79,29.225,1317.46,REJECT,synthetic_physics
2561.0,37.75,0.7921,0.41878,38.492,0.3909,0.04745,0.3255,68.96,37.412,2053.68,REJECT,synthetic_physics
2441.0,30.5625,0.9461,0.44717,43.511,0.44435,0.07005,0.5095,15.2,30.882,2531.59,MARGINAL,synthetic_physics
2369.2,40.3125,0.6821,0.34814,36.293,0.35868,0.0518,0.3458,123.03,40.262,1573.07,REJECT,synthetic_physics
2324.1,26.5625,0.3682,0.22716,33.247,0.54089,0.08156,0.4512,203.56,26.267,857.28,REJECT,synthetic_physics
2302.3,26.4375,1.1086,0.47312,43.842,0.43139,0.10054,0.5402,14.15,26.213,2540.85,MARGINAL,synthetic_physics
2376.5,40.3125,0.4321,0.25042,29.489,0.52688,0.09807,0.4718,169.21,40.119,1162.62,REJECT,synthetic_physics
2320.9,39.4375,0.3851,0.21164,29.607,0.6723,0.13455,0.5776,181.16,39.604,1056.4,REJECT,synthetic_physics
2488.5,29.125,0.6398,0.32049,32.019,0.55986,0.07193,0.4226,114.49,28.922,1649.01,GOOD,synthetic_physics
2477.2,19.25,0.7962,0.42207,44.0,0.42303,0.05645,0.4102,62.04,19.388,2115.21,GOOD,synthetic_physics
2406.3,27.0625,0.7964,0.31686,36.57,0.53898,0.0711,0.4152,110.6,26.857,1683.53,GOOD,synthetic_physics
2297.5,36.375,0.7225,0.30587,37.769,0.56215,0.10836,0.5193,89.99,36.571,1866.72,MARGINAL,synthetic_physics
2304.8,25.8125,0.8592,0.35993,39.549,0.60107,0.10343,0.5654,52.68,25.757,2198.44,REJECT,synthetic_physics
2411.1,30.125,0.7784,0.47597,44.0,0.42775,0.06084,0.4107,53.08,29.839,2194.83,GOOD,synthetic_physics
2425.6,32.0625,0.4185,0.24141,32.426,0.56575,0.08902,0.4836,194.79,32.206,935.22,REJECT,synthetic_physics
2438.5,22.8125,0.807,0.37302,41.498,0.42239,0.04653,0.3777,57.3,22.932,2157.34,MARGINAL,synthetic_physics
2490.1,24.4375,0.6479,0.29018,36.069,0.58758,0.07247,0.4594,118.5,24.108,1613.29,GOOD,synthetic_physics
2439.3,35.25,0.6407,0.26479,34.888,0.46973,0.08599,0.4957,100.42,35.051,1774.01,MARGINAL,synthetic_physics
2404.7,26.875,0.5862,0.19745,36.304,0.52671,0.08416,0.4621,138.0,26.953,1440.03,MARGINAL,synthetic_physics
2391.0,28.6875,0.6416,0.31754,34.985,0.59863,0.08921,0.4574,119.15,28.709,1607.56,GOOD,synthetic_physics
2429.7,30.625,0.8887,0.49071,38.342,0.40073,0.04688,0.3679,60.76,30.655,2126.54,MARGINAL,synthetic_physics
2227.4,30.1875,0.902,0.39718,36.125,0.62672,0.10637,0.6094,50.48,30.243,2217.99,REJECT,synthetic_physics
2374.9,26.125,0.8262,0.41367,37.069,0.4156,0.10354,0.4996,62.54,26.367,2110.76,GOOD,synthetic_physics
2403.1,29.125,1.0131,0.51001,44.0,0.43054,0.06327,0.429,19.71,29.13,2491.48,MARGINAL,synthetic_physics
2406.3,32.625,0.7745,0.3759,35.299,0.48551,0.06239,0.4328,84.48,32.662,1915.77,GOOD,synthetic_physics
2386.2,26.75,0.3221,0.25468,27.76,0.57368,0.09278,0.487,212.8,26.594,775.12,REJECT,synthetic_physics
2418.4,29.5,0.9345,0.48388,44.0,0.50281,0.06438,0.4587,41.95,30.029,2293.79,MARGINAL,synthetic_physics
2416.0,32.8125,1.0161,0.44793,42.534,0.38919,0.08386,0.4278,38.45,32.839,2324.87,MARGINAL,synthetic_physics
2286.2,26.0,0.8381,0.37193,37.95,0.65055,0.08702,0.5646,50.49,26.114,2217.86,REJECT,synthetic_physics
2312.8,25.9375,0.4653,0.21243,26.845,0.70996,0.09554,0.5668,185.45,25.858,1018.26,REJECT,synthetic_physics
2439.3,17.375,0.7387,0.42572,41.136,0.47944,0.09076,0.4422,80.71,17.674,1949.22,GOOD,synthetic_physics
2395.0,31.625,0.6978,0.27834,34.852,0.49231,0.08681,0.4519,122.39,31.732,1578.76,GOOD,synthetic_physics
2226.6,35.125,0.7227,0.27255,31.077,0.58485,0.12457,0.548,101.83,35.286,1761.49,MARGINAL,synthetic_physics
2291.1,23.1875,0.4409,0.15598,28.676,0.74235,0.15214,0.6313,164.69,23.097,1202.76,REJECT,synthetic_physics
2259.6,29.1875,0.3631,0.18785,23.139,0.65466,0.10932,0.5525,218.98,29.222,720.19,REJECT,synthetic_physics
2351.5,35.9375,0.8303,0.42268,36.22,0.50302,0.05518,0.4461,80.42,35.814,1951.79,MARGINAL,synthetic_physics
2447.4,35.8125,1.0608,0.44663,44.0,0.35464,0.04228,0.3785,30.87,35.79,2392.24,MARGINAL,synthetic_physics
2416.8,33.75,0.8194,0.38041,39.164,0.45872,0.04919,0.4083,83.7,34.331,1922.67,GOOD,synthetic_physics
2387.8,37.125,0.3695,0.24115,29.817,0.44803,0.07944,0.4349,201.85,37.234,872.44,REJECT,synthetic_physics
2422.4,28.375,0.8175,0.40134,41.577,0.41617,0.09271,0.4239,75.28,28.487,1997.49,GOOD,synthetic_physics
2461.9,27.5625,0.27,0.21953,32.045,0.51675,0.07977,0.4706,219.64,27.438,714.27,REJECT,synthetic_physics
2316.8,28.4375,0.7908,0.37195,39.706,0.44025,0.06589,0.4707,88.39,28.292,1880.95,GOOD,synthetic_physics
2358.8,28.125,0.8889,0.33364,35.171,0.48087,0.07924,0.4825,85.07,27.809,1910.46,GOOD,synthetic_physics
2507.8,19.1875,0.8364,0.45836,38.589,0.27433,0.07767,0.3648,75.72,19.111,1993.58,MARGINAL,synthetic_physics
2387.0,33.25,0.8599,0.34851,40.78,0.53143,0.08898,0.4526,80.0,33.42,1955.57,GOOD,synthetic_physics
2457.1,32.625,0.8165,0.38112,38.842,0.47848,0.06242,0.375,92.42,32.886,1845.19,MARGINAL,synthetic_physics
2353.1,26.25,0.4831,0.21674,30.658,0.66566,0.0752,0.5078,158.59,26.561,1256.97,REJECT,synthetic_physics
2463.5,23.5625,0.7179,0.39462,34.021,0.52644,0.08862,0.4379,78.22,23.369,1971.39,GOOD,synthetic_physics
2412.7,30.375,0.9137,0.38587,37.676,0.42393,0.06746,0.4383,64.14,30.469,2096.53,GOOD,synthetic_physics
2344.2,33.0,0.5217,0.2173,31.94,0.5554,0.09515,0.5051,167.04,33.195,1181.88,REJECT,synthetic_physics
2234.7,24.6875,0.5683,0.17318,30.93,0.65556,0.12514,0.5933,175.39,24.803,1107.61,REJECT,synthetic_physics
2210.5,39.1875,0.8465,0.34922,32.6,0.70184,0.12155,0.6227,71.62,39.264,2030.03,REJECT,synthetic_physics
2411.9,19.75,0.7043,0.38052,39.475,0.43423,0.07625,0.4225,99.01,19.759,1786.61,GOOD,synthetic_physics
2372.5,34.25,0.7263,0.27915,35.436,0.60391,0.09164,0.4855,108.29,34.202,1704.06,GOOD,synthetic_physics
2460.3,36.3125,0.3896,0.29586,32.765,0.41411,0.06779,0.3663,191.98,36.257,960.16,REJECT,synthetic_physics
2411.9,29.1875,0.7009,0.28644,30.909,0.43406,0.06299,0.4319,110.77,28.66,1682.06,GOOD,synthetic_physics
2371.6,38.0625,0.7779,0.34125,39.186,0.52166,0.07547,0.453,73.82,37.608,2010.51,MARGINAL,synthetic_physics
2266.9,36.125,0.3394,0.20627,24.912,0.68016,0.13341,0.5305,206.74,35.862,829.0,REJECT,synthetic_physics
2320.9,25.0,0.7855,0.37008,41.057,0.46914,0.06708,0.4482,68.79,24.78,2055.17,GOOD,synthetic_physics
2359.6,26.875,0.6336,0.27852,35.413,0.54412,0.07849,0.4556,123.62,26.659,1567.82,GOOD,synthetic_physics
2407.1,30.0625,1.0172,0.41907,42.308,0.5104,0.05045,0.4205,38.22,29.907,2326.94,MARGINAL,synthetic_physics
2438.5,37.9375,1.0177,0.476,43.539,0.43438,0.04692,0.4349,34.76,37.953,2357.71,MARGINAL,synthetic_physics
2422.4,21.75,0.765,0.33849,38.396,0.42788,0.05798,0.4492,95.98,21.776,1813.55,GOOD,synthetic_physics
2478.8,21.0625,0.7632,0.29825,34.829,0.42878,0.0698,0.4094,123.88,20.79,1565.54,GOOD,synthetic_physics
2378.9,32.0625,1.0117,0.48326,43.672,0.36744,0.05108,0.4067,16.33,32.213,2521.48,MARGINAL,synthetic_physics
2518.3,25.4375,0.467,0.25732,37.175,0.31224,0.05032,0.3043,202.51,25.2,866.59,REJECT,synthetic_physics
2353.9,28.875,0.8498,0.4135,41.228,0.49633,0.08697,0.4662,59.22,29.123,2140.25,GOOD,synthetic_physics
2446.6,35.125,0.6044,0.26182,32.891,0.55793,0.07706,0.4025,141.62,35.204,1407.79,MARGINAL,synthetic_physics
2441.0,26.5,0.5655,0.3795,35.331,0.31809,0.04787,0.3628,133.09,26.755,1483.68,MARGINAL,synthetic_physics
2281.4,35.75,1.0101,0.4936,43.66,0.56347,0.10233,0.5255,19.46,35.419,2493.68,MARGINAL,synthetic_physics
2374.9,35.0625,0.7532,0.35263,33.607,0.50608,0.09108,0.4284,111.42,34.892,1676.26,GOOD,synthetic_physics
2453.8,32.25,0.8433,0.4201,36.548,0.52243,0.07306,0.4711,61.95,32.043,2116.02,GOOD,synthetic_physics
2366.8,32.0625,0.947,0.45337,42.558,0.38193,0.06437,0.4706,23.02,32.044,2462.08,MARGINAL,synthetic_physics
2527.2,22.375,0.7568,0.34904,34.304,0.49603,0.05822,0.4093,91.7,22.443,1851.56,GOOD,synthetic_physics
2345.1,28.25,1.0035,0.42054,39.419,0.50796,0.07958,0.5586,19.62,28.315,2492.27,REJECT,synthetic_physics
2437.7,36.5625,0.5512,0.20745,28.827,0.4003,0.07765,0.4097,148.33,36.762,1348.2,MARGINAL,synthetic_physics
2438.5,29.6875,0.8352,0.43643,42.014,0.50934,0.08403,0.5003,47.8,29.645,2241.8,MARGINAL,synthetic_physics
2353.9,26.1875,0.6111,0.31655,31.703,0.54656,0.08757,0.4563,105.78,26.003,1726.38,GOOD,synthetic_physics
2406.3,34.5625,0.6398,0.2901,36.35,0.46364,0.08438,0.4114,122.39,34.797,1578.76,GOOD,synthetic_physics
2534.4,17.5625,0.3332,0.24386,33.506,0.40617,0.04195,0.3087,208.29,17.686,815.24,REJECT,synthetic_physics
2237.9,30.25,0.9303,0.34107,34.35,0.578,0.10778,0.5971,57.93,30.403,2151.76,REJECT,synthetic_physics
2340.2,33.125,1.0154,0.44382,37.024,0.51711,0.08384,0.5348,22.24,33.598,2469.01,MARGINAL,synthetic_physics
2474.0,22.375,0.7521,0.32799,33.693,0.53723,0.09464,0.4596,101.58,22.621,1763.77,GOOD,synthetic_physics
2318.5,28.9375,0.7756,0.2696,30.965,0.54801,0.10349,0.5644,89.05,29.045,1875.15,REJECT,synthetic_physics
2478.0,25.25,0.8645,0.38376,39.959,0.37242,0.06363,0.39,78.44,25.488,1969.46,MARGINAL,synthetic_physics
2366.8,26.875,0.7171,0.33457,36.524,0.46838,0.06048,0.4243,100.79,26.704,1770.72,GOOD,synthetic_physics
2520.7,25.6875,1.0629,0.53734,43.139,0.35311,0.06775,0.4392,31.07,25.879,2390.51,MARGINAL,synthetic_physics
2265.3,27.875,0.6434,0.1679,29.352,0.58726,0.15704,0.6022,125.05,27.698,1555.1,REJECT,synthetic_physics
2229.0,32.5625,0.5371,0.12808,36.292,0.71172,0.12073,0.6344,140.7,32.75,1416.03,REJECT,synthetic_physics
2421.6,29.9375,0.7826,0.39443,40.593,0.41278,0.07591,0.4176,83.58,30.125,1923.73,GOOD,synthetic_physics
2469.2,23.3125,0.7423,0.38341,36.293,0.31883,0.04245,0.3641,88.5,23.317,1880.0,MARGINAL,synthetic_physics
2391.0,26.5625,1.051,0.49371,44.0,0.41134,0.05885,0.4307,26.58,26.636,2430.44,MARGINAL,synthetic_physics
2331.4,22.75,0.5151,0.33415,36.584,0.47083,0.07044,0.4217,152.77,22.913,1308.68,REJECT,synthetic_physics
2381.3,28.375,0.9164,0.48518,41.664,0.44701,0.04586,0.4012,49.12,27.773,2230.06,MARGINAL,synthetic_physics
2425.6,28.25,0.5359,0.17851,32.831,0.47973,0.06311,0.4886,148.19,28.225,1349.45,MARGINAL,synthetic_physics
2360.4,32.5,0.746,0.32811,36.905,0.45832,0.0674,0.4667,102.47,32.331,1755.84,GOOD,synthetic_physics
2438.5,25.1875,0.5613,0.30525,33.291,0.35775,0.04912,0.3575,142.35,25.097,1401.37,MARGINAL,synthetic_physics
2585.2,25.25,0.3682,0.25221,30.249,0.39496,0.06464,0.3121,186.67,24.962,1007.37,REJECT,synthetic_physics
2237.9,24.5,0.9805,0.40082,36.03,0.62137,0.09841,0.604,30.81,24.165,2392.78,REJECT,synthetic_physics
2511.9,29.0625,0.5335,0.31982,37.081,0.55241,0.06984,0.3512,158.75,28.993,1255.59,REJECT,synthetic_physics
2476.4,28.75,0.7511,0.30707,36.381,0.28965,0.04217,0.3646,121.73,28.838,1584.58,MARGINAL,synthetic_physics
2376.5,31.3125,0.6946,0.31959,37.951,0.47976,0.08144,0.4527,97.39,31.143,1800.93,GOOD,synthetic_physics
2279.0,27.0,0.8512,0.37456,39.07,0.58221,0.08309,0.5477,58.35,26.7,2147.96,MARGINAL,synthetic_physics
2367.6,28.75,0.9491,0.46499,37.815,0.52145,0.07357,0.5031,23.22,28.769,2460.28,MARGINAL,synthetic_physics
2277.4,24.875,0.5423,0.26564,28.323,0.42046,0.07347,0.4906,137.11,25.243,1447.87,MARGINAL,synthetic_physics
2436.9,22.375,0.6105,0.31996,37.199,0.42456,0.07242,0.4096,117.44,22.498,1622.74,GOOD,synthetic_physics
2331.4,36.0625,0.285,0.18296,30.226,0.55349,0.08843,0.5057,203.72,36.377,855.81,REJECT,synthetic_physics
2499.8,34.8125,0.645,0.3513,37.312,0.32757,0.07927,0.3006,116.91,34.816,1627.46,REJECT,synthetic_physics
2557.0,25.9375,1.0047,0.4795,44.0,0.47055,0.06204,0.3956,31.72,25.8,2384.73,MARGINAL,synthetic_physics
2291.9,34.8125,0.7111,0.2952,28.599,0.55013,0.08283,0.5501,90.45,34.586,1862.65,REJECT,synthetic_physics
2465.1,22.375,0.9397,0.47928,36.318,0.31884,0.06687,0.4144,53.77,22.364,2188.71,GOOD,synthetic_physics
2261.2,25.9375,0.6444,0.31635,28.442,0.75584,0.14097,0.648,100.84,26.416,1770.35,REJECT,synthetic_physics
2341.8,30.1875,0.658,0.30024,31.112,0.4828,0.0756,0.476,121.66,30.206,1585.25,GOOD,synthetic_physics
2465.1,38.6875,0.622,0.29239,33.797,0.52081,0.05074,0.3944,132.42,38.496,1489.59,MARGINAL,synthetic_physics
2282.2,35.0,0.83,0.31756,35.766,0.53833,0.0985,0.5403,83.95,35.494,1920.44,MARGINAL,synthetic_physics
2410.3,30.25,0.7276,0.37569,30.983,0.62067,0.08209,0.5015,77.16,30.514,1980.79,MARGINAL,synthetic_physics
2420.8,25.0625,0.7041,0.29246,36.172,0.38797,0.05938,0.4258,107.38,25.019,1712.2,GOOD,synthetic_physics
2454.7,23.6875,0.9483,0.49209,42.713,0.41023,0.04568,0.3643,31.53,23.457,2386.41,MARGINAL,synthetic_physics
2408.7,30.3125,0.752,0.37681,36.555,0.46279,0.05753,0.4371,86.23,30.141,1900.16,GOOD,synthetic_physics
2393.4,30.0625,0.7801,0.40101,36.681,0.3153,0.04642,0.4019,78.05,30.188,1972.87,GOOD,synthetic_physics
2295.9,29.0,0.6918,0.37578,36.043,0.60443,0.06479,0.4701,106.0,29.515,1724.48,GOOD,synthetic_physics
2235.5,34.5625,0.7663,0.26602,33.296,0.67731,0.13773,0.591,93.01,34.81,1839.9,REJECT,synthetic_physics
2454.7,23.625,0.8201,0.36967,37.234,0.52233,0.05257,0.4456,69.06,23.97,2052.81,GOOD,synthetic_physics
2438.5,30.25,0.8225,0.43849,39.801,0.47034,0.06587,0.4062,87.63,30.273,1887.78,GOOD,synthetic_physics
2382.1,29.125,0.5925,0.24655,33.749,0.43262,0.05582,0.3744,144.58,29.142,1381.54,MARGINAL,synthetic_physics
2391.8,36.0,0.905,0.37154,36.999,0.49577,0.07817,0.4913,55.84,36.026,2170.3,MARGINAL,synthetic_physics
2248.4,27.125,0.943,0.42549,35.723,0.69664,0.09888,0.5918,40.16,26.937,2309.67,REJECT,synthetic_physics
2513.5,25.0625,0.7734,0.46541,41.738,0.33596,0.05781,0.3649,84.75,25.322,1913.38,MARGINAL,synthetic_physics
2491.7,26.125,0.9126,0.49869,42.298,0.35727,0.0446,0.352,58.31,26.376,2148.39,MARGINAL,synthetic_physics
2322.5,33.6875,0.7516,0.27683,36.78,0.66034,0.11069,0.5257,106.83,33.94,1717.05,MARGINAL,synthetic_physics
2374.9,25.5625,0.7911,0.37196,35.072,0.47281,0.0942,0.4761,68.23,25.243,2060.14,GOOD,synthetic_physics
2359.6,32.875,0.7646,0.40106,37.075,0.45817,0.06074,0.4681,77.75,32.797,1975.57,GOOD,synthetic_physics
2358.8,25.875,0.8094,0.31696,38.312,0.47138,0.09043,0.4863,84.15,25.85,1918.64,GOOD,synthetic_physics
2355.5,32.3125,0.776,0.36982,34.44,0.47655,0.05906,0.4332,92.2,32.064,1847.09,GOOD,synthetic_physics
2258.0,36.8125,0.9957,0.38576,36.276,0.64207,0.12309,0.6316,26.76,37.081,2428.83,REJECT,synthetic_physics
2490.9,39.8125,0.4212,0.28042,28.708,0.58086,0.08014,0.4182,179.66,39.578,1069.72,REJECT,synthetic_physics
2332.2,36.8125,0.9192,0.37055,39.281,0.57187,0.1181,0.5393,68.54,36.939,2057.42,MARGINAL,synthetic_physics
2334.6,39.875,0.5955,0.23558,28.679,0.61021,0.11577,0.5265,145.67,39.619,1371.79,MARGINAL,synthetic_physics
2293.5,41.75,0.4811,0.22223,25.596,0.60948,0.11091,0.55,161.2,41.763,1233.77,REJECT,synthetic_physics
2370.8,31.5625,0.7332,0.2925,34.479,0.63821,0.10042,0.5266,107.09,31.561,1714.75,MARGINAL,synthetic_physics
2184.7,43.0,0.8185,0.2812,33.945,0.68735,0.13369,0.6404,79.23,42.661,1962.38,REJECT,synthetic_physics
2544.1,23.5,0.5036,0.26984,31.767,0.34871,0.05135,0.3052,162.63,23.543,1221.03,REJECT,synthetic_physics
2544.1,23.4375,1.0142,0.56318,43.319,0.30008,0.02698,0.3279,13.89,23.689,2543.22,REJECT,synthetic_physics
2289.5,28.5,0.6145,0.30598,34.526,0.64472,0.07568,0.4726,122.3,28.624,1579.59,GOOD,synthetic_physics
2310.4,37.9375,0.711,0.37583,35.841,0.56158,0.08143,0.4923,89.0,37.994,1875.56,MARGINAL,synthetic_physics
2288.6,30.1875,0.7391,0.35443,41.918,0.56164,0.09141,0.4756,88.85,29.883,1876.93,GOOD,synthetic_physics
2421.6,35.75,0.9645,0.49468,41.502,0.40551,0.04501,0.3832,34.35,36.038,2361.31,MARGINAL,synthetic_physics
2436.1,27.0,0.7996,0.40204,42.429,0.31505,0.05892,0.3484,82.75,26.837,1931.08,REJECT,synthetic_physics
2445.0,36.625,0.589,0.24871,36.148,0.45462,0.0854,0.4209,127.08,36.941,1537.07,MARGINAL,synthetic_physics
2297.5,30.375,0.6222,0.21583,29.931,0.62053,0.11855,0.6077,123.35,30.333,1570.26,REJECT,synthetic_physics
2295.1,30.6875,0.7833,0.35733,38.296,0.53907,0.06323,0.4424,80.46,30.778,1951.5,GOOD,synthetic_physics
2419.2,31.0625,0.957,0.53007,41.871,0.30213,0.0394,0.3593,53.58,31.01,2190.38,MARGINAL,synthetic_physics
2412.7,33.5,0.9842,0.47969,43.974,0.34147,0.0565,0.3781,22.42,33.261,2467.34,MARGINAL,synthetic_physics
2502.2,27.125,0.9438,0.39449,38.752,0.34433,0.05699,0.3735,52.69,27.21,2198.32,MARGINAL,synthetic_physics
2304.0,27.875,1.0728,0.52495,42.785,0.44692,0.07412,0.5286,11.17,28.045,2567.35,MARGINAL,synthetic_physics
2329.7,27.375,0.9936,0.4357,40.845,0.55113,0.122,0.5832,20.15,27.368,2487.55,REJECT,synthetic_physics
2237.1,12.25,0.8591,0.27877,33.93,0.61239,0.10815,0.5721,87.97,12.0,1884.74,REJECT,synthetic_physics
2384.5,34.375,0.877,0.37945,42.712,0.4473,0.0999,0.4848,60.61,34.215,2127.95,GOOD,synthetic_physics
2180.7,35.5625,0.5623,0.26444,26.857,0.69082,0.12668,0.6484,134.9,35.644,1467.57,REJECT,synthetic_physics
2322.5,26.0625,0.345,0.21084,30.988,0.53763,0.10295,0.507,205.11,25.989,843.46,REJECT,synthetic_physics
2382.9,29.9375,0.9017,0.39456,35.885,0.39087,0.06783,0.422,80.9,29.925,1947.6,GOOD,synthetic_physics
2369.2,34.3125,0.7003,0.2816,36.374,0.43777,0.0735,0.4182,114.74,34.813,1646.75,GOOD,synthetic_physics
2363.6,35.125,0.8114,0.38943,39.635,0.48642,0.05949,0.4538,73.61,34.769,2012.36,GOOD,synthetic_physics
2309.6,23.6875,0.9243,0.42401,38.811,0.65216,0.10053,0.599,37.74,23.291,2331.17,REJECT,synthetic_physics
2356.3,28.5,0.771,0.3683,41.416,0.47756,0.07335,0.4339,96.54,28.764,1808.49,GOOD,synthetic_physics
2391.8,22.0,0.6446,0.32475,36.364,0.54783,0.08782,0.475,106.8,22.318,1717.35,GOOD,synthetic_physics
2250.8,28.875,0.6802,0.16411,28.117,0.72578,0.14218,0.6182,122.35,28.522,1579.08,REJECT,synthetic_physics
2176.6,36.6875,1.0738,0.43934,43.166,0.65738,0.10993,0.6321,17.48,36.679,2511.31,REJECT,synthetic_physics
2364.4,32.0625,0.8019,0.33231,35.887,0.55484,0.08486,0.4889,90.39,32.253,1863.17,GOOD,synthetic_physics
2540.1,24.3125,0.3334,0.31078,36.635,0.41024,0.06723,0.3812,219.24,24.529,717.88,REJECT,synthetic_physics
2424.0,17.5625,1.0453,0.49326,41.747,0.37329,0.06559,0.4868,10.6,17.15,2572.45,MARGINAL,synthetic_physics
2364.4,30.5,0.8129,0.40756,40.304,0.50071,0.03985,0.4507,77.99,30.244,1973.43,GOOD,synthetic_physics
2417.6,31.6875,0.7973,0.33332,33.953,0.50405,0.08281,0.4906,98.01,31.732,1795.44,GOOD,synthetic_physics
2450.6,29.625,0.7699,0.4011,39.286,0.43883,0.09251,0.4359,101.22,29.448,1766.96,GOOD,synthetic_physics
2429.7,22.25,0.6502,0.20699,29.179,0.52631,0.07085,0.4424,137.23,22.209,1446.84,MARGINAL,synthetic_physics
2391.8,32.375,0.7646,0.36567,35.193,0.49727,0.10654,0.5116,79.37,32.742,1961.16,MARGINAL,synthetic_physics
2402.3,32.5,0.6245,0.33783,35.386,0.47791,0.05485,0.3826,134.81,32.58,1468.37,MARGINAL,synthetic_physics
2199.2,33.9375,0.8167,0.38565,39.43,0.57507,0.08258,0.5247,58.34,33.476,2148.06,MARGINAL,synthetic_physics
2396.6,31.3125,0.7824,0.33641,36.601,0.50914,0.09853,0.493,84.87,31.174,1912.24,GOOD,synthetic_physics
2320.1,30.0,0.8279,0.4545,40.311,0.49018,0.04587,0.4033,55.32,29.634,2174.9,GOOD,synthetic_physics
2250.0,31.1875,0.4361,0.25042,26.225,0.65419,0.08562,0.4913,166.28,31.656,1188.66,REJECT,synthetic_physics
2494.9,33.375,0.596,0.35337,34.065,0.46571,0.06478,0.3783,120.75,33.464,1593.38,MARGINAL,synthetic_physics
2584.4,35.5,1.0375,0.56191,44.0,0.26003,0.02232,0.3018,13.44,35.296,2547.23,REJECT,synthetic_physics
2299.9,29.5,0.6959,0.33022,30.425,0.58249,0.08976,0.5313,114.47,29.456,1649.13,MARGINAL,synthetic_physics
2472.4,26.875,0.8697,0.52957,40.496,0.37846,0.05307,0.3083,56.65,26.686,2163.13,REJECT,synthetic_physics
2458.7,36.0,0.5741,0.31453,38.085,0.42492,0.04591,0.3801,134.57,35.964,1470.53,MARGINAL,synthetic_physics
2408.7,32.75,0.8666,0.48734,39.313,0.45614,0.07132,0.4144,57.01,32.719,2159.92,GOOD,synthetic_physics
2324.1,26.3125,0.519,0.26019,27.609,0.60559,0.10913,0.5524,142.52,26.451,1399.84,REJECT,synthetic_physics
2369.2,28.5625,0.589,0.23383,36.838,0.56005,0.07148,0.4601,133.25,28.889,1482.19,MARGINAL,synthetic_physics
2404.7,36.5625,0.7757,0.40311,35.962,0.40657,0.04312,0.3817,94.03,36.865,1830.87,MARGINAL,synthetic_physics
2291.1,34.625,0.8592,0.39577,39.863,0.51865,0.0787,0.4759,63.73,34.652,2100.16,GOOD,synthetic_physics
2514.3,27.1875,0.4889,0.28848,29.785,0.41331,0.0605,0.3327,170.07,27.423,1154.9,REJECT,synthetic_physics
2387.8,29.6875,0.7163,0.36468,34.838,0.49736,0.04127,0.3924,103.91,29.997,1743.03,MARGINAL,synthetic_physics
2284.6,23.75,0.5481,0.20032,30.926,0.59414,0.08107,0.4966,145.76,23.596,1371.06,MARGINAL,synthetic_physics
2441.0,29.625,0.9103,0.46927,43.87,0.38744,0.04805,0.4159,36.56,29.478,2341.71,MARGINAL,synthetic_physics
2291.9,22.5625,0.8547,0.39681,42.439,0.66635,0.12974,0.5928,59.7,22.698,2136.04,REJECT,synthetic_physics
2446.6,37.875,0.8467,0.36872,40.945,0.46051,0.03581,0.3642,82.74,37.489,1931.23,MARGINAL,synthetic_physics
2432.9,25.3125,0.9455,0.44618,41.681,0.43441,0.08293,0.4557,55.06,25.522,2177.26,GOOD,synthetic_physics
2385.3,34.5625,0.871,0.39476,38.667,0.52665,0.07974,0.4844,68.52,34.671,2057.59,GOOD,synthetic_physics
2310.4,31.6875,0.3943,0.2126,24.58,0.58574,0.10588,0.5282,193.0,31.882,951.13,REJECT,synthetic_physics
2441.0,30.9375,0.8848,0.52909,41.028,0.3226,0.0273,0.3612,62.58,31.228,2110.41,MARGINAL,synthetic_physics
2405.5,25.125,0.6697,0.3002,30.859,0.56064,0.08159,0.4588,117.71,24.89,1620.34,GOOD,synthetic_physics
2387.8,30.875,0.7592,0.37696,38.657,0.37469,0.05457,0.422,94.11,31.008,1830.12,GOOD,synthetic_physics
2521.5,26.625,0.595,0.2332,33.97,0.34438,0.06,0.3482,138.96,26.694,1431.43,REJECT,synthetic_physics
2308.8,22.0625,0.6519,0.30468,32.44,0.59069,0.08638,0.5209,120.79,22.063,1592.96,MARGINAL,synthetic_physics
2113.0,29.375,0.8758,0.3367,35.563,0.69591,0.12018,0.6299,69.6,29.395,2048.04,REJECT,synthetic_physics
2435.3,34.1875,0.4354,0.28439,35.147,0.40805,0.06903,0.4055,171.83,33.984,1139.31,REJECT,synthetic_physics
2172.6,37.8125,0.7946,0.3131,33.897,0.70079,0.12189,0.6156,68.48,37.711,2057.96,REJECT,synthetic_physics
2309.6,19.75,0.7178,0.36939,29.529,0.53943,0.09504,0.481,93.69,19.739,1833.85,GOOD,synthetic_physics
2382.1,26.125,0.5109,0.23019,29.227,0.4336,0.09453,0.4569,162.27,26.502,1224.24,REJECT,synthetic_physics
2350.7,38.1875,0.3477,0.26914,30.719,0.42228,0.06267,0.3817,209.45,37.742,804.93,REJECT,synthetic_physics
2478.0,25.75,0.7942,0.42769,36.54,0.38343,0.05554,0.3861,86.56,25.732,1897.22,MARGINAL,synthetic_physics
2443.4,26.0625,0.6898,0.35435,34.391,0.44006,0.07904,0.4717,81.64,25.904,1941.02,GOOD,synthetic_physics
2328.1,33.5625,0.8535,0.39781,36.016,0.47309,0.08751,0.4416,98.01,33.543,1795.48,GOOD,synthetic_physics
2441.0,29.8125,0.7042,0.37044,39.805,0.4132,0.07702,0.4418,98.63,29.653,1789.96,GOOD,synthetic_physics
2250.8,27.625,0.6055,0.23996,27.177,0.62655,0.09307,0.5682,136.68,27.746,1451.74,REJECT,synthetic_physics
2388.6,27.9375,0.7813,0.37753,35.875,0.52946,0.06929,0.4412,91.29,27.912,1855.22,GOOD,synthetic_physics
2258.0,42.0,0.6411,0.28349,31.839,0.50378,0.10788,0.5226,132.94,42.126,1485.02,REJECT,synthetic_physics
2461.9,25.25,0.8767,0.41919,40.842,0.48522,0.09004,0.4338,60.61,25.257,2127.93,GOOD,synthetic_physics
2462.7,19.9375,0.4486,0.24426,33.447,0.55314,0.07479,0.4191,172.43,20.093,1133.93,REJECT,synthetic_physics
2270.9,28.0,0.8967,0.42561,44.0,0.41408,0.07829,0.489,36.08,27.7,2345.94,MARGINAL,synthetic_physics
2406.3,31.25,0.9921,0.42912,41.653,0.50609,0.04448,0.4008,58.47,31.096,2146.91,GOOD,synthetic_physics
2391.8,31.75,0.6584,0.28814,34.087,0.49671,0.09014,0.4678,108.52,32.26,1702.01,GOOD,synthetic_physics
2413.6,33.1875,0.769,0.41216,37.488,0.56587,0.05909,0.448,74.17,33.246,2007.38,GOOD,synthetic_physics
2368.4,19.6875,1.0052,0.48229,44.0,0.43134,0.05936,0.4911,16.57,19.594,2519.34,MARGINAL,synthetic_physics
2382.1,31.4375,0.6469,0.3512,34.852,0.47159,0.08143,0.4422,113.41,31.738,1658.58,GOOD,synthetic_physics
2294.3,30.375,0.7202,0.30707,33.358,0.63807,0.13184,0.6014,98.54,30.345,1790.72,REJECT,synthetic_physics
2418.4,36.875,0.6313,0.25317,33.568,0.49671,0.06925,0.4076,148.72,36.858,1344.7,MARGINAL,synthetic_physics
2163.7,32.125,0.9778,0.38802,40.276,0.65939,0.12863,0.6355,38.79,31.807,2321.9,REJECT,synthetic_physics
2499.8,30.5,0.77,0.38299,40.057,0.43312,0.04742,0.3572,94.68,30.468,1825.04,MARGINAL,synthetic_physics
2370.8,32.75,0.5619,0.32774,31.759,0.44721,0.07244,0.4086,141.33,32.803,1410.36,MARGINAL,synthetic_physics
2250.0,45.5,0.5095,0.22961,32.576,0.62182,0.11795,0.5894,172.64,45.506,1132.1,REJECT,synthetic_physics
2314.4,28.3125,1.0525,0.4698,39.428,0.6232,0.11044,0.5682,15.59,27.988,2528.08,REJECT,synthetic_physics
2431.3,29.4375,0.734,0.38918,38.96,0.43018,0.05632,0.4272,87.21,29.113,1891.47,GOOD,synthetic_physics
2466.7,25.625,0.7947,0.42703,38.225,0.46576,0.07023,0.4566,61.03,25.506,2124.18,GOOD,synthetic_physics
2226.6,29.4375,1.0378,0.46503,40.326,0.58621,0.12294,0.6269,14.19,29.382,2540.56,REJECT,synthetic_physics
2416.8,37.5,0.8294,0.41828,44.0,0.36904,0.04326,0.3636,66.58,37.526,2074.82,MARGINAL,synthetic_physics
2316.8,23.5625,0.9762,0.38011,33.184,0.50471,0.09732,0.517,50.7,23.379,2216.01,MARGINAL,synthetic_physics
2478.0,31.0,0.8167,0.39596,38.465,0.49016,0.08093,0.4208,77.15,30.895,1980.89,GOOD,synthetic_physics
2373.3,23.125,0.831,0.45961,41.926,0.45796,0.0469,0.4058,74.54,22.927,2004.12,GOOD,synthetic_physics
2341.8,37.0625,0.9131,0.48599,44.0,0.57845,0.05911,0.5089,43.31,37.04,2281.72,MARGINAL,synthetic_physics
2269.3,30.5,0.5171,0.19825,26.898,0.76513,0.12684,0.644,169.13,30.209,1163.33,REJECT,synthetic_physics
2316.0,24.625,0.4546,0.25165,28.013,0.65377,0.11414,0.5712,176.78,24.331,1095.33,REJECT,synthetic_physics
2362.8,31.375,0.6644,0.32492,35.597,0.58651,0.12051,0.5487,111.0,31.367,1679.97,MARGINAL,synthetic_physics
2398.2,34.8125,0.7634,0.4708,40.616,0.44992,0.04571,0.4196,76.49,34.978,1986.8,GOOD,synthetic_physics
2423.2,25.3125,0.7087,0.30991,38.664,0.45927,0.06205,0.4377,108.51,25.266,1702.14,GOOD,synthetic_physics
2515.1,19.3125,0.9624,0.41274,39.471,0.39997,0.06427,0.4461,64.86,19.598,2090.13,GOOD,synthetic_physics
2420.8,24.875,0.839,0.31667,39.396,0.43741,0.04536,0.4139,89.14,24.976,1874.29,GOOD,synthetic_physics
2443.4,34.75,0.6958,0.41375,40.899,0.35265,0.0384,0.3578,100.74,34.878,1771.21,MARGINAL,synthetic_physics
2347.5,27.8125,0.4318,0.19869,30.005,0.70201,0.12731,0.5919,200.56,27.797,883.92,REJECT,synthetic_physics
2416.0,25.8125,0.6168,0.33231,29.913,0.47365,0.06822,0.4205,123.34,26.146,1570.27,GOOD,synthetic_physics
2351.5,28.5625,0.647,0.23784,35.064,0.5477,0.07874,0.4773,121.81,28.597,1583.93,GOOD,synthetic_physics
2237.1,33.3125,0.4083,0.20345,29.279,0.6422,0.12489,0.585,181.58,33.374,1052.65,REJECT,synthetic_physics
2307.2,38.75,0.7783,0.35224,35.126,0.48984,0.06397,0.4531,92.51,38.654,1844.32,MARGINAL,synthetic_physics
2353.9,19.625,0.325,0.22273,32.286,0.54156,0.08055,0.4556,217.46,19.402,733.7,REJECT,synthetic_physics
2436.9,23.0,0.6944,0.31849,34.518,0.56904,0.09658,0.4539,117.98,22.88,1617.95,GOOD,synthetic_physics
2373.3,16.0,0.6558,0.24409,33.135,0.50357,0.08335,0.4489,111.58,15.915,1674.88,GOOD,synthetic_physics
2233.0,23.375,0.9072,0.36788,36.078,0.64614,0.12044,0.6457,45.97,23.184,2258.04,REJECT,synthetic_physics
2291.1,39.0,1.0534,0.48203,44.0,0.39252,0.07807,0.4753,19.55,38.955,2492.87,MARGINAL,synthetic_physics
2348.3,15.3125,0.7163,0.42919,35.655,0.50116,0.09386,0.5195,71.31,15.102,2032.76,MARGINAL,synthetic_physics
2486.9,32.75,0.8194,0.46589,44.0,0.36239,0.05742,0.354,63.22,32.855,2104.67,MARGINAL,synthetic_physics
2341.8,30.8125,0.7306,0.35176,32.596,0.56133,0.07989,0.4836,99.07,30.815,1786.06,GOOD,synthetic_physics
2433.7,31.375,0.7572,0.40287,35.513,0.45478,0.07787,0.4168,88.07,31.482,1883.86,GOOD,synthetic_physics
2364.4,34.75,0.8443,0.36635,36.767,0.52657,0.08399,0.491,68.12,34.888,2061.15,GOOD,synthetic_physics
2306.4,23.625,0.5765,0.2541,36.122,0.63426,0.10552,0.5536,129.62,23.847,1514.52,REJECT,synthetic_physics
2420.8,33.125,0.6995,0.36248,36.204,0.36908,0.05909,0.4193,84.74,33.157,1913.42,GOOD,synthetic_physics
2196.8,47.0625,0.4429,0.18767,29.084,0.70232,0.09975,0.527,182.17,47.291,1047.34,REJECT,synthetic_physics
2543.3,25.1875,0.5577,0.3054,34.802,0.49373,0.05279,0.3011,144.8,25.218,1379.6,REJECT,synthetic_physics
2372.5,26.4375,0.7763,0.32883,36.331,0.43504,0.06745,0.4535,104.05,26.527,1741.73,GOOD,synthetic_physics
2419.2,32.875,0.5987,0.30482,32.796,0.51893,0.10448,0.4617,133.63,32.853,1478.81,MARGINAL,synthetic_physics
2470.0,20.875,0.8895,0.41304,44.0,0.38462,0.0735,0.4731,54.11,20.756,2185.72,GOOD,synthetic_physics
2362.0,22.6875,0.7581,0.37978,40.356,0.48555,0.07491,0.4342,86.88,22.648,1894.41,GOOD,synthetic_physics
2317.7,32.625,0.5223,0.28014,31.025,0.50488,0.11108,0.5391,167.34,32.926,1179.22,REJECT,synthetic_physics
2451.4,34.6875,0.5295,0.29213,39.341,0.41679,0.06471,0.4125,150.34,34.617,1330.29,REJECT,synthetic_physics
2524.8,32.9375,0.3231,0.25854,35.439,0.511,0.06178,0.3634,208.34,32.772,814.76,REJECT,synthetic_physics
2320.1,25.5,1.2853,0.47524,44.0,0.44244,0.08237,0.4627,11.48,25.704,2564.61,MARGINAL,synthetic_physics
2219.3,33.375,0.5563,0.18092,27.712,0.74618,0.13109,0.6474,153.58,33.348,1301.49,REJECT,synthetic_physics
2454.7,30.6875,0.8675,0.42148,37.159,0.4163,0.06076,0.4218,72.15,30.934,2025.36,GOOD,synthetic_physics
2366.0,31.0,0.5945,0.28427,34.788,0.4663,0.09209,0.4732,107.35,31.059,1712.42,GOOD,synthetic_physics
2575.5,22.6875,0.8847,0.46795,40.414,0.40688,0.02863,0.3106,48.52,22.831,2235.35,REJECT,synthetic_physics
2537.7,30.375,0.6742,0.38142,36.771,0.52753,0.06446,0.3032,125.28,30.307,1553.06,REJECT,synthetic_physics
2480.4,26.5,0.598,0.33755,35.512,0.48125,0.08139,0.4585,128.04,26.207,1528.53,MARGINAL,synthetic_physics
2286.2,33.4375,0.6638,0.29025,34.9,0.54197,0.10765,0.541,99.61,33.142,1781.28,MARGINAL,synthetic_physics
2535.2,21.75,0.8216,0.35207,39.198,0.4434,0.06259,0.3697,79.6,21.564,1959.15,MARGINAL,synthetic_physics
2451.4,33.5,0.6648,0.33081,39.391,0.48456,0.04164,0.4396,90.98,33.607,1857.93,GOOD,synthetic_physics
2345.9,33.3125,0.653,0.24754,34.279,0.59154,0.08395,0.4896,125.38,33.195,1552.18,MARGINAL,synthetic_physics
2543.3,29.5,0.9321,0.49724,35.538,0.4969,0.06662,0.4498,42.62,29.332,2287.85,MARGINAL,synthetic_physics
2548.9,23.3125,0.2953,0.31754,30.385,0.55088,0.05492,0.3155,205.56,23.214,839.43,REJECT,synthetic_physics
2365.2,35.125,0.6226,0.33513,33.582,0.47571,0.09155,0.4741,110.37,35.245,1685.59,MARGINAL,synthetic_physics
2606.2,23.5,0.5661,0.28541,34.155,0.40015,0.05088,0.3573,152.38,23.154,1312.14,REJECT,synthetic_physics
2210.5,28.4375,1.067,0.40087,40.762,0.60985,0.11674,0.6152,22.39,28.104,2467.67,REJECT,synthetic_physics
2465.1,21.125,0.6164,0.29593,35.009,0.48492,0.06823,0.4444,111.09,21.325,1679.2,GOOD,synthetic_physics
2431.3,22.5,0.7617,0.36332,37.72,0.60124,0.09649,0.4626,90.48,22.197,1862.41,GOOD,synthetic_physics
2270.9,27.5625,0.8112,0.38603,39.625,0.51658,0.08824,0.5299,62.98,27.457,2106.82,MARGINAL,synthetic_physics
2358.8,28.0,0.7907,0.32173,33.597,0.45622,0.09874,0.4744,87.5,27.88,1888.87,GOOD,synthetic_physics
2426.4,33.0625,0.693,0.3256,33.3,0.49109,0.07206,0.4591,107.96,32.831,1706.99,GOOD,synthetic_physics
2379.7,31.4375,1.1044,0.54906,44.0,0.39454,0.02309,0.3953,11.77,31.145,2562.03,MARGINAL,synthetic_physics
2361.2,32.3125,0.7195,0.33408,36.279,0.53986,0.09454,0.4923,97.6,32.427,1799.13,GOOD,synthetic_physics
2389.4,23.125,0.6579,0.3263,32.708,0.50255,0.09693,0.4503,130.92,22.588,1502.95,MARGINAL,synthetic_physics
2501.4,29.875,1.0409,0.54534,40.762,0.40835,0.03609,0.4082,14.2,29.99,2540.44,MARGINAL,synthetic_physics
2407.1,19.5625,0.6462,0.27977,33.024,0.44553,0.07836,0.4457,120.98,19.207,1591.26,GOOD,synthetic_physics
2216.1,34.1875,0.2846,0.15651,27.965,0.65622,0.10723,0.595,213.64,34.031,767.67,REJECT,synthetic_physics
2496.6,25.25,0.7299,0.34812,34.536,0.46759,0.06417,0.4059,100.71,25.271,1771.46,GOOD,synthetic_physics
2322.5,31.9375,0.5571,0.16505,30.791,0.56652,0.09001,0.5407,140.89,31.773,1414.27,MARGINAL,synthetic_physics
2411.1,26.1875,0.7646,0.33501,38.679,0.46646,0.05555,0.4104,94.37,26.163,1827.81,GOOD,synthetic_physics
2488.5,26.9375,0.3084,0.24282,35.279,0.47857,0.06296,0.3725,203.66,26.884,856.36,REJECT,synthetic_physics
2293.5,39.5,0.8492,0.38127,34.355,0.61012,0.11929,0.5637,59.81,39.555,2134.99,REJECT,synthetic_physics
2370.0,16.75,0.5825,0.24925,30.902,0.56031,0.11466,0.486,121.89,16.766,1583.23,GOOD,synthetic_physics
2331.4,33.375,0.5322,0.22295,31.735,0.48092,0.10246,0.4728,162.14,33.599,1225.44,REJECT,synthetic_physics
2483.7,26.875,0.906,0.4343,43.042,0.2849,0.04302,0.3363,57.77,26.927,2153.12,REJECT,synthetic_physics
2232.2,48.125,0.5335,0.18654,30.626,0.56703,0.10892,0.5363,157.24,48.0,1268.95,REJECT,synthetic_physics
2570.7,19.75,0.8596,0.41563,40.512,0.32646,0.0316,0.3083,83.64,20.137,1923.19,REJECT,synthetic_physics
2433.7,33.25,0.634,0.34256,34.568,0.44535,0.07531,0.4416,101.42,33.235,1765.18,GOOD,synthetic_physics
2424.8,24.9375,0.3551,0.31858,34.013,0.46448,0.06561,0.3747,187.73,24.905,997.95,REJECT,synthetic_physics
2427.3,28.9375,0.9828,0.53685,44.0,0.27808,0.05025,0.3866,33.29,29.238,2370.77,MARGINAL,synthetic_physics
2442.6,23.75,0.4964,0.25093,33.538,0.51886,0.06273,0.4266,160.5,23.771,1239.99,REJECT,synthetic_physics
2483.7,31.625,1.032,0.55043,44.0,0.38855,0.04975,0.4186,21.54,31.55,2475.16,MARGINAL,synthetic_physics
2383.7,28.125,0.3515,0.26759,29.579,0.57051,0.08612,0.4172,193.43,27.696,947.26,REJECT,synthetic_physics
2313.6,28.125,0.6297,0.20775,27.872,0.63729,0.10015,0.5899,143.3,28.284,1392.91,REJECT,synthetic_physics
2394.2,24.1875,0.6035,0.24327,36.382,0.51675,0.0807,0.4891,126.67,24.098,1540.73,MARGINAL,synthetic_physics
2488.5,29.75,0.9212,0.44456,44.0,0.37274,0.06778,0.3204,54.34,29.839,2183.63,REJECT,synthetic_physics
2240.3,31.5,0.5783,0.22802,35.094,0.70261,0.09805,0.6415,125.43,31.336,1551.75,REJECT,synthetic_physics
2345.9,37.25,0.6395,0.20204,30.416,0.52167,0.07321,0.4859,150.74,37.62,1326.76,REJECT,synthetic_physics
2347.5,20.625,0.3561,0.1653,29.462,0.68649,0.1084,0.5745,204.77,20.765,846.44,REJECT,synthetic_physics
2319.3,31.875,0.9134,0.48267,42.532,0.52772,0.06065,0.4579,50.07,32.303,2221.61,GOOD,synthetic_physics
2349.1,25.875,0.7328,0.40035,37.484,0.51478,0.06735,0.4928,67.56,26.228,2066.09,GOOD,synthetic_physics
2421.6,34.0,0.3207,0.22573,34.02,0.51008,0.0716,0.4112,209.84,33.928,801.39,REJECT,synthetic_physics
2590.0,24.75,0.5191,0.28051,32.434,0.49458,0.0672,0.3146,158.82,24.766,1254.89,REJECT,synthetic_physics
2293.5,27.0,0.4731,0.17571,33.094,0.72911,0.10275,0.5526,183.16,26.538,1038.54,REJECT,synthetic_physics
2412.7,40.4375,1.0559,0.5661,44.0,0.3428,0.03789,0.3829,16.9,40.198,2516.45,REJECT,synthetic_physics
2305.6,43.875,0.299,0.16247,31.65,0.64586,0.11062,0.5396,217.08,43.805,737.05,REJECT,synthetic_physics
2457.1,23.5,0.8661,0.43429,43.727,0.38443,0.06316,0.4024,48.25,23.549,2237.76,MARGINAL,synthetic_physics
2492.5,39.5625,0.957,0.51417,44.0,0.34572,0.0598,0.3448,39.31,39.816,2317.27,REJECT,synthetic_physics
2346.7,27.0625,0.5159,0.25862,32.588,0.5467,0.07037,0.4384,180.31,27.45,1063.9,REJECT,synthetic_physics
2441.0,30.4375,0.9399,0.49162,41.889,0.36756,0.04253,0.4071,27.41,30.544,2423.05,MARGINAL,synthetic_physics
2456.3,30.5625,0.6327,0.37243,35.178,0.45803,0.0755,0.4182,108.96,30.535,1698.12,GOOD,synthetic_physics
2278.2,27.8125,0.5652,0.24597,33.752,0.56717,0.08668,0.4883,135.41,27.657,1463.0,MARGINAL,synthetic_physics
2383.7,30.0625,0.605,0.27205,32.921,0.49721,0.05379,0.4046,138.0,29.819,1440.0,MARGINAL,synthetic_physics
2260.4,31.875,0.9141,0.39343,40.399,0.5626,0.09523,0.5365,36.78,31.603,2339.76,MARGINAL,synthetic_physics
2467.5,30.6875,0.784,0.37313,38.388,0.49282,0.09895,0.4499,84.43,30.845,1916.15,GOOD,synthetic_physics
2358.8,27.8125,0.535,0.20204,31.709,0.73332,0.09681,0.5122,153.27,28.115,1304.28,REJECT,synthetic_physics
2387.8,33.0625,0.6625,0.29154,37.428,0.42127,0.07669,0.4259,121.74,33.031,1584.52,GOOD,synthetic_physics
2338.6,24.9375,0.3279,0.23541,28.429,0.62421,0.09776,0.5411,217.28,25.394,735.25,REJECT,synthetic_physics
2358.8,24.0,0.6711,0.29778,32.821,0.61164,0.09363,0.5057,110.61,23.965,1683.48,MARGINAL,synthetic_physics
2378.9,22.8125,0.6799,0.37297,37.03,0.52589,0.07741,0.4454,105.21,22.341,1731.48,GOOD,synthetic_physics
2409.5,31.4375,0.9103,0.48271,39.05,0.49718,0.05313,0.4565,54.07,31.42,2186.01,GOOD,synthetic_physics
2404.7,21.3125,0.7948,0.48729,37.066,0.44061,0.07208,0.4204,59.89,21.606,2134.34,GOOD,synthetic_physics
2426.4,31.125,0.7492,0.39754,40.009,0.47298,0.07664,0.4144,68.78,30.96,2055.31,GOOD,synthetic_physics
2454.7,25.4375,0.9634,0.4973,44.0,0.29565,0.06144,0.3707,21.2,25.113,2478.24,MARGINAL,synthetic_physics
2373.3,27.125,0.5235,0.27905,33.492,0.45794,0.06088,0.3986,152.53,26.839,1310.86,REJECT,synthetic_physics
2257.2,33.0625,0.7662,0.42287,37.712,0.43046,0.07788,0.468,63.63,32.937,2101.04,GOOD,synthetic_physics
2420.8,29.25,0.9866,0.51881,42.777,0.45447,0.05244,0.4447,31.97,29.734,2382.51,MARGINAL,synthetic_physics
2489.3,26.125,0.7443,0.38427,39.098,0.4313,0.05071,0.4155,86.8,26.174,1895.15,GOOD,synthetic_physics
2289.5,32.5625,0.646,0.28956,34.167,0.4918,0.07798,0.4905,122.21,32.742,1580.33,GOOD,synthetic_physics
2234.7,28.25,0.3635,0.14305,28.719,0.68835,0.15417,0.6349,194.28,28.408,939.74,REJECT,synthetic_physics
2299.1,36.8125,0.9529,0.45246,40.142,0.52456,0.11457,0.5488,31.97,36.805,2382.51,MARGINAL,synthetic_physics
2537.7,21.25,0.5947,0.24395,32.345,0.45186,0.04869,0.3626,146.3,21.322,1366.25,MARGINAL,synthetic_physics
2393.4,27.5,0.7614,0.35602,40.318,0.52602,0.07935,0.4876,78.44,27.54,1969.45,GOOD,synthetic_physics
2355.5,35.9375,0.6345,0.27335,37.033,0.39333,0.05097,0.325,128.07,36.283,1528.26,REJECT,synthetic_physics
2349.1,29.375,0.5415,0.24421,31.531,0.67301,0.07918,0.4906,142.92,29.314,1396.3,MARGINAL,synthetic_physics
2332.2,34.0,0.8458,0.45187,42.046,0.45193,0.06007,0.462,58.63,34.151,2145.47,GOOD,synthetic_physics
2525.6,30.25,1.2943,0.40646,41.061,0.32684,0.06497,0.3684,84.66,30.438,1914.1,MARGINAL,synthetic_physics
2460.3,26.5625,0.6671,0.32882,31.632,0.45947,0.08427,0.4615,103.09,27.025,1750.34,GOOD,synthetic_physics
2461.1,35.8125,0.7561,0.3698,41.713,0.35316,0.00722,0.3207,85.84,35.162,1903.62,REJECT,synthetic_physics
2257.2,36.1875,0.5072,0.19973,28.172,0.71122,0.11686,0.5812,152.97,36.485,1306.91,REJECT,synthetic_physics
2370.8,29.125,0.5271,0.24673,34.402,0.60916,0.09267,0.5003,144.42,29.152,1382.91,MARGINAL,synthetic_physics
2215.3,31.75,0.9498,0.42397,41.493,0.67003,0.09031,0.6181,27.2,31.881,2424.88,REJECT,synthetic_physics
2358.8,25.125,0.8023,0.44832,39.221,0.48373,0.09688,0.4879,57.11,24.8,2159.06,GOOD,synthetic_physics
2441.0,24.875,0.6826,0.2646,33.438,0.5307,0.0896,0.4465,103.82,24.843,1743.85,GOOD,synthetic_physics
2328.1,24.3125,0.7905,0.402,43.628,0.51983,0.09519,0.489,68.51,24.546,2057.66,GOOD,synthetic_physics
2271.7,33.5,0.3891,0.08838,29.413,0.67686,0.10209,0.5788,198.5,33.353,902.22,REJECT,synthetic_physics
2223.4,29.375,1.0116,0.43524,35.533,0.50983,0.12361,0.5999,36.63,29.44,2341.08,REJECT,synthetic_physics
2281.4,38.125,0.6383,0.24667,29.926,0.48343,0.10668,0.5349,118.07,38.045,1617.19,MARGINAL,synthetic_physics
2234.7,25.875,0.6135,0.18982,28.607,0.71618,0.14696,0.6297,138.68,26.025,1433.94,REJECT,synthetic_physics
2406.3,39.75,0.6835,0.27272,34.11,0.52024,0.05177,0.4405,114.53,39.45,1648.65,MARGINAL,synthetic_physics
2233.0,34.5,1.0168,0.47,41.406,0.61398,0.12296,0.5948,22.7,34.53,2464.93,REJECT,synthetic_physics
2297.5,33.0,0.7368,0.18597,33.229,0.58312,0.14605,0.6192,113.4,32.769,1658.63,REJECT,synthetic_physics
2344.2,24.5625,0.7664,0.29626,41.017,0.56376,0.08716,0.4911,81.5,24.765,1942.22,GOOD,synthetic_physics
2393.4,31.0625,0.6865,0.32832,36.951,0.4878,0.06416,0.4182,98.06,31.177,1794.99,GOOD,synthetic_physics
2381.3,35.375,0.9422,0.4195,42.012,0.51473,0.09791,0.5393,24.66,35.295,2447.43,MARGINAL,synthetic_physics
2445.8,28.5,0.9546,0.45362,44.0,0.48682,0.05731,0.4472,51.28,28.166,2210.8,GOOD,synthetic_physics
2312.8,25.875,0.6144,0.27411,33.228,0.63035,0.1269,0.6495,117.08,26.096,1625.97,REJECT,synthetic_physics
2231.4,26.875,1.0523,0.41904,41.969,0.65444,0.10112,0.5843,13.16,26.65,2549.73,REJECT,synthetic_physics
2331.4,28.0625,0.6541,0.23262,37.14,0.56826,0.09744,0.5052,119.92,28.302,1600.67,MARGINAL,synthetic_physics
2200.8,26.8125,0.6332,0.20716,30.845,0.71929,0.13461,0.6268,136.89,26.869,1449.9,REJECT,synthetic_physics
2331.4,21.0,0.5022,0.17586,31.112,0.60128,0.09708,0.5483,162.29,21.085,1224.06,REJECT,synthetic_physics
2411.9,19.875,0.815,0.50166,43.577,0.43283,0.03901,0.3781,46.13,20.095,2256.66,MARGINAL,synthetic_physics
2416.8,33.25,0.7069,0.31462,38.842,0.46368,0.06149,0.4235,102.67,33.221,1754.03,GOOD,synthetic_physics
2345.1,33.75,0.7865,0.4518,36.251,0.45524,0.07997,0.4596,68.48,33.825,2057.99,GOOD,synthetic_physics
2458.7,38.25,0.3264,0.30192,32.738,0.44463,0.06041,0.3789,195.65,38.175,927.54,REJECT,synthetic_physics
2436.1,36.3125,0.285,0.31123,30.525,0.48172,0.04861,0.3349,210.66,36.624,794.17,REJECT,synthetic_physics
2321.7,32.625,0.6296,0.19321,34.714,0.40908,0.06818,0.4493,128.23,32.637,1526.84,MARGINAL,synthetic_physics
2324.9,22.125,0.3504,0.21169,30.417,0.68911,0.11537,0.5973,210.82,22.023,792.76,REJECT,synthetic_physics
2291.9,22.3125,1.037,0.41023,40.76,0.49077,0.13295,0.5619,34.59,22.029,2359.19,REJECT,synthetic_physics
2339.4,31.0625,0.7797,0.37468,38.624,0.53485,0.07327,0.4567,90.7,31.056,1860.43,GOOD,synthetic_physics
2515.1,32.625,0.7303,0.42655,40.657,0.42011,0.05083,0.3103,99.48,32.738,1782.36,REJECT,synthetic_physics
2312.8,22.75,0.7594,0.35193,41.86,0.54997,0.08499,0.4864,96.73,22.626,1806.84,GOOD,synthetic_physics
2360.4,27.1875,0.8601,0.4202,38.267,0.49481,0.0555,0.459,64.96,27.462,2089.27,GOOD,synthetic_physics
2370.0,30.0625,0.92,0.48406,44.0,0.43035,0.06816,0.4501,24.15,29.88,2452.04,MARGINAL,synthetic_physics
2313.6,30.3125,0.7973,0.3841,33.827,0.53409,0.09408,0.5173,69.83,30.404,2045.98,MARGINAL,synthetic_physics
2368.4,33.75,1.0265,0.42705,44.0,0.44504,0.06034,0.4627,25.97,33.517,2435.78,MARGINAL,synthetic_physics
2402.3,32.25,0.7207,0.36665,29.474,0.42766,0.06705,0.4519,114.05,32.139,1652.84,GOOD,synthetic_physics
2550.5,34.875,0.6148,0.33949,36.601,0.40465,0.02754,0.333,146.06,34.698,1368.4,REJECT,synthetic_physics
2424.8,34.5,0.7121,0.41802,39.217,0.4471,0.06762,0.4288,90.21,33.931,1864.77,GOOD,synthetic_physics
2370.0,32.875,0.756,0.3308,36.133,0.50362,0.06833,0.4321,103.45,32.681,1747.08,GOOD,synthetic_physics
2295.9,26.5625,0.9168,0.44771,37.424,0.58456,0.09911,0.5402,37.33,26.169,2334.85,MARGINAL,synthetic_physics
2410.3,26.3125,1.036,0.54137,44.0,0.35177,0.05348,0.3871,19.08,26.646,2497.1,MARGINAL,synthetic_physics
2341.8,28.8125,0.3182,0.18313,28.794,0.60917,0.12632,0.5838,204.85,28.869,845.76,REJECT,synthetic_physics
2550.5,26.875,0.6775,0.34086,40.4,0.32649,0.05833,0.309,119.6,26.953,1603.54,REJECT,synthetic_physics
2389.4,30.9375,0.6934,0.29177,35.629,0.49544,0.07515,0.4467,105.6,30.965,1727.99,GOOD,synthetic_physics
2411.1,34.9375,0.6517,0.21951,29.556,0.54987,0.1121,0.5115,124.81,35.048,1557.23,MARGINAL,synthetic_physics
2541.7,29.125,0.7539,0.37829,39.541,0.28136,0.04991,0.3311,100.99,28.851,1768.98,REJECT,synthetic_physics
2464.3,19.5625,0.9019,0.4064,44.0,0.31219,0.05212,0.3572,63.82,20.307,2099.37,MARGINAL,synthetic_physics
2196.8,23.6875,0.9213,0.40509,36.423,0.65889,0.10257,0.544,70.06,23.772,2043.91,MARGINAL,synthetic_physics
2418.4,26.8125,0.5754,0.26795,35.361,0.4509,0.05967,0.3964,132.5,26.473,1488.92,MARGINAL,synthetic_physics
2409.5,22.125,0.7374,0.35639,39.973,0.52403,0.07835,0.4333,102.63,22.237,1754.4,GOOD,synthetic_physics
2391.0,24.0,1.1497,0.5404,40.729,0.55407,0.08866,0.5689,10.69,24.071,2571.65,REJECT,synthetic_physics
2501.4,27.4375,0.7331,0.30215,38.546,0.49017,0.05108,0.4099,110.16,27.987,1687.44,GOOD,synthetic_physics
2446.6,27.6875,0.7154,0.33546,32.954,0.50107,0.07253,0.3795,110.18,27.492,1687.26,MARGINAL,synthetic_physics
2175.8,38.4375,0.6088,0.22943,28.366,0.61939,0.10629,0.5553,153.08,38.06,1305.93,REJECT,synthetic_physics
2324.9,31.9375,1.0244,0.48703,41.155,0.46644,0.07364,0.5122,25.34,31.994,2441.41,MARGINAL,synthetic_physics
2382.9,35.125,0.4333,0.19764,27.244,0.57821,0.10443,0.5733,171.71,35.628,1140.38,REJECT,synthetic_physics
2424.0,29.0625,0.9842,0.46421,44.0,0.34111,0.07193,0.4186,35.86,29.303,2347.88,MARGINAL,synthetic_physics
2395.0,30.0,0.9016,0.46266,41.319,0.4166,0.06683,0.4234,50.8,30.105,2215.09,GOOD,synthetic_physics
2388.6,28.875,1.0315,0.51181,43.123,0.41604,0.04117,0.4321,18.05,28.651,2506.21,MARGINAL,synthetic_physics
2376.5,33.6875,0.6293,0.31591,33.321,0.5791,0.0999,0.4972,124.15,33.615,1563.14,GOOD,synthetic_physics
2334.6,29.375,0.3963,0.2596,33.072,0.57005,0.07974,0.5168,206.33,29.596,832.65,REJECT,synthetic_physics
2383.7,30.0,0.8931,0.45078,39.726,0.51171,0.06582,0.4508,41.85,30.131,2294.69,MARGINAL,synthetic_physics
2436.9,33.5,0.973,0.57123,44.0,0.41922,0.07502,0.3942,19.07,33.795,2497.13,MARGINAL,synthetic_physics
2366.8,23.875,0.7105,0.34072,36.549,0.53977,0.07274,0.4476,114.4,23.759,1649.77,GOOD,synthetic_physics
2498.2,32.125,0.7461,0.37422,39.442,0.43543,0.07412,0.4064,76.9,31.893,1983.14,GOOD,synthetic_physics
2411.1,24.8125,0.6556,0.34945,36.962,0.44613,0.06612,0.4303,108.78,24.351,1699.77,GOOD,synthetic_physics
2373.3,31.4375,0.39,0.23375,32.326,0.46041,0.09798,0.4125,193.33,31.2,948.17,REJECT,synthetic_physics
2255.6,33.5,0.4248,0.22726,30.552,0.55854,0.08939,0.4974,188.28,33.332,993.07,REJECT,synthetic_physics
2484.5,32.8125,0.7912,0.39038,39.615,0.41128,0.05662,0.394,79.48,32.747,1960.14,MARGINAL,synthetic_physics
2568.3,25.625,0.9156,0.57701,41.901,0.33418,0.0331,0.32,32.59,25.457,2377.0,REJECT,synthetic_physics
2438.5,37.3125,0.5768,0.31274,33.995,0.42468,0.03826,0.3591,140.24,37.484,1420.1,MARGINAL,synthetic_physics
2204.0,36.4375,0.2569,0.21072,26.708,0.64734,0.11499,0.5589,219.85,36.797,712.47,REJECT,synthetic_physics
2345.9,39.5625,0.5839,0.24146,34.927,0.6368,0.11758,0.5384,127.88,39.471,1529.97,MARGINAL,synthetic_physics
2326.5,31.5625,0.7769,0.36057,38.157,0.59446,0.08467,0.4949,100.32,31.987,1774.94,GOOD,synthetic_physics
2254.8,27.1875,0.9395,0.47406,41.886,0.41909,0.07578,0.5172,22.82,27.674,2463.8,MARGINAL,synthetic_physics
2428.9,28.8125,0.7179,0.30227,34.171,0.47486,0.07431,0.4326,102.52,28.812,1755.36,GOOD,synthetic_physics
2378.1,27.75,0.8829,0.38578,34.932,0.49199,0.07677,0.5291,54.65,27.467,2180.86,MARGINAL,synthetic_physics
2180.7,38.75,0.6789,0.32093,33.255,0.66234,0.12657,0.6351,104.64,38.406,1736.57,REJECT,synthetic_physics
2460.3,31.0,0.659,0.35199,33.68,0.44895,0.08183,0.4556,113.27,30.781,1659.79,GOOD,synthetic_physics
2415.2,27.875,0.9492,0.48122,44.0,0.31064,0.0584,0.3986,44.51,27.853,2270.99,MARGINAL,synthetic_physics
2392.6,29.375,0.8708,0.42655,40.554,0.4269,0.05007,0.4421,59.24,29.329,2140.07,GOOD,synthetic_physics
2503.8,18.375,0.8088,0.38906,37.856,0.49085,0.10582,0.4899,85.49,18.229,1906.76,GOOD,synthetic_physics
2458.7,29.6875,0.7359,0.35539,40.147,0.47328,0.07959,0.4463,81.68,29.238,1940.64,GOOD,synthetic_physics
2497.4,29.8125,0.794,0.3921,41.028,0.45649,0.06186,0.4517,75.77,29.564,1993.11,GOOD,synthetic_physics
2505.4,28.9375,0.8463,0.40799,42.111,0.44414,0.07273,0.4196,52.46,28.687,2200.33,GOOD,synthetic_physics
2407.9,30.8125,0.6851,0.26944,35.841,0.52138,0.08058,0.4436,118.96,30.995,1609.28,GOOD,synthetic_physics
2395.8,27.375,0.6545,0.30341,33.523,0.40363,0.05993,0.4052,105.75,27.431,1726.67,GOOD,synthetic_physics
2376.5,29.3125,0.5973,0.32298,34.596,0.60564,0.09412,0.4973,114.86,29.571,1645.71,GOOD,synthetic_physics
2487.7,29.1875,0.9881,0.50307,43.451,0.31002,0.03975,0.3625,37.72,29.249,2331.34,MARGINAL,synthetic_physics
2463.5,29.6875,0.2933,0.20786,29.684,0.46503,0.08251,0.4406,215.55,29.785,750.66,REJECT,synthetic_physics
2392.6,20.5625,0.4834,0.29193,29.824,0.46733,0.09129,0.4889,153.01,20.461,1306.54,REJECT,synthetic_physics
2299.1,34.3125,0.3555,0.17771,28.622,0.57996,0.14039,0.5245,186.35,34.284,1010.18,REJECT,synthetic_physics
2381.3,31.3125,0.7209,0.33058,32.882,0.42831,0.0921,0.4776,108.72,30.967,1700.23,GOOD,synthetic_physics
2416.0,30.3125,0.8991,0.36718,40.18,0.54842,0.07147,0.4502,68.41,30.625,2058.56,GOOD,synthetic_physics
2267.7,29.875,0.4552,0.15049,32.632,0.63421,0.12257,0.629,197.42,30.012,911.84,REJECT,synthetic_physics
2393.4,22.125,0.7616,0.41807,40.481,0.33377,0.05972,0.3544,94.93,22.498,1822.87,MARGINAL,synthetic_physics
2357.9,24.375,0.8321,0.39281,37.818,0.54324,0.06365,0.4223,79.22,24.572,1962.53,GOOD,synthetic_physics
2427.3,30.5625,0.8382,0.3478,33.855,0.55913,0.05946,0.4369,84.19,30.627,1918.29,GOOD,synthetic_physics
2549.7,30.6875,0.9829,0.53362,44.0,0.36897,0.03749,0.3074,26.07,30.557,2434.91,REJECT,synthetic_physics
2373.3,28.9375,1.0569,0.52799,43.981,0.42528,0.03615,0.3825,25.23,28.793,2442.38,MARGINAL,synthetic_physics
2500.6,25.875,0.8118,0.41203,41.494,0.47048,0.06115,0.4391,66.34,25.529,2077.01,GOOD,synthetic_physics
2462.7,27.0,0.7694,0.36724,36.5,0.46918,0.06656,0.4049,96.21,26.995,1811.48,GOOD,synthetic_physics
2610.2,29.4375,0.3804,0.27408,35.573,0.47543,0.04929,0.339,193.26,29.547,948.81,REJECT,synthetic_physics
2261.2,38.0625,0.8239,0.32752,32.019,0.65738,0.12904,0.6319,81.16,38.329,1945.21,REJECT,synthetic_physics
2333.8,30.875,0.9258,0.38217,40.782,0.47858,0.08278,0.4673,47.91,30.66,2240.83,MARGINAL,synthetic_physics
2318.5,21.4375,0.771,0.29532,35.48,0.44879,0.08104,0.4493,105.99,21.242,1724.54,GOOD,synthetic_physics
2462.7,29.1875,0.4505,0.28313,34.646,0.3998,0.06222,0.3798,184.68,28.97,1025.04,REJECT,synthetic_physics
2316.0,27.375,0.7002,0.23288,30.115,0.6111,0.08753,0.5703,112.76,27.154,1664.33,REJECT,synthetic_physics
2247.5,33.3125,0.4007,0.15292,29.961,0.69626,0.13514,0.6377,200.29,33.217,886.29,REJECT,synthetic_physics
2351.5,27.5625,0.2649,0.20258,30.548,0.61083,0.11395,0.5364,218.19,27.419,727.16,REJECT,synthetic_physics
2314.4,33.0625,0.8787,0.48163,39.428,0.51508,0.09954,0.4472,45.12,32.975,2265.62,MARGINAL,synthetic_physics
2430.5,28.5,0.6925,0.38343,37.531,0.45963,0.06219,0.3761,106.54,28.579,1719.67,MARGINAL,synthetic_physics
2354.7,31.625,0.5238,0.29514,33.304,0.56689,0.07639,0.4519,137.86,32.093,1441.29,MARGINAL,synthetic_physics
2420.0,30.0625,0.7568,0.35245,40.376,0.40121,0.05198,0.4316,94.67,29.847,1825.16,GOOD,synthetic_physics
2402.3,27.3125,0.7068,0.31275,37.361,0.43962,0.04998,0.4102,113.17,27.208,1660.73,GOOD,synthetic_physics
2432.9,36.3125,0.7254,0.30187,31.139,0.42458,0.05292,0.3724,106.66,36.257,1718.58,MARGINAL,synthetic_physics
2456.3,31.875,0.9583,0.55579,41.748,0.28221,0.04445,0.3561,38.58,31.441,2323.77,MARGINAL,synthetic_physics
